71177859810
74247354231
74822420039
74822420281
74822420324
74822420383
74822420428
74822420451
74822420521
74822420537
74822420727
74822420863
74822420887
74822420908
74822421149
74822421181
74822421466
74822421491
74822421523
74822421718
74822421766
74822422019
74822422020
74822422044
74822422063
74822422116
74822422126
74822422131
74822422183
74822422185
74822422202
74822422217
74822422310
74822422382
74822422457
74822422465
74822422467
74822422519
74822422557
74822422611
74822422671
74822422684
74822422740
74822422750
74822422769
74822422930
74822423000
74822423132
74822423313
74822423466
74822423593
74822423628
74822423888
74822424110
74822424248
74822424305
74822424320
74822424479
74822424598
74822424721
74822424818
74822424979
74822424994
74822425048
74822425081
74822425094
74822425154
74822425290
74822425336
74822425457
74822425494
74822425531
74822425600
74822425648
74822426033
74822426055
74822426119
74822426131
74822426146
74822426362
74822426415
74822426645
74822427000
74822427063
74822427203
74822427217
74822427279
74822427319
74822427396
74822427504
74822427519
74822427535
74822427594
74822427627
74822427663
74822427765
74822427871
74822427973
74822429056
74822429200
74822429259
74822429358
74822429454
74822429458
74822429590
74822429605
74822429620
74822429634
74822429646
74822429672
74822429685
74822429691
74822430005
74822430015
74822430177
74822430211
74822430333
74822430344
74822430433
74822430470
74822430522
74822430553
74822430751
74822430950
74822431333
74822431444
74822431483
74822431881
74822431947
74822432261
74822432281
74822432340
74822432508
74822432670
74822432766
74822432788
74822433006
74822433030
74822433083
74822433093
74822433102
74822433133
74822433146
74822433211
74822433300
74822433322
74822433339
74822433382
74822433441
74822433453
74822433540
74822433614
74822433713
74822433772
74822433928
74822434088
74822434546
74822434638
74822434680
74822434704
74822434711
74822434752
74822434771
74822434815
74822434836
74822434841
74822434919
74822434921
74822440575
74822443072
74822443096
74822443234
74822443276
74822443311
74822443321
74822443444
74822443623
74822443708
74822443820
74822444016
74822444021
74822444023
74822444029
74822444079
74822444113
74822444155
74822444169
74822444178
74822444331
74822444394
74822444397
74822444420
74822444454
74822444458
74822444460
74822444487
74822444580
74822444729
74822444760
74822445018
74822445203
74822445319
74822445402
74822445451
74822445504
74822445560
74822445615
74822445654
74822445665
74822445708
74822445885
74822446010
74822446037
74822446058
74822446171
74822446197
74822446228
74822446256
74822446260
74822446262
74822446267
74822446305
74822446445
74822446452
74822446457
74822446487
74822446493
74822446512
74822446653
74822446726
74822446903
74822446951
74822448050
74822448151
74822448271
74822448327
74822448362
74822448400
74822448436
74822448481
74822448600
74822448604
74822448741
74822448809
74822449003
74822449161
74822449315
74822449327
74822449384
74822449390
74822449500
74822449600
74822449617
74822449654
74822449667
74822449791
74822449989
74822450005
74822450025
74822450115
74822450180
74822450329
74822450748
74822450988
74822451311
74822451394
74822451431
74822451463
74822451501
74822451811
74822451846
74822451855
74822451919
74822451978
74822451991
74822452004
74822452061
74822452072
74822452122
74822452180
74822452192
74822452206
74822452215
74822452220
74822452270
74822452275
74822452290
74822452361
74822452402
74822452412
74822452436
74822452438
74822452486
74822452492
74822452497
74822452514
74822452523
74822452528
74822452546
74822452550
74822452642
74822452697
74822452715
74822452721
74822452729
74822452735
74822452751
74822452780
74822452787
74822452795
74822452810
74822452855
74822452869
74822452875
74822452878
74822452888
74822452980
74822453509
74822453513
74822453534
74822453543
74822453555
74822453569
74822453584
74822453591
74822453595
74822453599
74822453618
74822453644
74822453710
74822453716
74822453761
74822453780
74822453799
74822453900
74822453924
74822453951
74822453957
74822453988
74822454010
74822454545
74822456377
74822456645
74822457052
74822457092
74822457103
74822457127
74822457132
74822457145
74822457147
74822457149
74822457166
74822457179
74822458009
74822458027
74822458032
74822500055
74822500061
74822500100
74822500182
74822500232
74822500291
74822500303
74822500350
74822500370
74822500442
74822500484
74822500501
74822500509
74822500530
74822500606
74822500611
74822500661
74822500674
74822500700
74822500730
74822500757
74822500867
74822500896
74822500963
74822501015
74822501033
74822501065
74822501066
74822501124
74822501248
74822501266
74822501495
74822501505
74822501529
74822501530
74822501572
74822501601
74822501734
74822501809
74822501946
74822502010
74822502020
74822502220
74822502327
74822502450
74822502453
74822502491
74822502756
74822502761
74822502826
74822506010
74822506020
74822506022
74822506023
74822506030
74822506035
74822506048
74822506052
74822506056
74822506058
74822506065
74822506070
74822506071
74822506077
74822506081
74822506088
74822506090
74822506091
74822506092
74822506099
74822506154
74822506208
74822506209
74822506211
74822506215
74822506219
74822506221
74822506223
74822506226
74822506228
74822506240
74822506244
74822506245
74822506247
74822506249
74822506255
74822506257
74822506265
74822506266
74822506269
74822506275
74822506276
74822506278
74822506282
74822506283
74822506284
74822506287
74822506291
74822506293
74822506296
74822506298
74822506301
74822506302
74822506304
74822506307
74822506312
74822506314
74822506315
74822506320
74822506321
74822506322
74822506325
74822506331
74822506332
74822506335
74822506336
74822506339
74822506344
74822506347
74822506349
74822506351
74822506352
74822506358
74822506359
74822506360
74822506362
74822506363
74822506364
74822506365
74822506367
74822506373
74822506374
74822506377
74822506378
74822506379
74822506385
74822506389
74822506391
74822506392
74822506394
74822506396
74822506401
74822506402
74822506404
74822506405
74822506406
74822506408
74822506409
74822506413
74822506414
74822506416
74822506422
74822506423
74822506424
74822506425
74822506426
74822506427
74822506435
74822506436
74822506437
74822506442
74822506445
74822506446
74822506450
74822506452
74822506456
74822506461
74822506462
74822506463
74822506464
74822506466
74822506467
74822506470
74822506475
74822506477
74822506483
74822506484
74822506487
74822506488
74822506492
74822506494
74822506496
74822506502
74822506506
74822506510
74822506512
74822506517
74822506520
74822506610
74822506612
74822506622
74822506625
74822506626
74822506627
74822506631
74822506634
74822506639
74822506641
74822506643
74822506644
74822506656
74822506660
74822506666
74822506668
74822506689
74822506830
74822506849
74822507042
74822507094
74822507160
74822507194
74822507201
74822507203
74822507268
74822507297
74822507301
74822507318
74822507356
74822507357
74822507375
74822507388
74822507397
74822507398
74822507549
74822507594
74822507677
74822507738
74822507749
74822507775
74822507847
74822507853
74822507854
74822507924
74822508047
74822508109
74822513188
74822513200
74822513212
74822513265
74822513308
74822513648
74822513654
74822513658
74822514025
74822514096
74822514684
74822514865
74822514869
74822514898
74822515031
74822515271
74822515280
74822515729
74822515780
74822515783
74822515797
74822516000
74822516066
74822516077
74822516133
74822516200
74822519252
74822519253
74822520070
74822520086
74822520092
74822520105
74822520121
74822520125
74822520137
74822520142
74822520156
74822520230
74822520290
74822520353
74822520544
74822520590
74822520688
74822520926
74822520958
74822521047
74822521097
74822521103
74822521401
74822521435
74822521439
74822521553
74822521700
74822521844
74822522057
74822522143
74822522166
74822522196
74822522366
74822522728
74822522807
74822522857
74822522905
74822523006
74822523063
74822523081
74822523245
74822523373
74822523464
74822523518
74822523589
74822523602
74822523618
74822524069
74822524324
74822524417
74822524429
74822524531
74822524645
74822524731
74822524821
74822524940
74822524941
74822524990
74822525312
74822525391
74822525417
74822525591
74822525600
74822525789
74822525793
74822526058
74822526281
74822526286
74822526287
74822526592
74822526703
74822527336
74822527422
74822527612
74822527669
74822527703
74822527802
74822527871
74822528472
74822528679
74822528705
74822528793
74822528841
74822528887
74822528890
74822529022
74822529036
74822529553
74822529585
74822531130
74822531238
74822531349
74822531431
74822531591
74822531855
74822532001
74822532021
74822532030
74822532044
74822532075
74822532086
74822532094
74822532269
74822532332
74822532430
74822532481
74822532539
74822532903
74822532988
74822533018
74822533029
74822533062
74822533087
74822533403
74822533416
74822536053
74822536054
74822536061
74822536065
74822536084
74822536086
74822536089
74822536112
74822536316
74822536363
74822537365
74822537524
74822537597
74822537626
74822537681
74822537780
74822537784
74822537790
74822538591
74822539120
74822539122
74822539134
74822539151
74822580018
74822580022
74822580051
74822580053
74822580059
74822580093
74822580140
74822580142
74822580149
74822580180
74822580195
74822580277
74822580310
74822580363
74822580508
74822580534
74822580548
74822580581
74822580639
74822580665
74822580693
74822580728
74822580776
74822580808
74822580889
74822581100
74822581201
74822581271
74822581338
74822581408
74822581433
74822581473
74822581501
74822581511
74822581513
74822581522
74822581540
74822581612
74822581640
74822581651
74822581664
74822581761
74822581792
74822581841
74822581861
74822581862
74822581872
74822581889
74822581901
74822581921
74822581923
74822581930
74822581951
74822581957
74822582029
74822582114
74822582245
74822582332
74822582340
74822582404
74822582449
74822582501
74822582550
74822582632
74822582834
74822582934
74822583253
74822583324
74822583330
74822583450
74822583471
74822583490
74822583540
74822583610
74822583612
74822583668
74822583671
74822583781
74822583791
74822583940
74822584074
74822584212
74822584280
74822584361
74822584458
74822584602
74822584603
74822584609
74822584611
74822584776
74822584820
74822584843
74822584909
74822584910
74822584930
74822585172
74822585222
74822585240
74822585261
74822585272
74822585273
74822585280
74822585286
74822585302
74822585320
74822585322
74822585342
74822585391
74822585400
74822585410
74822585431
74822585532
74822585578
74822585583
74822585594
74822585613
74822585683
74822585711
74822585713
74822585737
74822585767
74822585771
74822585782
74822585797
74822585801
74822585849
74822585850
74822585860
74822585879
74822585900
74822585925
74822585939
74822585980
74822586159
74822586209
74822586231
74822586266
74822586306
74822586341
74822586420
74822586628
74822586663
74822586711
74822586991
74822587023
74822587200
74822587201
74822587221
74822587319
74822587326
74822587351
74822587411
74822587422
74822587427
74822587430
74822587433
74822587509
74822587523
74822587541
74822587562
74822587575
74822587581
74822587621
74822587622
74822587658
74822587662
74822587701
74822587758
74822587801
74822587811
74822587852
74822587871
74822587873
74822587972
74822588071
74822588222
74822588281
74822588293
74822588295
74822588356
74822588362
74822588411
74822588483
74822588509
74822588572
74822588608
74822588709
74822588710
74822588762
74822588809
74822588838
74822588920
74822588937
74822588940
74822589155
74822589160
74822589313
74822589314
74822589317
74822589320
74822589329
74822589337
74822589355
74822589372
74822589373
74822589710
74822589722
74822589820
74822589838
74822720092
74822720639
74822720990
74822721809
74822723109
74822723380
74822724026
74822724120
74822724141
74822724582
74822725405
74822727201
74822760030
74822760038
74822760075
74822760086
74822760090
74822760103
74822760163
74822760833
74822760860
74822760921
74822760924
74822760928
74822761133
74822764212
74822764213
74822764242
74822765107
74822765123
74822765126
74822765137
74822765151
74822765167
74822765175
74822765182
74822765193
74822765206
74822765386
74822765428
74822765631
74822765649
74822765796
74822767167
74822767604
74822768500
74822768518
74822768528
74822768610
74822768632
74822768635
74822768699
74822768714
74822768760
74822769130
74822769450
74822769451
74822769520
74822770210
74822770332
74822770342
74822770367
74822770380
74822770460
74822772360
74822773035
74822773268
74822773281
74822773407
74822773581
74822773588
74822773595
74822773596
74822777012
74822777013
74822777018
74822777025
74822777026
74822777045
74822777053
74822777087
74822777135
74822777253
74822777273
74822777277
74822777287
74822777320
74822777342
74822777345
74822777351
74822777367
74822777374
74822777395
74822777396
74822777397
74822777401
74822777409
74822777548
74822777555
74822777569
74822777572
74822777652
74822777666
74822777680
74822777693
74823351000
74823351327
74823351337
74823352068
74823352187
74823352449
74823352624
74823352836
74823352915
74823353268
74823353496
74823356197
74823356248
74825141285
74825141289
74825191027
74825191049
74825191067
74825191148
74825191167
74825191237
74825191241
74825191634
74825191713
74825191785
74825191816
74825191919
74825191951
74825191957
74825192004
74825192141
74825192336
74825192458
74825192472
74825192621
74825192702
74825192714
74825192791
74825192794
74825192953
74825194470
74825196636
74825197200
74825197335
74825197433
74825198719
74825198814
74825198935
74842220072
74842220079
74842220099
74842220108
74842220109
74842220112
74842220113
74842220175
74842220219
74842220232
74842220322
74842220350
74842220377
74842220380
74842220425
74842220473
74842220485
74842220492
74842220518
74842220585
74842220590
74842220639
74842220646
74842220746
74842220931
74842220960
74842220961
74842221019
74842221349
74842221503
74842221510
74842221549
74842221623
74842221634
74842221646
74842221703
74842221922
74842221929
74842221954
74842222007
74842222011
74842222041
74842222101
74842222410
74842222413
74842222418
74842222616
74842222636
74842222651
74842222673
74842223101
74842223591
74842223634
74842223637
74842224026
74842224057
74842224173
74842224439
74842224443
74842224459
74842224546
74842224549
74842224583
74842224621
74842224622
74842224682
74842224873
74842224878
74842225007
74842225035
74842225069
74842225225
74842225355
74842225424
74842225668
74842225796
74842225920
74842226042
74842226120
74842226121
74842226152
74842226210
74842226213
74842226214
74842226437
74842226584
74842226603
74842226609
74842226707
74842227055
74842227090
74842227401
74842227505
74842228285
74842228300
74842228378
74842228381
74842228384
74842228385
74842228386
74842228387
74842228403
74842228418
74842228425
74842228472
74842228642
74842228774
74842228781
74842228894
74842228993
74842229043
74842229136
74842229169
74842229337
74842271055
74842271430
74842271501
74842271522
74842271531
74842271534
74842271541
74842271547
74842272372
74842273100
74842273131
74842273434
74842273474
74842275083
74842275369
74842276016
74842276671
74842276678
74842276681
74842276914
74842277008
74842277046
74842277049
74842277053
74842277056
74842277064
74842277066
74842277098
74842277135
74842277143
74842277145
74842277178
74842277208
74842277213
74842277227
74842277258
74842277299
74842277309
74842277343
74842277377
74842277379
74842277412
74842277432
74842277438
74842277451
74842277469
74842277477
74842277504
74842277575
74842277590
74842277592
74842277601
74842277670
74842277674
74842277688
74842277724
74842277738
74842277766
74842277770
74842277772
74842277811
74842277827
74842277850
74842277852
74842277871
74842277877
74842277885
74842278060
74842278082
74842278130
74842278410
74842278450
74842278564
74842278580
74842278659
74842278767
74842279113
74842279176
74842279611
74842279617
74842279622
74842279634
74842279636
74842279639
74842279649
74842279709
74842279711
74842279714
74842279751
74842279759
74842279762
74842279772
74842279811
74842279812
74842279819
74842279821
74842279828
74842279835
74842279838
74842279867
74842279882
74842279908
74842279910
74842279958
74842279970
74842279977
74842279983
74842279990
74842401003
74842500005
74842500534
74842500700
74842500721
74842501136
74842501152
74842501460
74842501478
74842501503
74842501525
74842501527
74842501602
74842501668
74842501916
74842501972
74842502032
74842502132
74842502147
74842502176
74842502202
74842502228
74842502262
74842502268
74842502305
74842502329
74842502360
74842502451
74842502455
74842502498
74842502506
74842502591
74842502642
74842502934
74842503091
74842503333
74842503381
74842503469
74842504007
74842504066
74842504068
74842504452
74842504603
74842504640
74842504705
74842504767
74842504788
74842505121
74842505162
74842505244
74842505505
74842505584
74842505633
74842505772
74842505775
74842505959
74842505995
74842506092
74842506711
74842506999
74842547078
74842551800
74842554076
74842595003
74842597402
74842597580
74842597781
74842598761
74842599692
74842701241
74842701916
74842715542
74842719002
74842719710
74842720343
74842720776
74842735397
74842736373
74842738579
74842744345
74842762327
74842766636
74842766639
74842766666
74842766690
74842766693
74842766695
74842766800
74842766803
74842766850
74842766872
74842766881
74842767001
74842767010
74842767018
74842767026
74842767037
74842767044
74842767062
74842767081
74842767125
74842767134
74842767139
74842767141
74842767151
74842767163
74842767180
74842767182
74842767193
74842767203
74842767206
74842767207
74842767213
74842767216
74842767220
74842767234
74842767235
74842767240
74842767244
74842767253
74842767257
74842767270
74842767283
74842767285
74842767289
74842767294
74842767295
74842767361
74842767386
74842767387
74842767395
74842767410
74842767413
74842767424
74842767427
74842767428
74842767444
74842767445
74842767450
74842767458
74842767462
74842767489
74842767499
74842767625
74842768243
74842768606
74842768617
74842770001
74842770044
74842770707
74842771061
74842771122
74842771908
74842774050
74842774054
74842774083
74842774090
74842774117
74842774384
74842774506
74842774646
74842774662
74842774717
74842774772
74842777112
74842777577
74842777709
74842777757
74842777780
74842777800
74842778127
74842778151
74842778164
74842778172
74842778186
74842778226
74842778254
74842778273
74842778291
74842778301
74842778313
74842778315
74842778321
74842778325
74842778326
74842778328
74842778344
74842778365
74842778424
74842778432
74842778453
74842778473
74842778477
74842778481
74842778488
74842778506
74842778508
74842778511
74842778523
74842778525
74842778533
74842778536
74842778559
74842778572
74842778628
74842778629
74842778642
74842778648
74842778653
74842778655
74842778674
74842778675
74842778680
74842778716
74842778717
74842778721
74842778728
74842778729
74842778734
74842778739
74842778747
74842778753
74842778754
74842778756
74842778762
74842778763
74842778766
74842778772
74842778782
74842778786
74842778789
74842778794
74842778795
74842778798
74842790036
74842790037
74842790047
74842790048
74842790122
74842790148
74842790163
74842790169
74842790262
74842790265
74842790269
74842790310
74842790324
74842790430
74842790500
74842790546
74842790570
74842790575
74842790625
74842790635
74842790636
74842790740
74842790979
74842791000
74842791014
74842791019
74842791023
74842791048
74842791116
74842791144
74842791195
74842791197
74842791396
74842791398
74842791419
74842791425
74842791613
74842791615
74842791684
74842791697
74842791717
74842791722
74842791758
74842791773
74842791781
74842791804
74842791810
74842791811
74842791981
74842792020
74842792167
74842792229
74842792259
74842792539
74842792550
74842792624
74842792728
74842792872
74842792886
74842792898
74842793060
74842793173
74842793197
74842793204
74842793273
74842793314
74842793332
74842793333
74842793404
74842793422
74842793466
74842793482
74842793483
74842793509
74842793511
74842793536
74842793537
74842793552
74842793578
74842793579
74842793609
74842793611
74842793642
74842793777
74842793838
74842793854
74842793887
74842793888
74842793891
74842793892
74842793893
74842793897
74842793898
74842793905
74842793929
74842793930
74842793932
74842793945
74842793980
74842794004
74842794140
74842794153
74842794163
74842794166
74842794168
74842794205
74842794232
74842794247
74842794255
74842794277
74842794324
74842794330
74842794399
74842794422
74842794433
74842794442
74842794443
74842794468
74842794480
74842794485
74842794545
74842794631
74842794783
74842794854
74842794858
74842794909
74842794917
74842794946
74842794978
74842795012
74842795018
74842795041
74842795051
74842795060
74842795062
74842795063
74842795087
74842795104
74842795109
74842795110
74842795117
74842795148
74842795177
74842795185
74842795199
74842795217
74842795218
74842795287
74842795346
74842795359
74842795360
74842795362
74842795363
74842795372
74842795383
74842795431
74842795488
74842795523
74842795547
74842795549
74842795556
74842795557
74842795595
74842795702
74842795704
74842795705
74842795730
74842795731
74842795800
74842795808
74842795872
74842795879
74842795927
74842795931
74842795932
74842795941
74842795942
74842795974
74842795997
74842796011
74842796165
74842796195
74842796222
74842796240
74842796271
74842796287
74842796289
74842796316
74842796326
74842796345
74842796352
74842796354
74842796380
74842796474
74842796484
74842796493
74842796646
74842796651
74842796654
74842796665
74842796666
74842796675
74842796689
74842796724
74842796729
74842796733
74842796734
74842796736
74842796738
74842796747
74842796756
74842796780
74842796800
74842796808
74842796826
74842796827
74842796845
74842796850
74842796862
74842796865
74842796984
74842796990
74842797025
74842797288
74842797455
74842797490
74842797583
74842797599
74842797615
74842797651
74842797658
74842797703
74842797750
74842797850
74842797873
74842797878
74842797894
74842797899
74842797900
74842797919
74842797920
74842797933
74842797962
74842797979
74842797987
74842797988
74842798018
74842798021
74842798044
74842798054
74842798070
74842798077
74842798087
74842798120
74842798185
74842798204
74842798232
74842798290
74842798340
74842798372
74842798491
74842798516
74842798681
74842798685
74842798707
74842798783
74842798802
74842798869
74842798930
74842799004
74842799014
74842799102
74842799103
74842799127
74842799154
74842799197
74842799244
74842799254
74842799264
74842799270
74842799290
74842799291
74842799299
74842799303
74842799307
74842799313
74842799320
74842799337
74842799393
74842799406
74842799503
74842799504
74842799506
74842799507
74842799513
74842799555
74842799610
74842799647
74842799688
74842799713
74842799740
74842799789
74842799852
74842799899
74842799900
74842799974
74843120042
74843120127
74843120333
74843121451
74843121457
74843121532
74843122014
74843122373
74843122427
74843122549
74843122774
74843123396
74843123737
74843124006
74843124044
74843124190
74843124973
74843125089
74843125279
74843126066
74843126147
74843126511
74843126944
74843127425
74843128420
74843128421
74843128534
74843129236
74843130293
74843130938
74843131465
74843131624
74843133334
74843841144
74843841202
74843841665
74843841730
74843841844
74843842126
74843842184
74843842537
74843842643
74843842655
74843842687
74843842761
74843842981
74843842986
74843843009
74843843023
74843843040
74843843284
74843843564
74843843796
74843843865
74843843922
74843844131
74843844243
74843844342
74843844455
74843844923
74844821023
74844821108
74844821339
74844821384
74844821395
74844821418
74844821512
74844821563
74844821715
74844822265
74844822288
74844822392
74844822583
74844824136
74852200011
74852200189
74852200217
74852200229
74852200253
74852200275
74852200302
74852200336
74852200442
74852200540
74852200570
74852200578
74852200579
74852200620
74852200627
74852200704
74852200805
74852200810
74852200814
74852200817
74852200823
74852200862
74852201021
74852201027
74852201053
74852201061
74852201096
74852201131
74852201147
74852201228
74852203035
74852203091
74852203383
74852204018
74852204020
74852204040
74852204067
74852204132
74852205007
74852205019
74852205081
74852205085
74852205095
74852205097
74852205102
74852205153
74852205177
74852205190
74852205200
74852205211
74852205213
74852205222
74852205235
74852205245
74852205250
74852205264
74852205314
74852205330
74852205331
74852205378
74852205408
74852205433
74852205451
74852205464
74852205466
74852205479
74852205488
74852205669
74852205724
74852205728
74852205733
74852205734
74852205829
74852205831
74852205904
74852205906
74852205951
74852205953
74852205955
74852205956
74852205958
74852205975
74852205978
74852206004
74852206013
74852206021
74852206051
74852206052
74852206061
74852206082
74852206104
74852206105
74852206113
74852206122
74852206136
74852206139
74852206144
74852206151
74852206155
74852206176
74852206182
74852206183
74852206193
74852206223
74852206250
74852206264
74852206282
74852206308
74852206314
74852206356
74852206365
74852206367
74852206387
74852206440
74852206655
74852206747
74852206750
74852206872
74852206885
74852207010
74852207017
74852207022
74852207035
74852207048
74852207096
74852207109
74852207132
74852207136
74852207137
74852207180
74852207200
74852207219
74852207225
74852207245
74852207261
74852207263
74852207278
74852207299
74852207515
74852207559
74852207608
74852207952
74852207976
74852208028
74852208031
74852208066
74852208087
74852208096
74852208102
74852208110
74852208130
74852208182
74852208188
74852208196
74852208204
74852208215
74852208298
74852208323
74852208339
74852208342
74852208391
74852208392
74852208393
74852208396
74852208403
74852208411
74852208440
74852208454
74852208525
74852208573
74852208585
74852208595
74852208676
74852208787
74852209004
74852209099
74852209124
74852209126
74852209142
74852209146
74852209163
74852209164
74852209166
74852209168
74852209183
74852209198
74852209200
74852209216
74852209217
74852209232
74852209248
74852209254
74852209275
74852209312
74852209421
74852209427
74852209435
74852210034
74852210224
74852210303
74852210464
74852210475
74852210621
74852210686
74852210773
74852211011
74852211259
74852211376
74852211543
74852211633
74852211697
74852211903
74852211935
74852212209
74852212324
74852212396
74852212408
74852212724
74852212843
74852212846
74852213105
74852213112
74852213205
74852213244
74852213264
74852213438
74852213543
74852213658
74852213671
74852213709
74852213723
74852213766
74852213976
74852214090
74852214215
74852214270
74852214274
74852214355
74852214388
74852214453
74852214643
74852215114
74852215135
74852215456
74852215713
74852216014
74852216635
74852216735
74852216956
74852216974
74852217055
74852217072
74852217675
74852217718
74852217886
74852217972
74852218024
74852218035
74852218204
74852218404
74852218524
74852218644
74852218929
74852218947
74852219004
74852219024
74852219042
74852219090
74852219185
74852219289
74852219645
74852219661
74852219671
74852219950
74852220121
74852220170
74852221487
74852222016
74852222018
74852222019
74852222022
74852222027
74852222029
74852222030
74852222031
74852222039
74852222045
74852222057
74852222066
74852222067
74852222071
74852222087
74852222099
74852222126
74852222129
74852222155
74852222159
74852222167
74852222169
74852222171
74852222173
74852222174
74852222175
74852222181
74852222182
74852222184
74852222188
74852222189
74852223339
74852223340
74852224406
74852224413
74852224418
74852224428
74852224430
74852224455
74852224464
74852224468
74852224474
74852224489
74852224490
74852224491
74852228106
74852228142
74852228143
74852228148
74852228149
74852228158
74852228373
74852228378
74852228808
74852229990
74852300035
74852300062
74852300105
74852300107
74852300130
74852300276
74852300298
74852300395
74852300400
74852300415
74852300454
74852300469
74852300489
74852300538
74852300597
74852300663
74852300664
74852300732
74852300776
74852300838
74852301010
74852301477
74852301489
74852301633
74852301746
74852301750
74852301751
74852301779
74852301834
74852302000
74852302085
74852302091
74852302117
74852302142
74852302205
74852302209
74852302238
74852302280
74852302318
74852302325
74852302341
74852302363
74852302392
74852302397
74852302404
74852302477
74852302479
74852302587
74852302727
74852302994
74852303069
74852303224
74852303225
74852303241
74852303246
74852303254
74852303262
74852303295
74852303417
74852303509
74852303514
74852303553
74852303581
74852303583
74852303614
74852303652
74852303658
74852303661
74852303681
74852303722
74852303734
74852303736
74852303740
74852303775
74852303791
74852303793
74852303859
74852303916
74852303966
74852303973
74852304126
74852304191
74852304206
74852304235
74852304245
74852304283
74852304317
74852304361
74852304423
74852304567
74852304796
74852304804
74852304896
74852304908
74852304969
74852304974
74852305039
74852305148
74852305161
74852305168
74852305239
74852305261
74852305431
74852305450
74852305566
74852305588
74852305598
74852305630
74852305668
74852305670
74852305675
74852305730
74852305765
74852305771
74852305791
74852306118
74852306200
74852306201
74852306205
74852306214
74852306225
74852306360
74852306390
74852306509
74852307347
74852307391
74852307555
74852307591
74852307598
74852307607
74852307649
74852307680
74852307692
74852307809
74852307820
74852307850
74852307884
74852307918
74852307955
74852307984
74852307991
74852308105
74852308343
74852308471
74852308591
74852308593
74852308617
74852308749
74852308767
74852308850
74852308944
74852308988
74852308996
74852309066
74852309116
74852309120
74852309126
74852309226
74852309322
74852309325
74852309351
74852310145
74852310235
74852310315
74852310520
74852310575
74852310665
74852310929
74852311015
74852311034
74852311355
74852311855
74852312135
74852312254
74852312489
74852312500
74852312745
74852313127
74852313431
74852313470
74852313554
74852313923
74852313952
74852313993
74852314055
74852314371
74852314390
74852314394
74852314486
74852314487
74852314742
74852315537
74852315659
74852315696
74852315739
74852315818
74852380045
74852380067
74852380087
74852380139
74852380198
74852380255
74852380569
74852380713
74852380779
74852380834
74852380978
74852381010
74852381587
74852381779
74852382092
74852382443
74852382586
74852382708
74852382990
74852383003
74852383007
74852383015
74852383023
74852383851
74852383885
74852383965
74852383995
74852383999
74852384007
74852384076
74852384115
74852384142
74852384145
74852384165
74852384175
74852384330
74852384340
74852384410
74852384525
74852384565
74852384625
74852384645
74852384655
74852384808
74852384823
74852384828
74852384847
74852384944
74852385162
74852385274
74852385453
74852385561
74852385574
74852385804
74852386083
74852386272
74852386346
74852386391
74852386776
74852386790
74852386795
74852498010
74852498050
74852498058
74852498095
74852498106
74852498119
74852498135
74852498178
74852498190
74852498205
74852498233
74852498246
74852498274
74852498279
74852498285
74852498308
74852498390
74852498396
74852498401
74852498417
74852498448
74852498506
74852498544
74852498550
74852498557
74852498570
74852498577
74852498580
74852498582
74852498620
74852498641
74852498660
74852498686
74852498700
74852498723
74852498741
74852498771
74852498800
74852498808
74852498822
74852498873
74852498877
74852498897
74852498950
74852498973
74852499049
74852499084
74852499088
74852499102
74852499113
74852499121
74852499156
74852499158
74852499164
74852499344
74852499376
74852499422
74852499423
74852499474
74852499564
74852499588
74852499589
74852499597
74852500379
74852500393
74852500602
74852500603
74852500611
74852500647
74852500657
74852500661
74852500669
74852500683
74852500690
74852500698
74852501061
74852501228
74852501276
74852501321
74852501348
74852501509
74852501640
74852502056
74852502103
74852502378
74852502388
74852502628
74852502981
74852503360
74852505507
74852505523
74852505524
74852505531
74852505537
74852505589
74852505593
74852505770
74852505922
74852505962
74852510121
74852510510
74852510517
74852510651
74852510731
74852511055
74852511403
74852511576
74852511768
74852512053
74852512424
74852512512
74852512852
74852513027
74852513491
74852513522
74852513643
74852513694
74852513959
74852514529
74852514584
74852515000
74852515353
74852515433
74852515943
74852516178
74852516301
74852516407
74852516545
74852516808
74852517265
74852517438
74852517629
74852517665
74852517765
74852517876
74852518523
74852518540
74852518788
74852518880
74852519641
74852519895
74852519951
74852780135
74852780137
74852780156
74852780158
74852780173
74852780218
74852780237
74852780270
74852780273
74852780401
74852780700
74852780706
74852780717
74852780721
74852780751
74852780791
74852780801
74852780815
74852780816
74852780817
74852780917
74852780920
74852780927
74852780930
74852780941
74852780947
74852780948
74852780960
74852780967
74852780968
74852781038
74852781041
74852781060
74852781065
74852781075
74852781140
74852781167
74852781168
74852781178
74852781187
74852781193
74852781202
74852781212
74852781233
74852781244
74852781263
74852781292
74852781293
74852781297
74852781302
74852781308
74852781311
74852781312
74852781314
74852781332
74852781338
74852781347
74852781372
74852781394
74852781396
74852781399
74852781400
74852781415
74852781417
74852781419
74852781421
74852781422
74852781423
74852781426
74852781431
74852781448
74852781464
74852781481
74852781502
74852781509
74852781535
74852781540
74852781548
74852781562
74852781563
74852781613
74852781624
74852781634
74852781641
74852781644
74852781653
74852781654
74852781657
74852781663
74852781668
74852781669
74852781691
74852781692
74852781756
74852781760
74852781774
74852781902
74852781906
74852781911
74852781950
74852781951
74852781952
74852781977
74852781980
74852781986
74852781988
74852782124
74852784702
74852784715
74852784722
74852784725
74852784745
74852784747
74852784803
74852784807
74852784809
74852784813
74852784820
74852784822
74852784824
74852784825
74852784836
74852784837
74852784838
74852784844
74852784846
74852784855
74852784883
74852784892
74852784911
74852784933
74852784947
74852784951
74852784956
74852784967
74852784974
74852784975
74852784979
74852784985
74852785507
74852785519
74852785520
74852785525
74852785526
74852785530
74852785535
74852785539
74852785562
74852785567
74852785600
74852785603
74852785604
74852785606
74852785653
74852785656
74852785660
74852785667
74852785670
74852785681
74852785690
74852785692
74852785697
74852785701
74852785711
74852785720
74852785723
74852785730
74852785739
74852785744
74852785746
74852785761
74852785762
74852785794
74852785893
74852785899
74852786005
74852786016
74852786018
74852786030
74852786042
74852786152
74852786165
74852786219
74852786228
74852786236
74852786238
74852786245
74852786246
74852786248
74852786251
74852786262
74852786263
74852786265
74852786266
74852786289
74852786307
74852786312
74852786336
74852786355
74852786367
74852786368
74852786375
74852786376
74852786388
74852786405
74852786411
74852786412
74852786422
74852786429
74852786435
74852786439
74852786444
74852786450
74852786484
74852787432
74852787437
74852787438
74852787439
74852787442
74852787444
74852787454
74852787459
74852787467
74852787485
74852787498
74852787574
74852787575
74852787788
74852788014
74852788018
74852788027
74852788042
74852788054
74852788087
74852788088
74852788098
74852788127
74852788176
74852788183
74852788184
74852788185
74852788204
74852788206
74852788216
74852788217
74852788240
74852788247
74852788252
74852788268
74852788269
74852788292
74852788299
74852788300
74852788319
74852788330
74852788361
74852788506
74852788510
74852788521
74852788564
74852788582
74852788604
74852788616
74852788632
74852788640
74852788650
74852788661
74852788670
74852788671
74852788680
74852788682
74852788696
74852788711
74852788712
74852788713
74852788715
74852788716
74852788735
74852788758
74852788787
74852788797
74852788864
74852788887
74853534169
74853534620
74853535086
74853539272
74853539280
74853543581
74853545145
74853546474
74853653104
74853653127
74853653157
74853653235
74853653238
74853654063
74853654122
74853660455
74853660721
74853660743
74853660873
74853660883
74853661237
74853661245
74853661332
74853661392
74853661419
74853661435
74853661524
74853661540
74853661625
74853661696
74853661721
74853661748
74853661769
74853661775
74853661848
74853662370
74853662382
74853662385
74853662451
74853662459
74853662489
74853662663
74853662758
74853662793
74853662821
74853662896
74853662938
74853662954
74853663285
74853663331
74853663380
74853663443
74853663485
74853663724
74853663750
74853663774
74853663840
74853663916
74853664011
74853664075
74853664080
74853664199
74853664372
74853664406
74853664441
74853665060
74853665105
74853665212
74853665488
74853665515
74853665768
74853665796
74853665871
74853665896
74853665902
74853665903
74853666002
74853666143
74872245027
74872245108
74872245129
74872245148
74872245160
74872245162
74872245163
74872245166
74872245181
74872245196
74872245198
74872245199
74872245226
74872245227
74872245259
74872245265
74872245266
74872245274
74872245276
74872245279
74872245289
74872245292
74872245303
74872245311
74872245322
74872245326
74872245338
74872245343
74872245344
74872245360
74872245362
74872245365
74872245395
74872245860
74872246179
74872246571
74872246792
74872247089
74872247130
74872247575
74872247595
74872247691
74872247702
74872248327
74872248390
74872249030
74872249034
74872249038
74872249042
74872249103
74872249104
74872249106
74872249108
74872249112
74872249142
74872249293
74872249422
74872249586
74872249594
74872249596
74872249599
74872249601
74872249604
74872249608
74872249610
74872249612
74872249617
74872249618
74872249621
74872249628
74872249813
74872249816
74872249838
74872249847
74872249856
74872249859
74872249879
74872249884
74872249885
74872249888
74872249891
74872249909
74872249910
74872249915
74872249933
74872249951
74872249958
74872249971
74872249976
74872249983
74872328004
74872328043
74872328113
74872328279
74872328286
74872329205
74872329301
74872329533
74872329722
74872329745
74872329762
74872329778
74872329809
74872330111
74872330965
74872331032
74872331452
74872331832
74872333268
74872333583
74872333828
74872334232
74872334483
74872335469
74872339090
74872339212
74872339262
74872339386
74872339562
74872339628
74872339653
74872339797
74872339969
74872339993
74872340029
74872340063
74872340097
74872340242
74872340279
74872340332
74872340458
74872340493
74872340567
74872340572
74872340603
74872340702
74872341034
74872341086
74872341091
74872341099
74872341116
74872341125
74872341144
74872341271
74872341504
74872341520
74872341564
74872341570
74872341635
74872341757
74872341885
74872341956
74872341970
74872342074
74872342077
74872342123
74872342217
74872342272
74872342335
74872342361
74872342454
74872342469
74872342565
74872342590
74872342675
74872342677
74872342735
74872342754
74872342933
74872342937
74872343100
74872343133
74872343151
74872343162
74872343168
74872343173
74872343304
74872343348
74872343407
74872343428
74872343446
74872343461
74872343697
74872343741
74872343748
74872343755
74872343788
74872343857
74872343886
74872343926
74872343929
74872343985
74872344002
74872344010
74872344025
74872344033
74872344042
74872344088
74872344114
74872344242
74872344372
74872344394
74872344411
74872344509
74872344608
74872344636
74872344711
74872344733
74872344737
74872344746
74872344747
74872344843
74872344882
74872345000
74872345131
74872345158
74872345177
74872345394
74872345567
74872345636
74872345686
74872345707
74872345732
74872345740
74872345809
74872345884
74872345907
74872345929
74872346027
74872346034
74872346086
74872346161
74872346250
74872346290
74872346477
74872346491
74872346631
74872346801
74872346824
74872346872
74872346972
74872347020
74872347048
74872347068
74872347085
74872347167
74872347197
74872347433
74872347448
74872347496
74872347551
74872347579
74872347602
74872348135
74872348311
74872348550
74872348699
74872348737
74872348818
74872348838
74872348843
74872348922
74872349035
74872349044
74872349115
74872349205
74872349305
74872349360
74872349490
74872349507
74872349596
74872349649
74872349794
74872349861
74872350001
74872350006
74872350014
74872350052
74872350061
74872350071
74872350129
74872350136
74872350141
74872350160
74872350186
74872350246
74872350261
74872350262
74872350315
74872350317
74872350338
74872350403
74872350421
74872350443
74872350459
74872350488
74872350500
74872350507
74872350524
74872350589
74872350604
74872350645
74872350649
74872350659
74872350707
74872350733
74872350735
74872350759
74872350897
74872350915
74872351001
74872351125
74872351205
74872351209
74872351325
74872351330
74872351347
74872351360
74872351369
74872351381
74872351393
74872351397
74872351415
74872351479
74872351488
74872351534
74872351587
74872351595
74872351630
74872351632
74872351650
74872351687
74872351706
74872351722
74872351725
74872351732
74872351746
74872351752
74872351762
74872351767
74872351817
74872351842
74872351843
74872351844
74872351878
74872351894
74872351903
74872351910
74872351914
74872351922
74872351932
74872351943
74872351989
74872352007
74872352019
74872352028
74872352076
74872352084
74872352090
74872352096
74872352100
74872352115
74872352131
74872352161
74872352179
74872352216
74872352241
74872352286
74872352322
74872352324
74872352352
74872352384
74872352387
74872352416
74872352429
74872352460
74872352474
74872352475
74872352497
74872352500
74872352506
74872352526
74872352530
74872352548
74872352551
74872352638
74872352673
74872352710
74872352739
74872352826
74872352877
74872353011
74872353016
74872353063
74872353137
74872353157
74872353320
74872353359
74872353373
74872353377
74872353385
74872353413
74872353419
74872353440
74872353474
74872353480
74872353523
74872353596
74872353620
74872353624
74872353654
74872353772
74872353787
74872353798
74872353803
74872353824
74872353854
74872353859
74872353945
74872353958
74872353995
74872353998
74872354008
74872354027
74872354045
74872354053
74872354060
74872354077
74872354086
74872354096
74872354102
74872354137
74872354184
74872354198
74872354205
74872354206
74872354207
74872354239
74872354240
74872354281
74872354338
74872354455
74872354552
74872354621
74872354629
74872354630
74872354631
74872354652
74872354663
74872354665
74872354681
74872354688
74872354734
74872354759
74872354774
74872354785
74872354823
74872354879
74872354929
74872355059
74872355186
74872355289
74872355357
74872355367
74872355379
74872355399
74872355425
74872355474
74872355483
74872355488
74872355510
74872355530
74872355535
74872355568
74872355594
74872355626
74872355668
74872355676
74872355722
74872355769
74872355805
74872355850
74872355870
74872355877
74872355887
74872355917
74872355952
74872355970
74872355995
74872440840
74872441185
74872442211
74872442501
74872442965
74872443137
74872443337
74872443433
74872443636
74872443804
74872443966
74872450040
74872450154
74872451071
74872451092
74872451148
74872451192
74872451211
74872451235
74872451248
74872451268
74872451337
74872451338
74872451340
74872451365
74872451597
74872452111
74872452524
74872452633
74872452720
74872452931
74872453007
74872453048
74872453261
74872453271
74872453614
74872453792
74872453837
74872453899
74872454499
74872455027
74872455086
74872455110
74872455113
74872455130
74872455208
74872455223
74872455322
74872455338
74872455712
74872455784
74872455927
74872456011
74872456012
74872456016
74872456025
74872456030
74872456032
74872456035
74872456038
74872456051
74872456056
74872456062
74872456064
74872456072
74872456084
74872456097
74872456103
74872456112
74872456119
74872456122
74872456123
74872456129
74872456133
74872456136
74872456142
74872456152
74872456159
74872456163
74872456168
74872456173
74872456184
74872456187
74872456200
74872456201
74872456203
74872456207
74872456210
74872456220
74872456228
74872456229
74872456240
74872456254
74872456260
74872456270
74872456276
74872456277
74872456283
74872456289
74872456300
74872456304
74872456305
74872456306
74872456313
74872456319
74872456325
74872456342
74872456349
74872456354
74872456357
74872456359
74872456366
74872456367
74872456374
74872456391
74872456396
74872456402
74872456404
74872456408
74872456411
74872456417
74872456421
74872456430
74872456431
74872456439
74872456441
74872456442
74872456454
74872456455
74872456459
74872456473
74872456474
74872456478
74872456480
74872456490
74872456493
74872456496
74872456502
74872456503
74872456511
74872456520
74872456522
74872456527
74872456531
74872456532
74872456533
74872456538
74872456542
74872456547
74872456549
74872456550
74872456558
74872456561
74872456564
74872456570
74872456572
74872456574
74872456598
74872456610
74872456611
74872456619
74872456625
74872456637
74872456638
74872456644
74872456646
74872456656
74872456660
74872456662
74872456668
74872456670
74872456672
74872456675
74872456677
74872456687
74872456689
74872456705
74872456717
74872456722
74872456723
74872456733
74872456735
74872456738
74872456752
74872456753
74872456755
74872456758
74872456766
74872456767
74872456768
74872456769
74872456771
74872456773
74872456776
74872456786
74872456792
74872456797
74872456799
74872456802
74872456806
74872456809
74872456811
74872456812
74872456848
74872456856
74872456861
74872456865
74872456875
74872456878
74872456879
74872456882
74872456883
74872456887
74872456895
74872456906
74872456911
74872456921
74872456928
74872456935
74872456952
74872456957
74872456971
74872456983
74872456986
74872456993
74872457138
74872457311
74872457329
74872457420
74872457461
74872457808
74872457977
74872458269
74872458555
74872459107
74872459434
74872459435
74872459765
74872459822
74872459931
74872460000
74872460092
74872461391
74872461716
74872461809
74872462249
74872462452
74872462668
74872462826
74872463258
74872463435
74872463505
74872464002
74872464030
74872464035
74872464040
74872464053
74872464056
74872464068
74872464073
74872464082
74872464089
74872464092
74872464100
74872464136
74872464141
74872464154
74872464159
74872464168
74872464172
74872464182
74872464184
74872464193
74872464197
74872464209
74872464213
74872464214
74872464216
74872464218
74872464228
74872464229
74872464239
74872464241
74872464247
74872464248
74872464258
74872464266
74872464276
74872464280
74872464281
74872464283
74872464296
74872464393
74872464410
74872464424
74872464439
74872464453
74872464460
74872464461
74872464507
74872464516
74872464537
74872464548
74872464566
74872464585
74872464589
74872464590
74872464592
74872464593
74872464603
74872464611
74872464615
74872464620
74872464631
74872464660
74872464668
74872464677
74872464685
74872464703
74872464706
74872464708
74872464710
74872464712
74872464751
74872464756
74872464796
74872464808
74872464813
74872464816
74872464913
74872464917
74872464919
74872464922
74872464931
74872464932
74872464936
74872464946
74872464966
74872464967
74872464968
74872464975
74872485883
74872550024
74872550166
74872550185
74872550236
74872550252
74872550253
74872550265
74872550281
74872550371
74872550442
74872550531
74872550532
74872550563
74872550702
74872550813
74872551004
74872551020
74872551021
74872551049
74872551073
74872551166
74872551488
74872551516
74872552691
74872552811
74872552855
74872553284
74872553310
74872553374
74872553390
74872553404
74872553429
74872554090
74872554098
74872554132
74872554169
74872554271
74872554457
74872554549
74872554555
74872554621
74872554763
74872554771
74872554795
74872554870
74872555033
74872555230
74872555250
74872555313
74872555315
74872555321
74872555376
74872555394
74872555421
74872555453
74872555487
74872555550
74872555751
74872555857
74872555907
74872556016
74872556043
74872556074
74872556219
74872556298
74872556342
74872556560
74872556654
74872556845
74872556906
74872556932
74872557080
74872557295
74872557384
74872557469
74872557777
74872557874
74872558225
74872558342
74872558461
74872558713
74872558771
74872558777
74872559003
74872559060
74872559128
74872559182
74872559212
74872559292
74872559303
74872559328
74872559394
74872559626
74872559797
74872559873
74872559932
74872559951
74872560041
74872560069
74872560157
74872560184
74872560225
74872560413
74872560453
74872560499
74872560520
74872560732
74872560864
74872560922
74872560966
74872561125
74872561287
74872561303
74872561311
74872561449
74872561452
74872562532
74872562539
74872562544
74872562554
74872563007
74872563088
74872563134
74872563296
74872563800
74872563882
74872564493
74872564558
74872564573
74872564924
74872564955
74872565101
74872565102
74872565193
74872565200
74872565201
74872565494
74872565517
74872565530
74872565653
74872565743
74872565810
74872566099
74872566407
74872566514
74872566576
74872566906
74872566952
74872567005
74872567047
74872567129
74872567184
74872567292
74872567376
74872567377
74872567498
74872567613
74872567813
74872568180
74872568306
74872568391
74872568482
74872568523
74872568532
74872568589
74872568804
74872569067
74872569094
74872569181
74872569196
74872569317
74872569358
74872569360
74872569380
74872569736
74872569753
74872569864
74872569929
74872569940
74872700308
74872700487
74872700624
74872701067
74872701090
74872701143
74872770092
74872770112
74872770122
74872770128
74872770131
74872770143
74872770183
74872770190
74872770192
74872770194
74872770208
74872770221
74872770230
74872770282
74872770308
74872770313
74872770324
74872770332
74872770334
74872770345
74872770365
74872770370
74872770374
74872770398
74872770410
74872770415
74872770420
74872770426
74872770430
74872770444
74872770450
74872770454
74872770462
74872770477
74872770502
74872770572
74872770576
74872770580
74872770582
74872770591
74872770593
74872770598
74872770605
74872770632
74872771009
74872771014
74872771018
74872771038
74872771039
74872771042
74872771045
74872771049
74872771536
74872771865
74872773024
74872773031
74872773043
74872773046
74872773107
74872773112
74872773115
74872773154
74872773155
74872773164
74872773165
74872773208
74872773211
74872773220
74872773229
74872773239
74872773267
74872773271
74872773293
74872773299
74872773301
74872773309
74872773312
74872773315
74872773341
74872773346
74872773381
74872773384
74872773385
74872773400
74872773428
74872773456
74872773476
74872773492
74872773494
74872773501
74872773505
74872773511
74872773689
74872773806
74872774834
74872774934
74872774962
74872774994
74872774995
74872775059
74872775072
74872776109
74872777422
74872777466
74872777669
74872778444
74873154064
74873154077
74873154767
74873155352
74873155525
74873155836
74873156224
74873156280
74873156423
74873156796
74873157325
74873157686
74873157704
74873158202
74873158866
74873159009
74873159072
74873159087
74873159094
74873159131
74873159149
74873159392
74873159576
74873159577
74873160236
74873160250
74873161215
74873161236
74873161260
74873161585
74873161667
74873161777
74873161788
74873161818
74873161825
74873161879
74873162268
74873162296
74873162307
74873162446
74873162456
74873162485
74873162504
74873162570
74873162666
74873162812
74873163228
74873163232
74873163267
74873163346
74873163387
74873163486
74873163537
74873163575
74873163668
74873163670
74873163725
74873163804
74873163927
74873163977
74873164205
74873164290
74873164435
74873165239
74873165441
74873165527
74873165786
74873165890
74873166527
74873166567
74873166813
74873166876
74873166949
74873551709
74873551730
74873551752
74873551753
74873551759
74873552003
74873552014
74873552025
74873552028
74873552124
74873552200
74873552219
74873552225
74873552333
74873552430
74873552486
74873552570
74873552711
74873552720
74873552801
74873552845
74873552894
74873552946
74873552959
74873552963
74873552966
74873552968
74873552970
74873552971
74873552974
74873552976
74873552979
74873552980
74873552992
74873552993
74873552995
74873552998
74873553001
74873553003
74873553004
74873553008
74873553035
74873553144
74873553168
74873553188
74873553230
74873553332
74873553333
74873553460
74873553473
74873553517
74873553543
74873553546
74873553559
74873553658
74873553662
74873553669
74873553683
74873553694
74873553759
74873553767
74873553777
74873553780
74873553786
74873553789
74873553790
74873553793
74873553794
74873553820
74873553841
74873553844
74873553846
74873553851
74873553860
74873553875
74873553877
74873553904
74873553909
74873553944
74873553985
74873554138
74873554151
74873554231
74873554234
74873554259
74873554260
74873554433
74873554441
74873554444
74873554445
74873554545
74873554561
74873554564
74873554613
74873554638
74873554681
74873554683
74873554687
74873554708
74873554719
74873554841
74873554852
74873554875
74873554991
74873554993
74873555062
74873555070
74873556054
74873556055
74873556056
74873556057
74873556059
74873556060
74873556061
74873556062
74873556063
74873557009
74873557021
74873557027
74873557035
74873557048
74873557058
74873557072
74873557075
74873557080
74873557102
74873557141
74873557169
74873557252
74873557292
74873557312
74873557342
74873557346
74873557380
74873557383
74873557424
74873557450
74873557461
74873557472
74873557476
74873557494
74873557513
74873557520
74873557540
74873557543
74873557557
74873557564
74873557586
74873557623
74873557625
74873557630
74873557672
74873557702
74873557733
74873557741
74873557784
74873557823
74873557916
74873557924
74873557930
74873557934
74873558081
74873558178
74873558187
74873558200
74873558213
74873558226
74873558232
74873558237
74873558253
74873558257
74873558263
74873558265
74873558266
74873558279
74873558283
74873558285
74873558287
74873558294
74873558334
74873558367
74873558379
74873558401
74873558421
74873558455
74873558457
74873558466
74873558498
74873558564
74873558566
74873558567
74873558578
74873558581
74873558592
74873558641
74873558652
74873558700
74873558758
74873558760
74873558765
74873558785
74873558812
74873558813
74873558820
74873558852
74873558969
74873558996
74873559039
74873559040
74873559090
74873559161
74873559178
74873559183
74873559210
74873559211
74873559260
74873559335
74873559389
74873559392
74873559424
74873559434
74873559442
74873559447
74873559495
74873559658
74873559676
74873559678
74873559691
74873559692
74873559787
74873559808
74873559826
74874140045
74874140404
74874140755
74874140868
74874141032
74874141049
74874141191
74874141236
74874141466
74874141593
74874144444
74874150091
74874150168
74874150342
74874150405
74874155658
74874155868
74874156101
74874157062
74874157306
74874157632
74874157777
74874157800
74874158209
74874158255
74874158259
74874158272
74874158605
74874158825
74874158865
74874158992
74874159043
74874159160
74874160006
74874160021
74874160025
74874160043
74874160047
74874160070
74874160090
74874160091
74874160097
74874160114
74874160140
74874160145
74874160151
74874160170
74874160190
74874160209
74874160217
74874160235
74874160266
74874160300
74874160308
74874160322
74874160325
74874160340
74874160354
74874160369
74874160374
74874160388
74874160394
74874160415
74874160423
74874160471
74874160479
74874160525
74874160583
74874160594
74874160645
74874160667
74874160688
74874160726
74874160737
74874160750
74874160773
74874160779
74874160801
74874160809
74874160812
74874160818
74874160833
74874160901
74874160922
74874160954
74874161011
74874161157
74874161214
74874161223
74874161258
74874161295
74874161336
74874161341
74874161382
74874161387
74874161404
74874161424
74874161436
74874161452
74874161515
74874161516
74874161527
74874161548
74874161570
74874161644
74874161655
74874161692
74874161697
74874161705
74874161734
74874161747
74874161777
74874161863
74874161890
74874161918
74874161941
74874161962
74874161985
74874161991
74874162016
74874162020
74874162035
74874162039
74874162077
74874162097
74874162111
74874162213
74874162218
74874162229
74874162278
74874162388
74874162474
74874162490
74874162555
74874162611
74874162642
74874162746
74874162769
74874162817
74874162892
74874162937
74874162982
74874163000
74874163021
74874163064
74874163076
74874163077
74874163082
74874163096
74874163112
74874163122
74874163136
74874163137
74874163170
74874163171
74874163180
74874163181
74874163333
74874163555
74874163567
74874163603
74874163629
74874163685
74874163695
74874163956
74874163988
74874163996
74874164174
74874164215
74874164219
74874164255
74874164289
74874164290
74874164298
74874164309
74874164323
74874164339
74874164632
74874164681
74874164695
74874164846
74874164899
74874164938
74874164966
74874165016
74874165024
74874165068
74874165072
74874165143
74874165153
74874165208
74874165300
74874165344
74874165433
74874165434
74874165441
74874165456
74874165519
74874165523
74874165540
74874165556
74874165558
74874165574
74874165661
74874165722
74874165813
74874165842
74874165858
74874165874
74874165877
74874165890
74874165892
74874165894
74874165896
74874165898
74874165899
74874165911
74874165927
74874165939
74874165954
74874165965
74874165988
74874165996
74874166010
74874166015
74874166073
74874166088
74874166091
74874166095
74874166100
74874166120
74874166177
74874166207
74874166212
74874166227
74874166260
74874166345
74874166393
74874166403
74874166444
74874166500
74874166525
74874166578
74874166583
74874166608
74874166630
74874166645
74874166656
74874166666
74874166667
74874166685
74874166690
74874166737
74874166745
74874166749
74874166757
74874166774
74874166829
74874166842
74874166857
74874167018
74874167081
74874167090
74874167097
74874167238
74874167246
74874167296
74874167422
74874167619
74874167780
74874167790
74874167791
74874167840
74874167847
74874167880
74874167882
74874167955
74874167960
74874167961
74874167963
74874167964
74874167965
74874167966
74874167967
74874167969
74874167999
74875145127
74875145280
74875145397
74875145524
74875145551
74875145796
74875145836
74875145987
74875146116
74875146181
74875146448
74875146543
74875146617
74875148600
74875148779
74875148805
74875150076
74875151003
74875151004
74875151055
74875151225
74875151358
74875151892
74875151914
74875152144
74875152255
74875152261
74875152272
74875152279
74875152340
74875152369
74875152442
74875152474
74875152547
74875152724
74875152781
74875152782
74875152865
74875152955
74875152956
74875153015
74875153368
74875153448
74875153493
74875153544
74875153742
74875153743
74875153849
74875153943
74875153952
74875153968
74875154051
74875154213
74875154354
74875154395
74875154706
74875154735
74875154818
74875154829
74875154842
74875155120
74875155153
74875155170
74875155186
74875155245
74875155549
74875155562
74875155722
74875156014
74875156132
74875156183
74875156342
74875156500
74875156705
74875156910
74875158103
74875158641
74875159214
74875159440
74875159587
74875159819
74875160732
74875160752
74875160895
74875321227
74875321559
74875321700
74875321702
74875321715
74875321731
74875321744
74875321748
74875321749
74875321757
74875321817
74875321825
74875321915
74875321920
74875321923
74875321952
74875323006
74875323023
74875323084
74875323107
74875323338
74875323344
74875323359
74875323602
74875323879
74875323887
74875323940
74875323961
74875323988
74875324086
74875324149
74875324152
74875324365
74875324444
74875324534
74875324693
74875324773
74875325084
74875325181
74875325273
74875325314
74875325417
74875340001
74875340008
74875340013
74875340055
74875340092
74875340182
74875340222
74875340240
74875340260
74875340261
74875340286
74875340303
74875340334
74875340356
74875340357
74875340386
74875340395
74875340403
74875340417
74875340451
74875340501
74875340502
74875340600
74875340671
74875340678
74875340692
74875340698
74875340700
74875340831
74875340843
74875340872
74875340897
74875340909
74875340913
74875340945
74875340977
74875341031
74875341083
74875341102
74875341105
74875341151
74875341154
74875341165
74875341175
74875341189
74875341234
74875341235
74875341246
74875341271
74875341318
74875341419
74875341479
74875341547
74875341607
74875341629
74875341640
74875341648
74875341733
74875341741
74875341750
74875341757
74875341769
74875341849
74875341883
74875341906
74875341908
74875341911
74875341969
74875341971
74875341989
74875342048
74875342073
74875342137
74875342191
74875342307
74875342453
74875342455
74875342610
74875342662
74875342754
74875342827
74875342851
74875343009
74875343068
74875343103
74875343110
74875343172
74875343192
74875343207
74875343238
74875343247
74875343299
74875343325
74875343372
74875343503
74875343530
74875343565
74875343576
74875343663
74875343749
74875343793
74875343838
74875344042
74875344190
74875344284
74875344495
74875344514
74875344518
74875344556
74875344562
74875344572
74875344612
74875344841
74875344989
74875345012
74875345031
74875345037
74875345041
74875345043
74875345045
74875345046
74875345056
74875345071
74875345075
74875345077
74875345084
74875345086
74875345094
74875345095
74875345099
74875345101
74875345108
74875345149
74875345153
74875345157
74875345167
74875345175
74875345179
74875345181
74875345191
74875345214
74875345241
74875345242
74875345254
74875345274
74875345292
74875345293
74875345330
74875345334
74875345360
74875345363
74875345365
74875345368
74875345391
74875345411
74875345415
74875345431
74875345439
74875345440
74875345445
74875345446
74875345463
74875345467
74875345471
74875345486
74875345490
74875345509
74875345523
74875345535
74875345540
74875345601
74875345607
74875345608
74875345610
74875345624
74875359324
74875360028
74875360104
74875360219
74875360259
74875361028
74875361096
74875361167
74875424082
74875424387
74875444617
74875445064
74875445143
74875445346
74875445747
74875445964
74875446470
74875446724
74875446740
74875448320
74875449117
74875461043
74875461778
74875461983
74875462352
74875462442
74875463480
74875464290
74912208223
74912208304
74912208306
74912208481
74912208535
74912208546
74912208550
74912208564
74912208565
74912208595
74912208607
74912208766
74912208866
74912208882
74912209040
74912209138
74912209149
74912209158
74912209181
74912209218
74912209264
74912209291
74912209334
74912209501
74912209511
74912209512
74912209527
74912209533
74912209534
74912209539
74912209543
74912209572
74912209598
74912209600
74912209621
74912209631
74912210015
74912210027
74912210069
74912210111
74912210145
74912210162
74912210287
74912210378
74912210480
74912210506
74912210535
74912210588
74912210594
74912210679
74912210734
74912210758
74912210777
74912210788
74912210813
74912210818
74912211026
74912211103
74912211105
74912211218
74912211289
74912211331
74912211514
74912211676
74912211693
74912211708
74912211766
74912212030
74912212720
74912212727
74912212731
74912212758
74912212986
74912213109
74912213343
74912213427
74912213545
74912213612
74912213732
74912214162
74912214258
74912214681
74912215267
74912215564
74912215616
74912215641
74912215744
74912215789
74912215841
74912216132
74912216210
74912216228
74912216288
74912216449
74912216476
74912216529
74912216578
74912217062
74912217132
74912217224
74912217374
74912217480
74912217536
74912217616
74912217640
74912217706
74912217756
74912217815
74912217825
74912217830
74912217931
74912218097
74912218132
74912218148
74912218577
74912218743
74912218906
74912218991
74912219788
74912219820
74912219933
74912219935
74912219938
74912250171
74912250314
74912250446
74912250447
74912250451
74912250550
74912250581
74912250663
74912250699
74912251035
74912251042
74912251134
74912251148
74912251171
74912251402
74912251544
74912251545
74912251584
74912251666
74912251700
74912251733
74912251740
74912251862
74912252010
74912252028
74912252031
74912252045
74912252056
74912252069
74912252077
74912252094
74912252121
74912252133
74912252151
74912252161
74912252163
74912252164
74912252220
74912252237
74912252247
74912252250
74912252252
74912252262
74912252302
74912252309
74912252319
74912252325
74912252337
74912252338
74912252341
74912252342
74912252371
74912252382
74912252400
74912252440
74912252452
74912252482
74912252485
74912252506
74912252507
74912252517
74912252518
74912252525
74912252545
74912252560
74912252572
74912252577
74912252583
74912252612
74912252640
74912252658
74912252664
74912252665
74912252669
74912252695
74912252696
74912252703
74912252734
74912252762
74912252843
74912252846
74912252847
74912252919
74912252926
74912252943
74912252951
74912252979
74912252991
74912252999
74912253010
74912253020
74912253022
74912253045
74912253052
74912253060
74912253077
74912253085
74912253088
74912253103
74912253130
74912253131
74912253139
74912253190
74912253246
74912253253
74912253317
74912253331
74912253337
74912253341
74912253355
74912253363
74912253389
74912253390
74912253461
74912253511
74912253520
74912253561
74912253570
74912253635
74912253715
74912253725
74912253732
74912253741
74912253743
74912253812
74912253813
74912253843
74912253860
74912253947
74912253997
74912254016
74912254020
74912254029
74912254037
74912254038
74912254040
74912254063
74912254097
74912254110
74912254148
74912254183
74912254203
74912254204
74912254206
74912254210
74912254261
74912254326
74912254365
74912254399
74912254406
74912254426
74912254438
74912254448
74912254449
74912254483
74912254488
74912254544
74912254601
74912254614
74912254633
74912254759
74912254769
74912254807
74912254815
74912254876
74912254897
74912254935
74912254996
74912255054
74912255060
74912255232
74912255236
74912255250
74912255253
74912255290
74912255304
74912255313
74912255365
74912255382
74912255454
74912255479
74912255507
74912255516
74912255627
74912255650
74912255691
74912255711
74912255719
74912255725
74912255814
74912255880
74912255969
74912256015
74912256037
74912256041
74912256151
74912256180
74912256214
74912256218
74912256233
74912256261
74912256267
74912256347
74912256357
74912256418
74912256460
74912256573
74912256601
74912256648
74912256716
74912256806
74912256808
74912256816
74912256902
74912257020
74912257105
74912257171
74912257206
74912257230
74912257245
74912257341
74912257364
74912257366
74912257475
74912257489
74912257664
74912257720
74912257775
74912257830
74912257872
74912257888
74912257967
74912258068
74912258153
74912258168
74912258170
74912258207
74912258332
74912258466
74912258502
74912258518
74912258639
74912258644
74912258663
74912258713
74912258829
74912258857
74912258983
74912259012
74912259017
74912259076
74912259084
74912259171
74912259219
74912259257
74912259298
74912259317
74912259320
74912259527
74912259528
74912259533
74912259685
74912259770
74912261190
74912261215
74912261246
74912263006
74912263010
74912264328
74912264533
74912264638
74912264663
74912266115
74912266121
74912266136
74912266303
74912266334
74912266378
74912266530
74912266765
74912267254
74912267290
74912267315
74912270054
74912270075
74912270147
74912270179
74912270252
74912270306
74912270346
74912270347
74912270464
74912270471
74912270543
74912270773
74912270805
74912270905
74912270991
74912271010
74912271067
74912271186
74912271420
74912271500
74912271789
74912271808
74912271998
74912272011
74912272052
74912272112
74912272129
74912272141
74912272191
74912272240
74912272257
74912272272
74912272326
74912272341
74912272423
74912272447
74912272501
74912272530
74912272550
74912272702
74912272706
74912272716
74912272722
74912272724
74912272784
74912272788
74912272800
74912272808
74912272838
74912272884
74912272946
74912273077
74912273258
74912273295
74912273300
74912273360
74912273617
74912273725
74912273847
74912273900
74912273947
74912274268
74912274291
74912274414
74912274421
74912274443
74912274465
74912274530
74912274556
74912274574
74912274671
74912274691
74912274712
74912274736
74912274751
74912274787
74912274814
74912274845
74912274893
74912274897
74912274912
74912274915
74912274921
74912274992
74912275017
74912275033
74912275082
74912275144
74912275175
74912275178
74912275191
74912275257
74912275269
74912275427
74912275650
74912275674
74912275748
74912275750
74912275873
74912276162
74912276376
74912276443
74912276465
74912276530
74912276705
74912277018
74912277035
74912277044
74912277051
74912277080
74912277143
74912277220
74912277273
74912277448
74912277470
74912277543
74912277571
74912277708
74912277763
74912278232
74912278400
74912278403
74912278802
74912279009
74912279044
74912279066
74912279350
74912279715
74912279798
74912279914
74912280129
74912280322
74912280346
74912280394
74912280396
74912280408
74912280429
74912280448
74912280464
74912280492
74912280498
74912280521
74912280545
74912280550
74912280558
74912280579
74912280588
74912280719
74912280720
74912280991
74912280994
74912281023
74912281158
74912281242
74912281315
74912281320
74912281325
74912281334
74912281458
74912281554
74912281630
74912281715
74912281717
74912281922
74912281952
74912282009
74912282032
74912282053
74912282059
74912282067
74912282071
74912282085
74912282088
74912282090
74912282092
74912282118
74912282141
74912282200
74912282284
74912282286
74912282293
74912282324
74912282326
74912282353
74912282374
74912282380
74912282896
74912282947
74912282964
74912282983
74912283025
74912283033
74912283035
74912283142
74912283161
74912283338
74912283372
74912283432
74912283488
74912283490
74912283515
74912283527
74912283560
74912283566
74912283592
74912283595
74912283696
74912283701
74912283736
74912283977
74912283989
74912283990
74912284036
74912284119
74912284127
74912284141
74912284253
74912284333
74912284466
74912284488
74912284537
74912284603
74912285027
74912285031
74912285037
74912285042
74912285053
74912285101
74912285205
74912285219
74912285264
74912285340
74912285356
74912285360
74912285373
74912285735
74912285743
74912285748
74912285939
74912286248
74912286251
74912286265
74912286287
74912286585
74912286615
74912286863
74912287549
74912287630
74912287682
74912287683
74912287743
74912287744
74912287767
74912287904
74912287963
74912287983
74912288003
74912288053
74912288134
74912288146
74912288156
74912288161
74912288173
74912288182
74912288198
74912288200
74912288205
74912288230
74912288290
74912288332
74912288539
74912288624
74912288641
74912288793
74912288810
74912288850
74912288887
74912288890
74912288891
74912288920
74912288988
74912289011
74912289035
74912289049
74912289069
74912289082
74912289086
74912289088
74912289099
74912289106
74912289155
74912289177
74912289201
74912289206
74912289213
74912289245
74912289255
74912289275
74912289290
74912289301
74912289409
74912289430
74912289465
74912289477
74912289493
74912289564
74912289591
74912289622
74912289635
74912289643
74912289645
74912289666
74912289805
74912289814
74912289833
74912289835
74912289849
74912289864
74912289868
74912289908
74912289926
74912289969
74912290008
74912290013
74912290015
74912290035
74912290052
74912290054
74912290090
74912290113
74912290121
74912290129
74912290141
74912290169
74912290171
74912290204
74912290207
74912290210
74912290211
74912290224
74912290232
74912290235
74912290236
74912290259
74912290278
74912290289
74912290352
74912290359
74912290364
74912290375
74912290388
74912290397
74912290410
74912290461
74912290463
74912290465
74912290467
74912290484
74912290491
74912290494
74912290512
74912290532
74912290533
74912290537
74912290548
74912290553
74912290582
74912290619
74912290651
74912290673
74912290679
74912290686
74912290713
74912290739
74912290741
74912290743
74912290759
74912290767
74912290771
74912290775
74912290777
74912290779
74912290780
74912290902
74912290903
74912290908
74912290910
74912290914
74912290918
74912290920
74912290922
74912290926
74912290927
74912290928
74912290932
74912290933
74912290937
74912290940
74912290946
74912290956
74912290963
74912290965
74912290968
74912290970
74912290974
74912290976
74912290982
74912290992
74912290999
74912291511
74912291587
74912291637
74912291745
74912291908
74912291919
74912291961
74912291962
74912314240
74912320264
74912321728
74912322721
74912323141
74912323165
74912326309
74912326341
74912327903
74912328430
74912328499
74912328764
74912328917
74912329122
74912329935
74912330051
74912330203
74912330281
74912330343
74912330487
74912330570
74912331049
74912331720
74912332721
74912332724
74912333357
74912334457
74912334586
74912334757
74912334915
74912335617
74912335706
74912335755
74912336611
74912337374
74912338186
74912339431
74912339518
74912339611
74912339643
74912339692
74912339693
74912339908
74912340171
74912340612
74912340901
74912340910
74912340940
74912344889
74912345285
74912345542
74912346101
74912347352
74912347465
74912347572
74912348030
74912348693
74912348836
74912348931
74912349006
74912350355
74912350991
74912351727
74912351787
74912352591
74912353085
74912353874
74912356406
74912356933
74912358152
74912359163
74912361871
74912362672
74912364024
74912364036
74912364081
74912364505
74912365078
74912365688
74912365725
74912365854
74912366699
74912366807
74912369719
74912370351
74912372443
74912372930
74912373057
74912373063
74912373089
74912373362
74912373543
74912373697
74912373714
74912373790
74912376186
74912376227
74912376262
74912376351
74912376460
74912376512
74912376571
74912376599
74912376770
74912376771
74912376878
74912377065
74912377100
74912377151
74912377152
74912377245
74912377250
74912377271
74912377284
74912377308
74912377441
74912377499
74912377580
74912377616
74912377660
74912377677
74912377706
74912377740
74912377778
74912378036
74912378072
74912378406
74912378439
74912378491
74912378502
74912378610
74912378695
74912378708
74912378818
74912378882
74912378885
74912378895
74912378925
74912378980
74912378988
74912379131
74912379268
74912379385
74912380030
74912380108
74912380191
74912381034
74912381186
74912382000
74912382252
74912382286
74912382382
74912382460
74912382648
74912382790
74912382792
74912382810
74912382845
74912382956
74912382966
74912383000
74912383040
74912383080
74912383085
74912383179
74912383200
74912383917
74912384495
74912384794
74912385640
74912385862
74912386079
74912386214
74912386246
74912386391
74912386430
74912386604
74912386688
74912386718
74912386807
74912387005
74912387120
74912387153
74912387207
74912387232
74912387293
74912387350
74912387378
74912387534
74912387625
74912387628
74912387631
74912387659
74912387698
74912387731
74912387844
74912387852
74912387904
74912388060
74912388070
74912388084
74912388225
74912388235
74912388254
74912388302
74912388305
74912388321
74912388361
74912388472
74912388477
74912388657
74912388769
74912388894
74912388985
74912389075
74912389130
74912389195
74912390169
74912390206
74912390243
74912390302
74912390340
74912390399
74912390544
74912390786
74912390903
74912410070
74912410442
74912410489
74912410658
74912410713
74912410773
74912411161
74912411200
74912411233
74912411320
74912411554
74912411582
74912411669
74912411682
74912411749
74912411789
74912412025
74912412056
74912412147
74912412221
74912412430
74912412538
74912412734
74912413050
74912413067
74912413252
74912413365
74912413387
74912413438
74912413446
74912413465
74912413500
74912413567
74912413616
74912414005
74912414013
74912414104
74912414138
74912414198
74912414206
74912414227
74912414367
74912414395
74912414530
74912414539
74912414592
74912414606
74912414671
74912414718
74912414719
74912414741
74912414851
74912415104
74912415113
74912415130
74912415162
74912415184
74912415384
74912415424
74912415526
74912415903
74912415911
74912415964
74912416161
74912416329
74912416331
74912416547
74912416810
74912416843
74912417144
74912417286
74912418059
74912418111
74912418389
74912440014
74912440092
74912440203
74912440210
74912440216
74912440222
74912440257
74912440258
74912440261
74912440275
74912440283
74912440291
74912440294
74912440308
74912440312
74912440337
74912440369
74912440371
74912440377
74912440382
74912440402
74912440587
74912440623
74912440630
74912440657
74912440676
74912440704
74912440761
74912440766
74912440768
74912440826
74912440856
74912440900
74912440922
74912440931
74912440953
74912440987
74912440995
74912441151
74912441242
74912441254
74912441310
74912441313
74912441342
74912441378
74912441409
74912441454
74912441484
74912441515
74912441520
74912441534
74912441616
74912441637
74912441693
74912441696
74912441697
74912441712
74912441768
74912441782
74912441784
74912441803
74912441812
74912441841
74912441910
74912441915
74912441969
74912442240
74912442272
74912442341
74912442347
74912442396
74912442410
74912442428
74912442496
74912442514
74912442581
74912442583
74912442764
74912442857
74912442869
74912442881
74912442883
74912442934
74912443218
74912443251
74912443285
74912443286
74912443292
74912443298
74912443307
74912443346
74912443355
74912443362
74912443394
74912443439
74912443443
74912443578
74912443591
74912443601
74912443617
74912443627
74912443657
74912443669
74912443687
74912443705
74912443728
74912443741
74912443869
74912443961
74912444068
74912444210
74912444220
74912444253
74912444266
74912444277
74912444333
74912444360
74912444381
74912444386
74912444388
74912444433
74912444452
74912444462
74912444468
74912444526
74912444566
74912444573
74912444606
74912444608
74912444640
74912444648
74912444726
74912444786
74912444812
74912444838
74912444888
74912444893
74912444902
74912444907
74912444975
74912445214
74912445256
74912445418
74912445431
74912445434
74912445488
74912445596
74912445655
74912445793
74912445823
74912445863
74912445874
74912445878
74912445882
74912445898
74912445964
74912446149
74912446240
74912446258
74912446263
74912446283
74912446300
74912446404
74912446433
74912446445
74912446525
74912446527
74912446577
74912446592
74912446596
74912446609
74912446732
74912446751
74912446764
74912446775
74912446807
74912446834
74912446881
74912446893
74912446903
74912446983
74912447025
74912447230
74912447237
74912447253
74912447387
74912447428
74912447477
74912447557
74912447626
74912447682
74912447707
74912447717
74912447742
74912447773
74912447855
74912447878
74912447979
74912447980
74912448240
74912448506
74912448531
74912448532
74912448545
74912448595
74912448639
74912448700
74912448724
74912448733
74912448783
74912448787
74912448798
74912448911
74912448956
74912448990
74912450152
74912450168
74912450356
74912450446
74912450990
74912451196
74912451436
74912451558
74912451575
74912451814
74912451903
74912451947
74912452709
74912453031
74912453145
74912453157
74912453447
74912453473
74912453497
74912453537
74912453545
74912453555
74912453585
74912453636
74912453686
74912453903
74912453931
74912455034
74912455147
74912455198
74912455204
74912455430
74912455642
74912455708
74912455881
74912456033
74912456726
74912456781
74912456871
74912457748
74912458193
74912458242
74912458545
74912458635
74912458949
74912458969
74912920028
74912920364
74912920601
74912920909
74912921159
74912921246
74912921586
74912921852
74912923330
74912923996
74912926644
74912928821
74912928893
74912929070
74912929265
74912929998
74912960038
74912960058
74912960064
74912960217
74912960358
74912960421
74912960468
74912960488
74912960604
74912960761
74912960822
74912961590
74912961633
74912961727
74912961759
74912961830
74912961848
74912962044
74912962083
74912962210
74912962217
74912962247
74912962274
74912962984
74912963108
74912963356
74912963422
74912963428
74912963490
74912963507
74912963591
74912963647
74912963849
74912964182
74912964581
74912964688
74912965045
74912965090
74912965209
74912965277
74912965664
74912965838
74912965965
74912965966
74912966066
74912966128
74912966134
74912966379
74912967871
74912967900
74912968020
74912968200
74912968263
74912968266
74912968676
74912968862
74912968899
74912968900
74912969509
74912969670
74912969686
74912969872
74912969988
74912970035
74912981295
74912981317
74912981335
74912981336
74912981437
74912981985
74912982011
74912982266
74912982294
74912982323
74912982335
74912982393
74912982844
74912983020
74912983060
74912983150
74912983427
74912983688
74912983838
74912983901
74912984038
74912984069
74912984082
74912984102
74912984270
74912984292
74912984393
74912984402
74912984410
74912984415
74912984482
74912984486
74912984511
74912984631
74912984884
74912985252
74912985628
74912985657
74912985858
74912986139
74912986156
74912986158
74912986160
74912986434
74912986444
74912986636
74912986828
74912986838
74912986984
74912986985
74912987129
74912987328
74912987424
74912987677
74912987718
74912987738
74912987838
74912987889
74912988045
74912988142
74912988151
74912988155
74912988196
74912988214
74912988216
74912988219
74912988223
74912988225
74912988245
74912988303
74912988307
74912988327
74912988470
74912989009
74913141028
74913141388
74913141580
74913141800
74913142095
74913142125
74913142146
74913142348
74913142504
74913142702
74913142720
74913142945
74913143030
74913143528
74913143771
74913144081
74913144607
74913144846
74913144854
74913144904
74913145018
74913145213
74913145218
74913148143
74913148355
74913150812
74913150965
74913151044
74914121546
74914122411
74914122551
74914123171
74914141347
74914141893
74914141983
74914142637
74914142838
74914143329
74914145030
74914145035
74914145043
74914145059
74914145066
74914145105
74914145144
74914145190
74914145194
74914145239
74914145248
74914145258
74914145277
74914145302
74914145356
74914145357
74914145420
74914145421
74914145431
74914145479
74914145484
74914145496
74914145501
74914145556
74914145629
74914145675
74914145708
74914145810
74914145816
74914145841
74914145846
74914145864
74914145910
74914146225
74914146229
74914146261
74914146265
74914146288
74914146329
74914146414
74914146423
74914146424
74914146538
74914146539
74914146557
74914146686
74914146687
74914224280
74914226008
74914226152
74914226268
74914226511
74914226631
74914226639
74914226652
74914226662
74914226838
74914226843
74914227516
74914229980
74914721051
74914721145
74914721235
74914721236
74914721254
74914721255
74914721361
74914721374
74914721375
74914721377
74914721546
74914721552
74914721658
74914721944
74914722252
74914722295
74914722354
74914722387
74914722558
74914722876
74914722877
74914723932
74914724125
74914724931
74914725148
74914725345
74914726314
74914726497
74914728341
74914728941
74922210039
74922210044
74922210105
74922210131
74922210155
74922210156
74922210214
74922210231
74922210375
74922210442
74922210457
74922210461
74922210478
74922210531
74922210549
74922210554
74922210579
74922210617
74922210650
74922210683
74922210686
74922210712
74922210727
74922210746
74922210761
74922210808
74922210815
74922210867
74922210872
74922210946
74922211005
74922211012
74922211042
74922211049
74922211061
74922211064
74922211089
74922211090
74922211091
74922211125
74922211161
74922211191
74922211223
74922211229
74922211290
74922211345
74922211349
74922211410
74922211415
74922211512
74922211551
74922211557
74922211561
74922211573
74922211616
74922211632
74922211637
74922211658
74922211752
74922211777
74922211835
74922211930
74922212076
74922212170
74922212264
74922212321
74922212323
74922212348
74922212349
74922212392
74922212409
74922212432
74922212445
74922212576
74922212600
74922212610
74922212650
74922212703
74922212766
74922212805
74922212815
74922212949
74922212986
74922213322
74922213395
74922213423
74922213473
74922213507
74922213570
74922213601
74922213627
74922213646
74922213668
74922213697
74922213725
74922213778
74922213791
74922213792
74922213887
74922213930
74922213952
74922213993
74922214209
74922214300
74922214301
74922214304
74922214327
74922214357
74922214430
74922214442
74922214453
74922214470
74922214524
74922214552
74922214570
74922214591
74922214720
74922214731
74922214742
74922215043
74922215221
74922215243
74922215268
74922215282
74922215344
74922215361
74922215371
74922215409
74922215512
74922215613
74922215636
74922215671
74922215674
74922215775
74922215908
74922215958
74922215991
74922216011
74922216246
74922216267
74922216295
74922216383
74922216533
74922216536
74922216565
74922216569
74922216698
74922216737
74922216767
74922216770
74922216827
74922216836
74922216869
74922216885
74922216896
74922216974
74922217059
74922217391
74922217412
74922217834
74922218180
74922218270
74922218302
74922218304
74922218308
74922218419
74922218452
74922218539
74922218686
74922218985
74922218987
74922219054
74922219177
74922219276
74922219304
74922219463
74922219648
74922219767
74922219811
74922219968
74922219976
74922219998
74922260118
74922260205
74922260241
74922260260
74922260316
74922260319
74922260342
74922260358
74922260361
74922260462
74922260468
74922260508
74922260511
74922260536
74922260572
74922260621
74922260622
74922260722
74922260808
74922261436
74922261512
74922261520
74922261572
74922261577
74922261607
74922261681
74922261788
74922261818
74922261834
74922261879
74922261943
74922262219
74922262290
74922262300
74922262328
74922262728
74922262827
74922263065
74922263179
74922263313
74922263620
74922263776
74922263797
74922263977
74922263979
74922264050
74922264190
74922400008
74922400053
74922400110
74922400777
74922400800
74922401009
74922401242
74922401245
74922401252
74922401264
74922401266
74922401267
74922401287
74922401455
74922401527
74922401562
74922401565
74922401577
74922401838
74922401900
74922402000
74922402005
74922402012
74922402019
74922402022
74922402044
74922402081
74922402127
74922402505
74922402520
74922402533
74922402541
74922402543
74922402549
74922402589
74922402602
74922402625
74922402633
74922402677
74922402680
74922402697
74922402708
74922402714
74922402722
74922402750
74922402757
74922402790
74922402818
74922402845
74922402847
74922402850
74922403108
74922404288
74922404333
74922404377
74922404895
74922404911
74922404915
74922404949
74922404967
74922404968
74922404985
74922404989
74922404993
74922404997
74922405639
74922405666
74922405676
74922405690
74922406103
74922406544
74922406555
74922406564
74922406767
74922407049
74922407085
74922407113
74922407124
74922407152
74922407170
74922407299
74922408386
74922408586
74922410136
74922410294
74922410464
74922410565
74922410630
74922410671
74922410986
74922411072
74922411111
74922411151
74922411258
74922411348
74922411488
74922411625
74922412146
74922412151
74922412412
74922412565
74922412857
74922412990
74922413141
74922413145
74922413192
74922413325
74922413344
74922413436
74922414141
74922414274
74922414832
74922414900
74922415223
74922415445
74922420002
74922420016
74922420103
74922420221
74922420302
74922420316
74922420413
74922420451
74922420525
74922420533
74922420578
74922420598
74922420611
74922420618
74922420647
74922420658
74922420674
74922420679
74922420691
74922420793
74922420823
74922420859
74922420865
74922420874
74922420905
74922420973
74922420996
74922421009
74922421028
74922421056
74922421112
74922421128
74922421152
74922421221
74922421224
74922421237
74922421242
74922421253
74922421271
74922421343
74922422054
74922422146
74922422168
74922422201
74922422213
74922422223
74922422237
74922422264
74922422279
74922422402
74922422406
74922422410
74922422413
74922422427
74922422560
74922422571
74922422738
74922422800
74922423025
74922423067
74922423071
74922423119
74922423130
74922423142
74922423167
74922423168
74922423186
74922423205
74922423207
74922423234
74922423292
74922423308
74922423339
74922423342
74922423395
74922424023
74922424032
74922424055
74922424079
74922424141
74922424203
74922424587
74922424754
74922424819
74922424855
74922424949
74922425035
74922425064
74922425126
74922425165
74922425179
74922425190
74922425283
74922425284
74922425292
74922425444
74922426013
74922426055
74922426077
74922426661
74922430012
74922430018
74922430085
74922430096
74922430366
74922430394
74922430504
74922430508
74922430798
74922430949
74922430985
74922431055
74922431091
74922431166
74922431169
74922431248
74922431403
74922431553
74922431566
74922431614
74922431631
74922431729
74922431853
74922432033
74922432123
74922432195
74922432197
74922432234
74922432314
74922432329
74922432346
74922432397
74922432415
74922432451
74922432477
74922432501
74922432522
74922432525
74922440006
74922440238
74922440273
74922440360
74922440612
74922440997
74922441068
74922441079
74922441109
74922441126
74922441149
74922441183
74922441196
74922441231
74922441304
74922441555
74922441647
74922441744
74922441827
74922441842
74922441857
74922442274
74922443008
74922443046
74922443055
74922443064
74922443101
74922443132
74922443380
74922443511
74922443597
74922443614
74922443721
74922443722
74922443726
74922443866
74922443879
74922443894
74922443939
74922443967
74922444102
74922444106
74922444176
74922444226
74922444233
74922444235
74922444444
74922444477
74922444529
74922444539
74922444552
74922444555
74922444599
74922444616
74922444735
74922444936
74922445008
74922445023
74922445100
74922445335
74922445365
74922445454
74922445515
74922445527
74922445566
74922445572
74922445579
74922445592
74922445635
74922445672
74922445684
74922445805
74922445820
74922445823
74922445852
74922446311
74922446389
74922446400
74922446434
74922446522
74922446634
74922446661
74922446707
74922446744
74922446767
74922446864
74922446901
74922447183
74922447209
74922447368
74922447369
74922447436
74922447517
74922447537
74922447576
74922447787
74922447956
74922448061
74922448601
74922448603
74922448731
74922448749
74922449310
74922449314
74922449330
74922449495
74922449788
74922449825
74922450016
74922450051
74922450060
74922450174
74922450290
74922450411
74922450705
74922450713
74922450822
74922450877
74922450895
74922450954
74922450960
74922450995
74922451000
74922451026
74922451028
74922451102
74922451447
74922451483
74922451514
74922451532
74922451570
74922451607
74922451632
74922451636
74922451668
74922451670
74922451685
74922451705
74922451714
74922451720
74922451750
74922451788
74922451835
74922451848
74922451877
74922451919
74922451938
74922452143
74922452437
74922452549
74922452844
74922453004
74922453051
74922453099
74922453318
74922453319
74922453439
74922453500
74922453527
74922454170
74922455121
74922455285
74922455621
74922456073
74922456173
74922456242
74922456312
74922456419
74922456468
74922456734
74922456863
74922456943
74922457176
74922457256
74922457487
74922457603
74922457647
74922458003
74922458015
74922458023
74922458112
74922458299
74922458509
74922458600
74922458632
74922459002
74922459191
74922459233
74922459305
74922459314
74922459404
74922770107
74922770167
74922770208
74922770383
74922771006
74922771012
74922771014
74922771081
74922771155
74922771199
74922771309
74922771316
74922771317
74922771341
74922771353
74922771474
74922771481
74922771483
74922771502
74922771547
74922771573
74922771616
74922771652
74922771669
74922771674
74922771685
74922771693
74922771702
74922771749
74922771772
74922771775
74922771793
74922773000
74922773035
74922773050
74922773052
74922773080
74922773093
74922773123
74922773131
74922773141
74922773147
74922773192
74922773200
74922773240
74922773242
74922773243
74922773262
74922773269
74922773284
74922773291
74922773337
74922773344
74922773388
74922773400
74922773415
74922773439
74922773454
74922773460
74922773467
74922773876
74922773937
74922773943
74922773989
74922777433
74922777461
74922777475
74922777476
74922777490
74922777536
74922777555
74922777578
74922777580
74922777583
74922777658
74922777697
74922777708
74922777744
74922777800
74922777807
74922777818
74922777820
74922777823
74922777824
74922777826
74922777835
74922777921
74922777935
74922777950
74922777961
74922778045
74922778078
74922778121
74922778124
74922778132
74922778135
74922778136
74922778137
74922778138
74922778157
74922778214
74922778253
74922778272
74922778416
74922778442
74922778465
74922778512
74922778528
74922778544
74922778560
74922778566
74922778588
74922778612
74922778685
74922778707
74922778723
74922778726
74922778733
74922778799
74922778808
74922778845
74922778985
74922778987
74922778995
74922779005
74922779010
74922779015
74922779057
74922779091
74922779105
74922779107
74922779178
74922779310
74922779341
74922779357
74922779423
74922779432
74922779440
74922779447
74922779490
74922779527
74922779542
74922779545
74922779564
74922779565
74922779573
74922779687
74922779707
74922779742
74922779807
74922779815
74922779816
74922779853
74922779856
74922779887
74922779915
74922779933
74922779950
74922779963
74922779964
74922779987
74922779988
74922779999
74923120144
74923120216
74923120304
74923120784
74923120926
74923121305
74923121357
74923121941
74923122893
74923123310
74923124313
74923125058
74923125100
74923125385
74923227030
74923227135
74923228001
74923230025
74923230091
74923230112
74923230153
74923230164
74923230167
74923230204
74923230215
74923230236
74923230266
74923230371
74923230379
74923230853
74923230945
74923231112
74923231177
74923231371
74923231595
74923231729
74923231845
74923231867
74923231938
74923231939
74923232284
74923232405
74923232412
74923232421
74923232454
74923232540
74923232698
74923232853
74923232925
74923233222
74923234069
74923234122
74923234319
74923234476
74923234557
74923234581
74923234649
74923234676
74923234829
74923234903
74923234963
74923235111
74923235272
74923235325
74923235379
74923235510
74923235620
74923235625
74923235674
74923235700
74923235767
74923235977
74923236356
74923236607
74923237009
74923237094
74923237140
74923237226
74923237450
74923237515
74923237823
74923237947
74923238006
74923238097
74923238230
74923238337
74923238487
74923238536
74923238590
74923238689
74923238796
74923239111
74923240017
74923240018
74923240093
74923240107
74923240113
74923240332
74923240483
74923240602
74923240708
74923240900
74923240921
74923241013
74923241026
74923241253
74923241472
74923241531
74923241662
74923241778
74923241797
74923241902
74923242197
74923242249
74923242577
74923242770
74923243132
74923243333
74923243593
74923243760
74923244333
74923244371
74923244407
74923244540
74923244550
74923244606
74923244680
74923244959
74923245308
74923245400
74923245707
74923246336
74923246705
74923246709
74923246868
74923246914
74923247002
74923247006
74923247051
74923247110
74923247134
74923247559
74923247787
74923248027
74923248034
74923248433
74923248528
74923248564
74923248930
74923248931
74923249019
74923249050
74923249239
74923249480
74923249746
74923249854
74923250262
74923250695
74923250979
74923251226
74923251516
74923251688
74923252317
74923252413
74923252713
74923253023
74923253221
74923253622
74923253926
74923254273
74923254550
74923255344
74923255654
74923255777
74923256725
74923257071
74923257222
74923257448
74923257702
74923257825
74923257964
74923258614
74923259352
74923259386
74923259601
74923260012
74923260993
74923261222
74923261350
74923261410
74923261884
74923261983
74923262003
74923262101
74923263006
74923263060
74923263292
74923263361
74923263390
74923263763
74923263808
74923263969
74923263970
74923264050
74923264114
74923264122
74923264191
74923264233
74923264280
74923264310
74923264357
74923264371
74923264515
74923264520
74923264523
74923264534
74923264551
74923264602
74923264652
74923264729
74923264739
74923264740
74923264749
74923264809
74923264846
74923264854
74923264864
74923264914
74923264919
74923264944
74923264948
74923265021
74923265633
74923265741
74923265858
74923265897
74923265961
74923266001
74923266824
74923266902
74923267071
74923267258
74923267318
74923267363
74923267369
74923267554
74923267569
74923267596
74923267868
74923267935
74923268190
74923268490
74923268496
74923268580
74923268636
74923268713
74923269288
74923269458
74923269495
74923269504
74923269601
74923269604
74923269608
74923269618
74923269625
74923269631
74923269637
74923269638
74923269645
74923269653
74923269661
74923269682
74923269685
74923269714
74923269719
74923269735
74923269741
74923269743
74923269773
74923269774
74923269796
74923269808
74923269850
74923269880
74923269884
74923269897
74923269901
74923269902
74923269952
74923269971
74923269982
74923320172
74923320269
74923320586
74923320750
74923321220
74923321282
74923321338
74923321372
74923321469
74923321491
74923321525
74923321688
74923322427
74923322489
74923322530
74923323051
74923323136
74923323211
74923323232
74923323255
74923323333
74923323555
74923324061
74923324096
74923324124
74923324161
74923324374
74923324635
74923324886
74923325194
74923325278
74923325297
74923325593
74923325611
74923325660
74923325717
74923325736
74923325856
74923326044
74923326167
74923326332
74923326392
74923326395
74923326495
74923326502
74923326579
74923326591
74923326765
74923327358
74923330603
74923330715
74923330802
74923330817
74923331017
74923332273
74923332464
74923420030
74923420189
74923420377
74923420395
74923420467
74923420485
74923420535
74923420570
74923420615
74923420752
74923420885
74923420919
74923421031
74923421121
74923421124
74923421222
74923421326
74923421501
74923421521
74923421560
74923421563
74923421845
74923421881
74923421922
74923421967
74923422043
74923422109
74923422222
74923422423
74923422520
74923422760
74923422917
74923423020
74923423071
74923423211
74923423257
74923423274
74923425361
74923425617
74923425814
74923426229
74923426245
74923426407
74923426566
74923426568
74923426733
74923426962
74923426989
74923429002
74923429026
74923430043
74923430143
74923430345
74923430635
74923430838
74923430878
74923430947
74923431062
74923431077
74923431211
74923431305
74923431335
74923431361
74923431498
74923431886
74923431945
74923432034
74923432057
74923432121
74923432162
74923432181
74923432222
74923432229
74923432328
74923432352
74923432386
74923432569
74923432818
74923432871
74923433147
74923433229
74923433237
74923433245
74923433303
74923433355
74923433411
74923433633
74923433680
74923433911
74923434183
74923434565
74923434801
74923435140
74923435452
74923435819
74923436062
74923436090
74923436291
74923436310
74923436431
74923436499
74923436672
74923436753
74923437387
74923438314
74923438521
74923438538
74923438567
74923438583
74923440422
74923440546
74923441073
74923441202
74923441283
74923441894
74923442256
74923442262
74923442474
74923442863
74923443091
74923444054
74923444415
74923444557
74923444586
74923444692
74923445438
74923446722
74923446835
74923447375
74923447388
74923448612
74923448956
74923449091
74923449140
74923449578
74923460053
74923460255
74923460278
74923460333
74923460403
74923460420
74923460426
74923460455
74923460747
74923460772
74923460887
74923461471
74923462708
74923463439
74923463483
74923463784
74923471057
74923471085
74923471599
74923471699
74923471739
74923471793
74923472101
74923472186
74923472331
74923472397
74923472489
74923472527
74923472627
74923472704
74923472791
74923472883
74923472885
74923473278
74923473316
74923473650
74923474102
74923474760
74923474779
74923474879
74923475264
74923475314
74923475318
74923475545
74923475801
74923476034
74923476159
74923476165
74923476170
74923476348
74923476375
74923476381
74923621154
74923621194
74923621199
74923621351
74923621399
74923621870
74923621978
74923622352
74923622939
74923623105
74923623407
74923623969
74923624059
74923720034
74923720274
74923720318
74923720341
74923720365
74923720433
74923720557
74923720782
74923720851
74923720936
74923721219
74923721491
74923721760
74923721928
74923721987
74923722063
74923722119
74923722128
74923722163
74923722386
74923722401
74923722538
74923722777
74923722866
74923722902
74923723019
74923723021
74923723096
74923723108
74923723551
74923723738
74923723928
74923724200
74923724263
74923724293
74923724379
74923724441
74923724543
74923724645
74923724911
74923725622
74923725659
74923725698
74923725700
74923725727
74923725813
74923725890
74923725904
74923726135
74924123621
74924130041
74924131298
74924132540
74924133060
74924135764
74924420303
74924420587
74924420860
74924421304
74924421323
74924421559
74924421732
74924421957
74924422000
74924422022
74924422063
74924422164
74924422297
74924422553
74924422832
74924423149
74924423504
74924423828
74924424068
74924424276
74924424301
74924424421
74924424492
74924424660
74924425453
74924425541
74924425872
74924425901
74924426026
74924426464
74924428373
74924430102
74924430400
74924430578
74924430693
74924430763
74924431087
74924431212
74924431458
74924431660
74924431836
74924432077
74924432092
74924438036
74924438245
74924438398
74924438425
74924438575
74924451203
74924451335
74924451718
74924451891
74924452494
74924452558
74924453391
74924453937
74924460001
74924460025
74924460061
74924460222
74924460272
74924460355
74924460599
74924460614
74924460712
74924460737
74924461072
74924461078
74924461079
74924461112
74924461115
74924461213
74924461343
74924461417
74924461483
74924461636
74924461685
74924461697
74924461711
74924461983
74924462201
74924462309
74924462338
74924462345
74924462354
74924462367
74924462402
74924462485
74924462605
74924462626
74924462649
74924462671
74924462698
74924462880
74924462928
74924462940
74924463020
74924463057
74924463080
74924463102
74924463133
74924463538
74924463551
74924463605
74924463622
74924463645
74924463659
74924463683
74924463698
74924463721
74924463799
74924463955
74924464004
74924464049
74924464077
74924464098
74924464140
74924464300
74924464446
74924464492
74924464685
74924464710
74924464883
74924465064
74924465149
74924465186
74924465255
74924465284
74924465466
74924465523
74924465811
74924465868
74924465887
74924466096
74924466141
74924466161
74924466211
74924466275
74924466641
74924466644
74924466665
74924466713
74924466731
74924466968
74924467075
74924467086
74924467103
74924467146
74924467540
74924467619
74924467754
74924467826
74924467914
74924468123
74924468701
74924468777
74924468785
74924469007
74924469010
74924469021
74924469172
74924469175
74924469177
74924469187
74924469189
74924469190
74924469196
74924469203
74924469253
74924469403
74924469424
74924469503
74924469511
74924469535
74924469585
74924469590
74924469613
74924469616
74924469618
74924469621
74924469625
74924469630
74924469661
74924469662
74924469663
74924469715
74924469716
74924469727
74924469785
74924469791
74924469792
74924469798
74924621119
74924621329
74924621348
74924621599
74924621765
74924621802
74924622116
74924622153
74924622167
74924622217
74924622347
74924622644
74924622671
74924622886
74924623108
74924623263
74924623423
74924623440
74924721146
74924721258
74924721320
74924721448
74924721449
74924721589
74924721639
74924721650
74924721773
74924721834
74924721835
74924721892
74924721978
74924722012
74924722094
74924722160
74924722310
74924722523
74924722566
74924722679
74924722749
74924722769
74924722808
74924722812
74924722900
74924723154
74924723334
74924723371
74924723626
74924723699
74924723881
74924723882
74924723885
74924724053
74924724280
74924724391
74924724459
74924724657
74924724669
74924724719
74924724729
74924725034
74932230087
74932230228
74932230236
74932230240
74932230345
74932230453
74932230517
74932230532
74932230543
74932230553
74932230606
74932230705
74932230815
74932230864
74932230867
74932230869
74932230885
74932230925
74932230935
74932230970
74932231076
74932231108
74932231202
74932231210
74932231258
74932231273
74932231332
74932231391
74932231486
74932231505
74932231654
74932231705
74932231765
74932231779
74932231976
74932231984
74932232262
74932232393
74932232398
74932232495
74932232507
74932232526
74932232541
74932232556
74932232561
74932232598
74932232706
74932232773
74932232805
74932232811
74932232845
74932232887
74932232900
74932232980
74932233071
74932233088
74932233172
74932233200
74932233261
74932233279
74932233300
74932233349
74932233365
74932233446
74932233490
74932233548
74932233607
74932233651
74932233684
74932233832
74932233859
74932234000
74932234014
74932234034
74932234044
74932234051
74932234065
74932234110
74932234115
74932234141
74932234144
74932234154
74932234158
74932234177
74932234193
74932234204
74932234205
74932234215
74932234273
74932234288
74932234291
74932234324
74932234330
74932234354
74932234355
74932234365
74932234375
74932234376
74932234385
74932234401
74932234417
74932234461
74932234484
74932234505
74932234511
74932234524
74932234552
74932234563
74932234565
74932234578
74932234592
74932234615
74932234624
74932234644
74932234645
74932234665
74932234669
74932234675
74932234755
74932234868
74932234900
74932234953
74932235009
74932235035
74932235087
74932235154
74932235168
74932235174
74932235241
74932235282
74932235349
74932235388
74932235556
74932235573
74932235586
74932235727
74932235743
74932235813
74932235825
74932235836
74932235886
74932235896
74932236113
74932236129
74932236134
74932236149
74932236233
74932236244
74932236272
74932236298
74932236333
74932236334
74932236336
74932236357
74932236375
74932236385
74932236446
74932236458
74932236480
74932236616
74932236677
74932236794
74932236798
74932236831
74932236844
74932237112
74932237139
74932237170
74932237213
74932237322
74932237359
74932237716
74932237751
74932237981
74932238173
74932238309
74932238378
74932238492
74932238541
74932238650
74932238720
74932238743
74932238793
74932238824
74932238983
74932240106
74932240107
74932240113
74932240303
74932240309
74932240329
74932240438
74932240443
74932240456
74932240481
74932240511
74932240558
74932240603
74932240609
74932240614
74932240628
74932240656
74932240708
74932240848
74932241040
74932241200
74932241213
74932241215
74932241216
74932241217
74932241220
74932241221
74932241293
74932242003
74932242050
74932242053
74932242156
74932242158
74932242164
74932242240
74932242257
74932242355
74932242497
74932242522
74932242534
74932242535
74932242539
74932242542
74932242545
74932242555
74932242567
74932242584
74932242696
74932242698
74932242702
74932242787
74932242792
74932290067
74932290097
74932290200
74932290229
74932290258
74932290270
74932290304
74932290458
74932290547
74932290613
74932290845
74932290894
74932290909
74932291059
74932291200
74932291203
74932291267
74932291309
74932291495
74932291533
74932291565
74932291804
74932291838
74932291890
74932292079
74932292088
74932292229
74932292249
74932292378
74932292386
74932292431
74932292565
74932292747
74932292924
74932292928
74932293239
74932293460
74932293607
74932293786
74932293989
74932293990
74932294472
74932294761
74932294787
74932295023
74932295294
74932295400
74932295445
74932295634
74932295648
74932295698
74932295766
74932296266
74932296403
74932296820
74932296944
74932297226
74932297312
74932297315
74932297364
74932297512
74932297614
74932297654
74932297889
74932298002
74932298005
74932298171
74932298264
74932298338
74932298804
74932298868
74932298870
74932298919
74932299012
74932299024
74932299030
74932299087
74932299102
74932299108
74932299111
74932299118
74932299121
74932299128
74932299129
74932299132
74932299140
74932299141
74932299145
74932299147
74932299149
74932299151
74932299155
74932299156
74932299157
74932299158
74932299159
74932299167
74932299169
74932299170
74932299172
74932299178
74932299180
74932299185
74932299203
74932299206
74932299239
74932299474
74932299481
74932299807
74932299839
74932299980
74932300010
74932300015
74932300019
74932300020
74932300045
74932300062
74932300100
74932300101
74932300121
74932300141
74932300175
74932300195
74932300196
74932300201
74932300225
74932300234
74932300241
74932300256
74932300259
74932300288
74932300292
74932300312
74932300327
74932300332
74932300347
74932300383
74932300390
74932300396
74932300409
74932300416
74932300428
74932300443
74932300445
74932300457
74932300500
74932300509
74932300563
74932300588
74932300594
74932300605
74932300618
74932300670
74932300726
74932300729
74932300733
74932300741
74932300763
74932300766
74932300774
74932300806
74932300843
74932300861
74932300863
74932300893
74932300895
74932300909
74932300975
74932300984
74932300989
74932301301
74932301401
74932301427
74932301446
74932301457
74932301467
74932301488
74932301494
74932301501
74932301503
74932301508
74932301511
74932301521
74932301536
74932301583
74932301584
74932301591
74932301593
74932301636
74932301674
74932301682
74932301691
74932301719
74932301732
74932301778
74932301856
74932301859
74932301980
74932302422
74932302490
74932302606
74932302641
74932302952
74932303006
74932303141
74932303170
74932303174
74932303204
74932303212
74932303225
74932303250
74932303271
74932303326
74932303373
74932303396
74932303426
74932303458
74932303501
74932303621
74932303637
74932303738
74932303831
74932303834
74932303845
74932303907
74932303956
74932303983
74932304079
74932304115
74932304209
74932304214
74932304233
74932304236
74932304362
74932304393
74932304441
74932304452
74932304466
74932304473
74932304486
74932304531
74932304554
74932304591
74932304660
74932304666
74932304676
74932304701
74932304713
74932304719
74932304781
74932304806
74932304814
74932304983
74932304996
74932305488
74932305566
74932305591
74932305801
74932305855
74932305877
74932305888
74932305898
74932305922
74932306010
74932306045
74932306102
74932306156
74932306432
74932306452
74932306515
74932306621
74932306666
74932306679
74932306701
74932306887
74932307062
74932307074
74932307077
74932307151
74932307309
74932307356
74932307396
74932307541
74932307661
74932307709
74932307733
74932307798
74932308029
74932308042
74932308142
74932308144
74932308165
74932308185
74932308200
74932308301
74932308326
74932308350
74932308360
74932308385
74932308545
74932308631
74932308648
74932308671
74932308704
74932308706
74932308752
74932308787
74932308791
74932308814
74932308834
74932308839
74932308872
74932308874
74932308880
74932308905
74932308925
74932308934
74932308946
74932308955
74932308964
74932308966
74932308973
74932308986
74932308991
74932308994
74932308995
74932309194
74932309481
74932309490
74932309539
74932309579
74932309727
74932309741
74932309815
74932309930
74932309977
74932310095
74932310222
74932310231
74932310980
74932310983
74932310985
74932314566
74932314783
74932315142
74932315636
74932316174
74932316265
74932316278
74932316376
74932316378
74932316664
74932317829
74932317841
74932317847
74932317910
74932317926
74932318467
74932320030
74932320040
74932320087
74932320511
74932321014
74932321019
74932321033
74932321051
74932321105
74932321175
74932321253
74932321453
74932321849
74932321973
74932321979
74932322074
74932322084
74932323000
74932323064
74932323651
74932323693
74932323724
74932323783
74932323815
74932323816
74932323823
74932323828
74932323846
74932324067
74932324078
74932324106
74932324108
74932324197
74932324201
74932324283
74932324389
74932324405
74932324419
74932324444
74932324511
74932324593
74932324616
74932324713
74932324969
74932325026
74932325027
74932325041
74932325065
74932325105
74932325149
74932325210
74932325221
74932325314
74932325319
74932325348
74932325366
74932325369
74932325398
74932325414
74932325425
74932325426
74932325431
74932325446
74932325462
74932325608
74932325646
74932325680
74932325684
74932325686
74932325765
74932325774
74932325828
74932325898
74932325902
74932325930
74932326001
74932326017
74932326063
74932326070
74932326087
74932326135
74932326165
74932326215
74932326269
74932326281
74932326356
74932326400
74932326430
74932326435
74932326484
74932326498
74932326542
74932326552
74932326561
74932326670
74932326682
74932326714
74932326780
74932326784
74932326785
74932326789
74932326913
74932327005
74932327043
74932327061
74932327082
74932327149
74932327291
74932327303
74932327307
74932327454
74932327595
74932327660
74932327711
74932327762
74932327856
74932327953
74932327960
74932328000
74932328034
74932328077
74932328092
74932328104
74932328111
74932328123
74932328204
74932328207
74932328220
74932328252
74932328259
74932328304
74932328319
74932328349
74932328370
74932328402
74932328403
74932328505
74932328507
74932328542
74932328573
74932328585
74932328605
74932328616
74932328692
74932328766
74932328833
74932329033
74932329092
74932329105
74932329132
74932329143
74932329232
74932329247
74932329322
74932329323
74932329327
74932329343
74932329368
74932329373
74932329574
74932329641
74932329730
74932329933
74932330004
74932330523
74932330526
74932330534
74932330719
74932330815
74932330865
74932330892
74932330953
74932330962
74932332367
74932333031
74932334002
74932334084
74932334604
74932334847
74932335051
74932335067
74932335100
74932335264
74932335277
74932335718
74932335725
74932335828
74932336241
74932336245
74932336251
74932336259
74932336277
74932336291
74932336299
74932336325
74932336446
74932336449
74932336888
74932336990
74932337011
74932337021
74932337070
74932337198
74932337265
74932337632
74932337695
74932337900
74932337954
74932337982
74932338317
74932338328
74932338788
74932338803
74932338830
74932339433
74932339483
74932339487
74932339507
74932370012
74932370034
74932370044
74932370094
74932370100
74932370102
74932370126
74932370233
74932370256
74932370260
74932370261
74932370290
74932370321
74932370348
74932370361
74932370502
74932370515
74932370528
74932370532
74932370544
74932370546
74932370563
74932370588
74932370591
74932370622
74932370799
74932370935
74932370945
74932371025
74932371028
74932371072
74932371130
74932371166
74932371236
74932371348
74932371375
74932371400
74932371436
74932371451
74932371455
74932371461
74932371471
74932371472
74932371508
74932371525
74932371545
74932371572
74932371636
74932371670
74932371684
74932371753
74932371771
74932371794
74932371795
74932371798
74932371802
74932371822
74932371832
74932371884
74932371900
74932371933
74932371936
74932371953
74932371978
74932372001
74932372009
74932372035
74932372038
74932372057
74932372076
74932372280
74932372303
74932372359
74932372370
74932372382
74932372388
74932372441
74932372500
74932372519
74932372526
74932372528
74932372547
74932372560
74932372572
74932372583
74932372594
74932372609
74932372616
74932372660
74932372667
74932372671
74932372705
74932372707
74932372720
74932372853
74932373070
74932373099
74932373214
74932373216
74932373234
74932373252
74932373260
74932373324
74932373342
74932373352
74932373358
74932373364
74932373376
74932373415
74932373460
74932373465
74932373535
74932373573
74932373601
74932373613
74932373707
74932373783
74932373800
74932373802
74932373810
74932373822
74932373956
74932373984
74932374026
74932374055
74932374063
74932374064
74932374069
74932374078
74932374086
74932374088
74932374168
74932374171
74932374219
74932374230
74932374249
74932374267
74932374326
74932374348
74932374362
74932374385
74932374419
74932374449
74932374490
74932374503
74932374528
74932374533
74932374564
74932374610
74932374628
74932374700
74932374702
74932374708
74932374714
74932374731
74932374757
74932374758
74932374765
74932374767
74932374784
74932374795
74932374962
74932374995
74932375194
74932375207
74932375212
74932375287
74932375323
74932375343
74932375411
74932375465
74932375467
74932375477
74932375504
74932375520
74932375527
74932375531
74932375545
74932375547
74932375556
74932375561
74932375569
74932375591
74932375617
74932375655
74932375733
74932375737
74932375762
74932375784
74932375792
74932375807
74932375821
74932375891
74932375908
74932375924
74932375965
74932375970
74932375978
74932376000
74932376002
74932376003
74932376014
74932376015
74932376027
74932376148
74932376208
74932376212
74932376244
74932376264
74932376282
74932376306
74932376327
74932376329
74932376344
74932376396
74932376422
74932376432
74932376470
74932376480
74932376481
74932376518
74932376545
74932376556
74932376577
74932376617
74932376638
74932376671
74932376683
74932376756
74932376774
74932376775
74932376782
74932376783
74932376840
74932377128
74932377239
74932377244
74932377326
74932377342
74932377343
74932377385
74932377453
74932377521
74932377543
74932377548
74932377804
74932377941
74932378005
74932378037
74932378081
74932378089
74932378134
74932378161
74932378162
74932378259
74932378263
74932378407
74932378424
74932378583
74932378590
74932378616
74932378667
74932378683
74932378765
74932378767
74932379526
74932379655
74932379656
74932379658
74932379660
74932379680
74932379691
74932380044
74932380198
74932380227
74932380318
74932380366
74932380605
74932380606
74932380616
74932380672
74932380724
74932380751
74932380779
74932380819
74932380837
74932380849
74932380900
74932380979
74932381023
74932381042
74932381260
74932381651
74932381701
74932381736
74932381807
74932381829
74932381840
74932381930
74932382449
74932382758
74932382862
74932382917
74932383017
74932383080
74932383219
74932383233
74932383244
74932383383
74932383425
74932383565
74932383611
74932383653
74932383656
74932383708
74932383734
74932383784
74932383795
74932383828
74932383853
74932383877
74932383895
74932384005
74932384007
74932384156
74932384359
74932384417
74932384440
74932384539
74932384540
74932384544
74932384550
74932384560
74932384625
74932384641
74932384733
74932384743
74932384767
74932384772
74932384773
74932384818
74932384909
74932384996
74932385285
74932385306
74932385358
74932385364
74932385451
74932385480
74932385557
74932385624
74932385682
74932385703
74932385735
74932385742
74932385751
74932385806
74932385878
74932385938
74932386110
74932386227
74932386447
74932386505
74932386755
74932386845
74932386872
74932386973
74932386985
74932387097
74932387155
74932387257
74932387277
74932387637
74932387903
74932387982
74932388146
74932388201
74932388412
74932388428
74932388499
74932388598
74932388621
74932388811
74932388840
74932388888
74932388934
74932388975
74932410001
74932410009
74932410016
74932410084
74932410118
74932410156
74932410199
74932410211
74932410223
74932410231
74932410242
74932410262
74932410319
74932410396
74932410641
74932410651
74932410681
74932410720
74932410730
74932410740
74932410841
74932410845
74932410863
74932410869
74932410873
74932410887
74932410980
74932411060
74932411064
74932411075
74932411087
74932411278
74932411407
74932411781
74932411868
74932411893
74932411895
74932411913
74932412116
74932412176
74932412198
74932412253
74932412331
74932412367
74932412370
74932412477
74932412511
74932412561
74932412623
74932412630
74932412636
74932412712
74932412724
74932412827
74932412911
74932413016
74932413142
74932413175
74932413273
74932413361
74932413590
74932413746
74932413808
74932413818
74932413945
74932413952
74932414105
74932414111
74932414230
74932414244
74932414450
74932414491
74932414499
74932414562
74932414649
74932414676
74932414788
74932414866
74932414994
74932415340
74932415455
74932415542
74932415577
74932415623
74932415627
74932415658
74932415871
74932416079
74932416122
74932416248
74932416434
74932416471
74932416482
74932416511
74932416616
74932416620
74932416630
74932416656
74932416667
74932416669
74932416813
74932416814
74932416907
74932416999
74932417154
74932417169
74932417199
74932417251
74932417380
74932417556
74932417583
74932417690
74932417739
74932417752
74932417770
74932417822
74932417933
74932417940
74932418036
74932418090
74932418143
74932418158
74932418218
74932418272
74932418358
74932418420
74932418544
74932418686
74932418732
74932418733
74932418848
74932418880
74932418894
74932418932
74932418946
74932418996
74932419001
74932419002
74932419034
74932419415
74932419820
74932419939
74932420182
74932420400
74932420403
74932420955
74932421021
74932421079
74932421353
74932421374
74932421898
74932422055
74932422247
74932422444
74932422840
74932423037
74932423182
74932423462
74932423535
74932423593
74932423697
74932423786
74932423852
74932423878
74932423884
74932423920
74932423967
74932424046
74932424230
74932424339
74932424487
74932424970
74932425027
74932425051
74932425257
74932425547
74932425901
74932426011
74932426100
74932426194
74932426195
74932426438
74932426769
74932426842
74932426986
74932427077
74932427131
74932427223
74932427237
74932427467
74932427470
74932427648
74932427692
74932428268
74932428371
74932428452
74932429005
74932429017
74932429101
74932429373
74932429519
74932429612
74932429668
74932520226
74932520516
74932526160
74932526251
74932526272
74932526732
74932527001
74932527128
74932527310
74932527390
74932527738
74932527802
74932527931
74932528002
74932528115
74932528200
74932528250
74932528585
74932528833
74932530129
74932530605
74932531068
74932531111
74932531284
74932531386
74932532163
74932532188
74932533037
74932533136
74932533335
74932533902
74932534050
74932535187
74932535738
74932535847
74932535959
74932536002
74932536449
74932536880
74932537360
74932537443
74932538126
74932539261
74932540382
74932540701
74932544154
74932544424
74932544728
74932546020
74932546088
74932548007
74932548687
74932548718
74932550316
74932550470
74932550535
74932550808
74932551266
74932551440
74932551510
74932551550
74932551556
74932551588
74932551630
74932551681
74932551803
74932551978
74932552077
74932552124
74932552404
74932552487
74932552527
74932553259
74932553304
74932554125
74932554651
74932554663
74932555026
74932555090
74932555475
74932555549
74932555573
74932556435
74932557112
74932557957
74932557984
74932558105
74932558109
74932558520
74932558606
74932559561
74932560027
74932560312
74932560434
74932560569
74932560722
74932560886
74932561299
74932561370
74932561449
74932561455
74932561460
74932561462
74932561516
74932561543
74932561793
74932561842
74932561945
74932561975
74932562287
74932562741
74932563046
74932563221
74932563368
74932563396
74932563480
74932563489
74932563522
74932563550
74932563576
74932563702
74932564078
74932564321
74932564419
74932564449
74932564480
74932564669
74932565322
74932565375
74932565523
74932565703
74932565938
74932565989
74932566404
74932566443
74932566834
74932567005
74932567438
74932567983
74932568058
74932568096
74932568310
74932568474
74932568806
74932569360
74932569566
74933129424
74933129494
74933129808
74933129823
74933129838
74933129847
74933129913
74933129921
74933129957
74933129958
74933129970
74933130666
74933131911
74933132192
74933132718
74933133270
74933133611
74933133914
74933133977
74933134831
74933151024
74933151174
74933151251
74933151489
74933151797
74933151879
74933152116
74933152119
74933152531
74933153112
74933153123
74933153148
74933153224
74933153268
74933153432
74933153438
74933153655
74933153669
74933153695
74933153703
74933153740
74933153821
74933153863
74933153902
74933153932
74933154133
74933154187
74933154438
74933154524
74933154545
74933154574
74933154584
74933154643
74933154693
74933155085
74933155136
74933155168
74933155192
74933155275
74933155338
74933155352
74933155401
74933155512
74933155547
74933155709
74933155850
74933155855
74933156097
74933156214
74933156235
74933156292
74933156376
74933156520
74933156767
74933156790
74933156985
74933157021
74933157378
74933157480
74933157804
74933158101
74933158128
74933158150
74933158205
74933158365
74933158393
74933321043
74933321189
74933321555
74933621695
74933622815
74933622850
74933623316
74933623482
74933623532
74933624742
74933625004
74933625210
74933625254
74933625443
74934321032
74934321665
74934322078
74934322101
74934322371
74934323308
74934323477
74934324353
74934324367
74934325660
74934325685
74934326190
74934326336
74935127595
74935129043
74935130032
74935130483
74935130700
74935130713
74935130914
74935130953
74935130983
74935131111
74935131318
74935131331
74935131404
74935131599
74935131662
74935132192
74935132238
74935132406
74935132450
74935132481
74935132885
74935133215
74935133253
74935133323
74935133732
74935133958
74935141085
74935141149
74935141154
74935141251
74935141365
74935141516
74935141774
74935142016
74935142105
74935142304
74935142307
74935142525
74935142616
74935142624
74935142661
74935142757
74935143194
74935143493
74935143496
74935144058
74935144082
74935144473
74935144603
74935144606
74935144801
74935144876
74935145624
74935146581
74935146911
74935147010
74935147247
74935147895
74935148153
74935148217
74935148261
74935148290
74935148403
74935148498
74935148931
74935149037
74935149149
74935149285
74935149376
74935149496
74935149731
74935149987
74935420198
74935420270
74935420310
74935420351
74935420384
74935420442
74935421100
74935421350
74935421595
74935421729
74935421792
74935421956
74935422074
74935422099
74935422321
74935422566
74935423239
74935423277
74935423511
74935423628
74935424115
74935424596
74935425049
74935425176
74935425860
74954080067
74954080246
74954080477
74954080570
74954080686
74954080759
74954080836
74954080936
74954081000
74954081155
74954081198
74954082606
74954082611
74954082622
74954082846
74954083340
74954083521
74954083566
74954083678
74954083753
74954083893
74954083966
74954084114
74954084151
74954084281
74954084318
74954084336
74954084363
74954084390
74954084415
74954084424
74954084546
74954084581
74954084663
74954084727
74954084854
74954084954
74954085153
74954085159
74954085518
74954085627
74954085641
74954085732
74954085865
74954085909
74954085955
74954085996
74954086102
74954086114
74954086221
74954086224
74954086229
74954086323
74954086354
74954086376
74954086427
74954086488
74954086602
74954086695
74954086763
74954086964
74954087022
74954087027
74954087087
74954087183
74954087338
74954087344
74954087381
74954087512
74954087719
74954087781
74954087866
74954087881
74954088045
74954088109
74954088266
74954088313
74954088525
74954088544
74954088659
74954088738
74954088781
74954088798
74954088889
74954088976
74954089013
74954089017
74954089072
74954089168
74954089718
74954089763
74954089910
74955110001
74955110037
74955110308
74955110334
74955110626
74955110646
74955110700
74955110770
74955110780
74955110894
74955110902
74955111015
74955111190
74955111363
74955111393
74955111558
74955111645
74955111821
74955112175
74955112183
74955112200
74955112251
74955112362
74955112735
74955112787
74955113346
74955113477
74955113587
74955114043
74955114514
74955114750
74955114959
74955115110
74955115115
74955115120
74955115199
74955115210
74955115267
74955115331
74955115709
74955115744
74955115822
74955115901
74955116123
74955116265
74955116592
74955116729
74955116780
74955116996
74955117101
74955117193
74955117272
74955117444
74955117562
74955117640
74955117996
74955118193
74955118282
74955118366
74955118404
74955118411
74955118450
74955118544
74955118595
74955118613
74955118675
74955118906
74955119196
74955119247
74955119532
74955120279
74955120471
74955120949
74955121048
74955121438
74955121442
74955121494
74955121529
74955121642
74955122111
74955122153
74955122170
74955122506
74955122551
74955122699
74955123062
74955123156
74955123550
74955124183
74955124599
74955124796
74955124967
74955125002
74955125026
74955125171
74955125292
74955125367
74955125555
74955125588
74955125602
74955126106
74955126116
74955126195
74955126407
74955126433
74955126444
74955126450
74955126521
74955126527
74955126780
74955127233
74955127578
74955128151
74955128266
74955128415
74955128416
74955128493
74955128554
74955128606
74955128701
74955128737
74955128920
74955129064
74955129196
74955129416
74955129432
74955129500
74955130056
74955130772
74955130796
74955130971
74955150052
74955150134
74955150168
74955150384
74955150482
74955150504
74955150555
74955150939
74955151180
74955151185
74955151407
74955151476
74955151479
74955151580
74955151719
74955151795
74955152113
74955152171
74955152202
74955152363
74955152392
74955152423
74955152550
74955152678
74955153013
74955153218
74955153236
74955153296
74955153357
74955153575
74955154006
74955154021
74955154026
74955154040
74955154075
74955154124
74955154142
74955154275
74955154279
74955154282
74955154329
74955154508
74955154530
74955154580
74955154598
74955155096
74955155283
74955155299
74955155971
74955156002
74955156208
74955156493
74955156937
74955156938
74955157276
74955157382
74955157591
74955157776
74955157807
74955157981
74955158036
74955158101
74955158221
74955158285
74955158456
74955158471
74955158538
74955158541
74955158784
74955159146
74955159153
74955159312
74955159322
74955159326
74955159392
74955159526
74955159548
74955159999
74955160049
74955160150
74955160274
74955160280
74955160303
74955160339
74955160416
74955160555
74955160567
74955160612
74955160625
74955160632
74955160636
74955160752
74955160765
74955160809
74955160843
74955160864
74955160966
74955161311
74955161472
74955161767
74955161794
74955161860
74955161903
74955162050
74955162063
74955162068
74955162121
74955162122
74955162195
74955162275
74955162449
74955163307
74955163350
74955163381
74955163386
74955163532
74955163539
74955163665
74955164017
74955164160
74955164161
74955164173
74955164233
74955164437
74955164512
74955164695
74955164760
74955165068
74955165073
74955165113
74955165115
74955165118
74955165158
74955165184
74955165277
74955165314
74955165318
74955165347
74955165355
74955165527
74955165576
74955165675
74955165679
74955165778
74955165835
74955165921
74955165943
74955166038
74955166058
74955166148
74955166194
74955166226
74955166340
74955166471
74955166473
74955166581
74955166633
74955166640
74955166727
74955166737
74955166747
74955167053
74955167536
74955167773
74955168038
74955168141
74955168304
74955168386
74955168391
74955168467
74955168509
74955168513
74955168624
74955168681
74955168684
74955168712
74955168746
74955168811
74955168846
74955168886
74955168889
74955168943
74955168946
74955168977
74955168978
74955168988
74955168990
74955168996
74955169118
74955169228
74955169280
74955169600
74955169652
74955169684
74955169966
74955169988
74955190006
74955190079
74955190113
74955190138
74955190212
74955190391
74955190596
74955191015
74955191201
74955191317
74955191320
74955191765
74955191827
74955192104
74955192252
74955192505
74955192886
74955193001
74955193144
74955193881
74955194576
74955194602
74955194831
74955194960
74955195066
74955195210
74955195540
74955195815
74955195859
74955196123
74955196147
74955196167
74955196264
74955196368
74955196472
74955196517
74955196732
74955197108
74955197174
74955197301
74955197382
74955197567
74955197859
74955198015
74955198033
74955198082
74955198330
74955198377
74955198498
74955198700
74955198801
74955198807
74955198830
74955198838
74955199030
74955199094
74955199363
74955199951
74955410078
74955410091
74955410123
74955410154
74955410277
74955410492
74955410517
74955410675
74955410733
74955410845
74955410874
74955410892
74955411075
74955411098
74955411468
74955411610
74955411744
74955411754
74955411812
74955412011
74955412248
74955412412
74955412534
74955412540
74955412600
74955412922
74955413161
74955413342
74955413560
74955413611
74955413623
74955414311
74955414411
74955414757
74955414794
74955414833
74955415083
74955415244
74955415444
74955415645
74955415944
74955416055
74955416100
74955416410
74955416421
74955416745
74955416843
74955416877
74955416918
74955417889
74955417916
74955418589
74955418787
74955418900
74955418980
74955419296
74955419534
74955419654
74955419723
74955510589
74955510855
74955511333
74955511366
74955511518
74955511543
74955512172
74955512293
74955512521
74955512951
74955512998
74955513021
74955513417
74955513577
74955513590
74955513636
74955513645
74955514011
74955514081
74955514155
74955514315
74955515091
74955515163
74955515251
74955516077
74955516300
74955516311
74955516399
74955516434
74955516469
74955516669
74955516767
74955516865
74955519139
74955519160
74955519601
74955519610
74955519639
74955519644
74955519765
74955520201
74955520273
74955520380
74955520538
74955520550
74955520597
74955520621
74955520682
74955520694
74955520701
74955520706
74955520754
74955520876
74955520934
74955520963
74955521006
74955521095
74955521222
74955521258
74955521321
74955521414
74955521454
74955521586
74955521655
74955521793
74955521796
74955521812
74955521827
74955521890
74955521967
74955522062
74955522111
74955522411
74955522707
74955522838
74955523217
74955523222
74955523227
74955523233
74955523432
74955523481
74955523524
74955523610
74955523613
74955523662
74955523698
74955523703
74955523754
74955523845
74955524093
74955524174
74955524314
74955524622
74955524655
74955524724
74955524843
74955524873
74955525043
74955525170
74955525187
74955525317
74955525355
74955525442
74955525633
74955525642
74955525677
74955525921
74955525931
74955526156
74955526231
74955526261
74955526316
74955526318
74955526552
74955526843
74955526993
74955527058
74955527095
74955527553
74955527694
74955528274
74955528437
74955528454
74955528484
74955528494
74955528510
74955528511
74955528536
74955528727
74955528800
74955528808
74955528822
74955528866
74955528911
74955528990
74955529004
74955529005
74955529026
74955529031
74955529033
74955529039
74955529040
74955529042
74955529045
74955529048
74955529052
74955529056
74955529065
74955529070
74955529071
74955529074
74955529076
74955529080
74955529085
74955529098
74955529104
74955529105
74955529108
74955529127
74955529132
74955529155
74955529158
74955529161
74955529167
74955529170
74955529174
74955529176
74955529185
74955529508
74955529509
74955529531
74955529534
74955529541
74955529548
74955529554
74955529557
74955529589
74955529619
74955529632
74955529669
74955529692
74955529699
74955529703
74955529709
74955529757
74955529762
74955529792
74955540215
74955540293
74955540807
74955540909
74955540983
74955541289
74955541398
74955541418
74955541466
74955541507
74955542071
74955542168
74955542181
74955542347
74955542403
74955543279
74955543526
74955544223
74955544296
74955544770
74955545033
74955545118
74955545518
74955546154
74955546478
74955546718
74955547042
74955547178
74955547198
74955547711
74955548148
74955548152
74955548387
74955548532
74955548758
74955549080
74955550202
74955550505
74955551268
74955553042
74955553931
74955554275
74955554553
74955554589
74955555019
74955555648
74955556532
74955556619
74955556813
74955557587
74955558444
74955558644
74955558895
74955559083
74955560105
74955560137
74955560326
74955560755
74955560849
74955561724
74955561737
74955561827
74955561947
74955561967
74955562024
74955562028
74955562207
74955562277
74955562328
74955655404
74955656545
74955657272
74955657273
74955657400
74955657575
74955657585
74955657700
74955657701
74955657704
74955657705
74955657756
74955657761
74955657763
74955657773
74955657782
74955657875
74955658607
74955658916
74955658943
74955660039
74955660070
74955660094
74955660120
74955660708
74955660738
74955660934
74955660971
74955661388
74955661422
74955661656
74955661665
74955661811
74955662030
74955662183
74955662190
74955662254
74955662326
74955662407
74955662511
74955662544
74955662556
74955662570
74955662662
74955662668
74955662701
74955662710
74955662728
74955662762
74955662768
74955662771
74955662813
74955662841
74955663165
74955663178
74955663277
74955663500
74955663550
74955663604
74955664283
74955664576
74955664579
74955664666
74955664855
74955664870
74955664971
74955665028
74955665095
74955665395
74955665544
74955665788
74955665820
74955666323
74955666655
74955667531
74955668374
74955669190
74955669999
74955700111
74955700202
74955700590
74955701055
74955701780
74955702417
74955703100
74955703155
74955703156
74955703355
74955703500
74955703817
74955704201
74955704277
74955704288
74955706250
74955706882
74955706996
74955708155
74955708243
74955708991
74955709404
74955709745
74955710055
74955710065
74955711287
74955711623
74955711872
74955712279
74955712300
74955712540
74955713044
74955713181
74955713189
74955713216
74955713385
74955713581
74955713656
74955714000
74955714213
74955714718
74955715007
74955715146
74955716292
74955716301
74955716316
74955716572
74955717834
74955718517
74955718932
74955719279
74955719688
74955719889
74955720071
74955720403
74955720506
74955721003
74955721333
74955721535
74955721709
74955722323
74955723379
74955723385
74955723388
74955723609
74955723697
74955724271
74955724455
74955724658
74955725188
74955725688
74955725696
74955726167
74955726705
74955726730
74955727004
74955727029
74955727060
74955727260
74955727452
74955727716
74955728112
74955728188
74955730508
74955730610
74955730983
74955731302
74955731406
74955732244
74955732592
74955732721
74955733420
74955733763
74955734171
74955734498
74955734682
74955734777
74955735076
74955735131
74955735756
74955735760
74955736111
74955737388
74955737403
74955737756
74955738571
74955739008
74955739057
74955739183
74955739446
74955739768
74955739798
74955739890
74955740159
74955740415
74955740542
74955740755
74955741309
74955741415
74955741504
74955741545
74955741667
74955742400
74955742682
74955742683
74955757113
74955757133
74955757203
74955757211
74955757266
74955757425
74955757447
74955757624
74955757669
74955758240
74955758313
74955758557
74955758585
74955758731
74955758742
74955758761
74955758796
74955759521
74955759545
74955759551
74955759591
74955759751
74955759932
74955760002
74955760425
74955760466
74955760939
74955761055
74955761076
74955761215
74955761382
74955761631
74955762121
74955762132
74955762302
74955762317
74955762518
74955762531
74955762627
74955762674
74955762767
74955763477
74955763832
74955764001
74955764412
74955764481
74955764588
74955765065
74955765109
74955765133
74955765300
74955765390
74955765556
74955765562
74955766076
74955766148
74955766344
74955766362
74955766528
74955766541
74955766939
74955767117
74955767166
74955767274
74955767474
74955767510
74955767585
74955767651
74955768066
74955768143
74955768285
74955768455
74955768488
74955768988
74955769532
74955769584
74955769588
74955769644
74955769682
74955770000
74955770148
74955770243
74955770286
74955770393
74955770490
74955770536
74955770563
74955770564
74955770830
74955771117
74955771146
74955771162
74955771263
74955771285
74955771341
74955771346
74955771362
74955771448
74955771453
74955771461
74955771477
74955771504
74955772109
74955772304
74955772712
74955773066
74955774130
74955774172
74955774653
74955774740
74955774832
74955775050
74955775161
74955775169
74955775211
74955775278
74955775670
74955776160
74955776302
74955776445
74955776486
74955810046
74955810165
74955810345
74955810387
74955810429
74955810482
74955810585
74955810631
74955810675
74955810949
74955810994
74955811000
74955811033
74955811165
74955811177
74955811256
74955811422
74955811527
74955811660
74955812265
74955812352
74955812383
74955812837
74955813499
74955814161
74955814169
74955814228
74955814522
74955814540
74955815351
74955815388
74955815394
74955815396
74955815438
74955815453
74955815588
74955816105
74955816110
74955816113
74955816166
74955816201
74955816302
74955818861
74955819413
74955819750
74955819773
74955820085
74955820089
74955820151
74955820181
74955820541
74955820612
74955820635
74955821065
74955821681
74955821775
74955821804
74955822250
74955822482
74955822788
74955822836
74955860133
74955860201
74955860247
74955860268
74955860366
74955860777
74955860903
74955861044
74955861078
74955861109
74955861111
74955861201
74955861211
74955861277
74955861467
74955861569
74955861666
74955861702
74955861756
74955862040
74955862056
74955862150
74955862176
74955862279
74955862410
74955862432
74955862512
74955862518
74955862552
74955862637
74955862737
74955863027
74955863034
74955863038
74955863136
74955863201
74955863259
74955863275
74955863344
74955863404
74955863468
74955863496
74955864000
74955864069
74955864100
74955864141
74955864331
74955864344
74955864510
74955865098
74955865495
74955865533
74955865543
74955865577
74955866005
74955866199
74955866233
74955866266
74955866400
74955866493
74955866984
74955867007
74955867078
74955867081
74955867362
74955867367
74955867487
74955867499
74955867595
74955867673
74955868021
74955868067
74955868099
74955868199
74955868352
74955868355
74955868366
74955868455
74955868532
74955868589
74955868632
74955869076
74955869077
74955869122
74955869188
74955869209
74955869407
74955869510
74955869561
74955869709
74955869748
74955870115
74955870128
74955870129
74955870131
74955870234
74955870249
74955870253
74955870254
74955870256
74955870259
74955870287
74955870298
74955870353
74955870400
74955870414
74955870434
74955870457
74955870461
74955870601
74955870702
74955870703
74955870909
74955871006
74955871018
74955871061
74955871301
74955871482
74955871576
74955871677
74955871703
74955871866
74955872009
74955872031
74955872039
74955872050
74955872065
74955872082
74955872086
74955872942
74955872957
74955872992
74955873307
74955873334
74955873339
74955873402
74955874010
74955874031
74955874055
74955874100
74955874130
74955874156
74955874245
74955874250
74955874273
74955874284
74955874380
74955874448
74955874460
74955874477
74955874487
74955874498
74955875004
74955875029
74955875087
74955875121
74955875154
74955875163
74955875257
74955875260
74955875306
74955875401
74955875432
74955875477
74955875500
74955875522
74955876027
74955876032
74955876037
74955876053
74955876067
74955876083
74955876090
74955876100
74955876121
74955877146
74955877147
74955877472
74955877704
74955877712
74955877713
74955877727
74955877730
74955877731
74955877735
74955877737
74955877745
74955877747
74955877766
74955877887
74955877889
74955878045
74955878741
74955878744
74955878746
74955878748
74955878751
74955878761
74955878878
74955879699
74955879908
74955880059
74955880503
74955880602
74955880724
74955880824
74955881121
74955881626
74955882812
74955883266
74955883694
74955883697
74955884470
74955884854
74955885005
74955885008
74955885050
74955885080
74955885088
74955885187
74955885193
74955885250
74955885252
74955885284
74955885567
74955885603
74955886688
74955887034
74955887278
74955887332
74955887409
74955887470
74955887488
74955888302
74955888414
74955888577
74955888838
74955889452
74955900049
74955900112
74955900169
74955900186
74955900309
74955900450
74955900517
74955900519
74955900823
74955900934
74955900986
74955901169
74955901376
74955901563
74955901570
74955901617
74955901749
74955901769
74955901823
74955902067
74955902092
74955902271
74955902294
74955902333
74955902397
74955902431
74955902550
74955902714
74955902823
74955902849
74955902957
74955903301
74955903555
74955903574
74955903644
74955903678
74955903687
74955903868
74955903918
74955903928
74955903983
74955904372
74955904532
74955904670
74955904712
74955906410
74955906667
74955907029
74955907199
74955907287
74955907424
74955908089
74955908097
74955908354
74955908380
74955908500
74955908539
74955909039
74955909109
74955910313
74955910541
74955910695
74955910741
74955910881
74955912099
74955912165
74955912399
74955913280
74955913599
74955913719
74955913986
74955914353
74955915086
74955915151
74955915200
74955915608
74955915617
74955915638
74955915741
74955915811
74955916183
74955916472
74955916525
74955916764
74955917405
74955918583
74955968022
74955968153
74955968300
74955968754
74955968808
74955968974
74955969062
74955969207
74955969247
74955969272
74955969456
74955969648
74955969828
74955969915
74955969966
74955970365
74955970544
74955970690
74955970710
74955970904
74955970990
74955971022
74955971090
74955971093
74955971399
74955971402
74955971511
74955972172
74955972281
74955972424
74955972705
74955973410
74955973458
74955973509
74955973591
74955973896
74955974119
74955974120
74955974150
74955974374
74955974404
74955974502
74955974584
74955974933
74955975103
74955975151
74955975194
74955975564
74955982274
74955982291
74955982312
74955982447
74955982467
74955982474
74955983237
74955983355
74955983927
74955984299
74955984338
74955984698
74955984721
74955984884
74955984930
74955984998
74955985005
74955985014
74955985028
74955985047
74955985072
74955985088
74955985092
74955985131
74955985140
74955985157
74955985186
74955985346
74955985350
74955985357
74955985364
74955985368
74955985375
74955985415
74955985420
74955985432
74955985480
74955985481
74955985486
74955985501
74955985703
74955985710
74955985745
74955985746
74955985757
74955985759
74955985812
74955985821
74955985824
74955985912
74955985993
74955986288
74955986606
74955986713
74955986831
74955986851
74955987007
74955987020
74955987023
74955987049
74955987050
74955987063
74955987067
74955987082
74955987086
74955987089
74955987091
74955987105
74955987119
74955987126
74955987130
74955987131
74955987139
74955987142
74955987153
74955987165
74955987166
74955987225
74955987226
74955987237
74955987259
74955987268
74955987275
74955987282
74955987285
74955987303
74955987313
74955987320
74955987325
74955987329
74955987334
74955987341
74955987342
74955987344
74955987355
74955987360
74955987364
74955987374
74955987380
74955987403
74955987408
74955987412
74955987420
74955987426
74955987430
74955987443
74955987445
74955987464
74955987469
74955987474
74955987509
74955987512
74955987518
74955987525
74955987533
74955987537
74955987538
74955987548
74955987549
74955987561
74955987588
74955987600
74955987602
74955987608
74955987619
74955987624
74955987630
74955987638
74955987642
74955987648
74955987715
74955987724
74955987759
74955987770
74955987819
74955987827
74955987831
74955987838
74955987840
74955987865
74955987870
74955987881
74955987906
74955987931
74955987946
74955987956
74955987965
74955987969
74955987990
74955987997
74955988148
74955988226
74955988300
74955988556
74955988714
74955989174
74955989302
74955989352
74955989354
74955989357
74955989715
74955990578
74955990934
74955991187
74955991480
74955991833
74955992131
74955992238
74955992442
74955992558
74955993120
74955993224
74955993231
74955993371
74955993385
74955993564
74955993585
74955994003
74955994036
74955994148
74955994869
74955995238
74955995959
74955996145
74955996146
74955996165
74955996501
74955996596
74955997064
74955997067
74955997153
74955997243
74955997375
74955997392
74955998058
74955998180
74955998314
74955998338
74955998380
74955998563
74955998631
74955999302
74955999318
74955999492
74955999614
74955999782
74956466193
74957240016
74957240136
74957240398
74957240865
74957241095
74957241148
74957241250
74957241452
74957241808
74957241928
74957242000
74957242008
74957242030
74957242080
74957242194
74957242250
74957242316
74957242390
74957242400
74957242456
74957242473
74957242611
74957242747
74957242950
74957243031
74957243157
74957243186
74957243310
74957243359
74957243366
74957243417
74957243618
74957243664
74957243705
74957243724
74957243757
74957243783
74957243797
74957243862
74957244031
74957244110
74957244155
74957244246
74957244432
74957244456
74957244636
74957244816
74957244820
74957245031
74957245161
74957245206
74957245479
74957245554
74957245704
74957245755
74957245767
74957246016
74957246222
74957246492
74957247240
74957247308
74957247630
74957247788
74957247848
74957248327
74957248536
74957248666
74957249008
74957249270
74957249365
74957249424
74957249844
74957249866
74957355253
74957355536
74957355635
74957355703
74957355876
74957357909
74957358084
74957359084
74957359585
74957359981
74957360629
74957360630
74957360693
74959932338
74959932391
74959932402
74959932405
74959932406
74959932411
74959932467
74959932478
74959932702
74959932705
74959932715
74959932731
74959932733
74959932740
74959932760
74959932765
74959932958
74959933040
74959933054
74959933083
74959933147
74959933201
74959933214
74959933215
74959933218
74959933303
74959933308
74959933320
74959933334
74959933468
74959933522
74959933534
74959933549
74959933569
74959933571
74959933574
74959933645
74959933665
74959933676
74959933705
74959933710
74959933728
74959933737
74959933743
74959933748
74959933796
74959933810
74959933882
74959933917
74959934150
74959934230
74959934286
74959934355
74959934380
74959934410
74959934429
74959934432
74959934453
74959934475
74959934496
74959934509
74959934567
74959934681
74959934767
74959934884
74959935001
74959935003
74959935028
74959935166
74959935172
74959935179
74959935280
74959935316
74959935419
74959935428
74959935451
74959935464
74959935501
74959935524
74959935587
74959935594
74959935828
74959935838
74959935844
74959935890
74959935919
74959935941
74959935949
74959935955
74959935956
74959935978
74959935995
74959935996
74959936003
74959936047
74959936083
74959936120
74959936159
74959936217
74959936257
74959936284
74959936298
74959936409
74959936470
74959937206
74959937221
74959937230
74959937234
74959937257
74959937291
74959937312
74959937371
74959937374
74959937413
74959937430
74959937478
74959937529
74959937907
74959937952
74959938117
74959938123
74959938138
74959938147
74959938160
74959938232
74959938403
74959938415
74959938500
74959938661
74959938697
74959938846
74959939025
74959939106
74959939132
74959939199
74959939249
74959939268
74959939270
74959939288
74959939310
74959939329
74959939357
74959939384
74959939445
74959939474
74959939565
74959939791
74959939814
74959939928
74959939936
74959939992
74959940080
74959940082
74959940114
74959940163
74959940483
74959940633
74959940644
74959940660
74959940686
74959940697
74959940713
74959940732
74959940887
74959940916
74959940950
74959941060
74959941128
74959941140
74959941164
74959941208
74959941221
74959941237
74959941318
74959941365
74959941415
74959941467
74959941470
74959941542
74959941586
74959941591
74959941643
74959941783
74962120380
74962120693
74962120742
74962120766
74962120970
74962121453
74962121508
74962121699
74962122006
74962122140
74962122433
74962122663
74962122895
74962123038
74962123190
74962123207
74962123759
74962123815
74962124267
74962124682
74962124886
74962125373
74962125623
74962125655
74962125858
74962127244
74962127415
74962127454
74962128664
74962128730
74962128915
74962128937
74962129010
74962129538
74962129837
74962131290
74962132116
74962132558
74962132618
74962132644
74962132956
74962133123
74962133277
74962133583
74962133717
74962134843
74962145481
74962145538
74962146048
74962146135
74962146248
74962146278
74962146861
74962146884
74962147181
74962148020
74962148572
74962148623
74962192103
74962192206
74962192215
74962192247
74962192251
74962192411
74962192444
74962192471
74962193191
74962193262
74962193315
74962193320
74962193325
74962193520
74962193667
74962194139
74962194277
74962194419
74962194466
74962194536
74962194585
74962194593
74962194619
74962194749
74962195217
74962195263
74962195411
74962195532
74962195550
74962195678
74962195984
74962196068
74962196079
74962196261
74962196703
74962196710
74962196934
74962197140
74962197307
74962250225
74962251030
74962251040
74962251101
74962251148
74962251161
74962251273
74962251806
74962251891
74962252001
74962252002
74962252010
74962252151
74962252229
74962252230
74962252240
74962252399
74962252555
74962252763
74962252779
74962252900
74962252911
74962253371
74962253377
74962420047
74962420083
74962420131
74962420169
74962420389
74962420466
74962420667
74962421184
74962422188
74962422318
74962423573
74962423780
74962424485
74962424797
74962425382
74962425656
74962425760
74962426129
74962426420
74962426450
74962426612
74962426722
74962426762
74962426810
74962426937
74962427039
74962427166
74962427745
74962428154
74962430489
74962431059
74962432456
74962433232
74962433258
74962433767
74962434080
74962434202
74962434406
74962435034
74962435456
74962435628
74962436474
74962438379
74962438456
74962439099
74962590287
74962590332
74962590474
74962590504
74962590554
74962590681
74962590952
74962591313
74962591431
74962591580
74962591844
74962593133
74962593199
74962593434
74962593664
74962595127
74962595422
74962596705
74962597308
74962597679
74962598060
74962598296
74962598768
74962598806
74962599732
74962599824
74963429027
74963429504
74963429639
74963429700
74963429881
74963429909
74963430012
74963430024
74963430030
74963430050
74963430056
74963430058
74963430112
74963430125
74963430161
74963430180
74963430233
74963430263
74963430276
74963430494
74963430536
74963430596
74963430711
74963430716
74963430724
74963430859
74963430948
74963431015
74963431128
74963431342
74963431370
74963431419
74963431491
74963431581
74963431599
74963431605
74963431638
74963431737
74963431738
74963431744
74963431910
74963431929
74963431981
74963432147
74963432208
74963432214
74963432222
74963432301
74963432359
74963432411
74963432485
74963432499
74963432527
74963432700
74963432701
74963433186
74963433315
74963433363
74963433369
74963433917
74963434050
74963434391
74963434478
74963434532
74963434802
74963435002
74963435020
74963435041
74963435061
74963435068
74963435071
74963435121
74963435166
74963435180
74963435266
74963435276
74963435280
74963435380
74963435393
74963435407
74963435412
74963435440
74963435472
74963435524
74963435607
74963435616
74963435618
74963435641
74963435716
74963435724
74963435747
74963435762
74963435782
74963435790
74963436011
74963436092
74963436152
74963436160
74963436190
74963436240
74963436310
74963436322
74963436352
74963436442
74963436445
74963436486
74963436576
74963436661
74963436668
74963436680
74963436713
74963436715
74963436733
74963436734
74963436742
74963436916
74963437022
74963437030
74963437032
74963437104
74963437107
74963437152
74963437194
74963437251
74963437361
74963437402
74963437431
74963437450
74963437462
74963437464
74963437520
74963437559
74963437610
74963437750
74963437909
74963438030
74963438190
74963438335
74963438412
74963438533
74963438542
74963438631
74963438700
74963438719
74963438732
74963438740
74963438782
74963439191
74963439240
74963439280
74963439320
74963439390
74963439410
74963439592
74963439641
74963439655
74963439666
74963439723
74963439838
74963439861
74963439888
74963439942
74963440062
74963440097
74963440527
74963440581
74963440589
74963440591
74963440633
74963440638
74963440693
74963440726
74963440842
74963440932
74963440934
74963441043
74963441144
74963441888
74963442042
74963442332
74963442949
74963443015
74963443087
74963443131
74963444050
74963444296
74963444481
74963444485
74963444587
74963444646
74963444874
74963445048
74963445904
74963445909
74963445911
74963445912
74963445924
74963445927
74963820479
74963820628
74963820665
74963820703
74963821247
74963822034
74963822102
74963823039
74963823175
74963823405
74963823789
74963823804
74963826547
74963827473
74964136724
74964139327
74964139524
74964139900
74964141418
74964142871
74964153103
74964153811
74964153858
74964161054
74964161308
74964165530
74964166028
74964166141
74964166542
74964166921
74964171211
74964171375
74964171945
74964172025
74964172111
74964172123
74964172126
74964172139
74964172216
74964172277
74964172442
74964172619
74964172738
74964172776
74964172777
74964172791
74964172879
74964173149
74964173277
74964173399
74964173678
74964173745
74964173900
74964174183
74964174186
74964174441
74964174565
74964174770
74964174808
74964174890
74964175002
74964175039
74964175200
74964175483
74964175500
74964175510
74964175729
74964175907
74964177104
74964177130
74964177133
74964177153
74964177243
74964177481
74964178188
74964178298
74964178299
74964178373
74964178379
74964178539
74964178756
74964178865
74964178924
74964179027
74964179248
74964179341
74964180110
74964180330
74964180498
74964180691
74964180753
74964180777
74964180808
74964180812
74964180875
74964180888
74964180911
74964181152
74964181187
74964181255
74964181256
74964181317
74964181431
74964181436
74964181514
74964181530
74964181534
74964181555
74964181568
74964181595
74964181693
74964181701
74964181702
74964181854
74964181871
74964182254
74964182858
74964182900
74964183043
74964183163
74964183194
74964183624
74964183773
74964183777
74964183807
74964183972
74964184241
74964184353
74964184382
74964184414
74964184442
74964184498
74964184560
74964184680
74964184800
74964185172
74964185208
74964185490
74964185511
74964185609
74964187010
74964187077
74964187111
74964188243
74964189180
74964320000
74964320028
74964320043
74964320054
74964320078
74964320091
74964320109
74964320120
74964320124
74964320125
74964320145
74964320147
74964320182
74964320188
74964320200
74964320205
74964320241
74964320253
74964320261
74964320272
74964320278
74964320295
74964320299
74964320300
74964320302
74964320327
74964320344
74964320391
74964320406
74964320412
74964320440
74964320465
74964320501
74964320506
74964320529
74964320539
74964320547
74964320558
74964320559
74964320565
74964320566
74964320586
74964320646
74964320906
74964320926
74964321029
74964321033
74964321076
74964321086
74964321102
74964321145
74964321148
74964321186
74964321192
74964321194
74964321223
74964321251
74964321267
74964321273
74964321278
74964321285
74964321327
74964321343
74964321354
74964321369
74964321388
74964321398
74964321401
74964321422
74964321468
74964321473
74964321477
74964321497
74964321517
74964321520
74964321532
74964321536
74964321549
74964321569
74964321582
74964321594
74964321644
74964321723
74964321909
74964322038
74964322060
74964322071
74964322141
74964322227
74964322231
74964322233
74964322260
74964322264
74964322268
74964322300
74964322337
74964322347
74964322355
74964322411
74964322443
74964322452
74964322483
74964322512
74964322517
74964322533
74964322540
74964322541
74964322543
74964322561
74964322562
74964322590
74964322599
74964322888
74964322986
74964323025
74964323037
74964323056
74964323087
74964323088
74964323105
74964323113
74964323136
74964323145
74964323147
74964323149
74964323159
74964323172
74964323191
74964323244
74964323290
74964323301
74964323308
74964323355
74964323373
74964323410
74964323419
74964323426
74964323471
74964323523
74964323528
74964323556
74964323558
74964323578
74964323588
74964323600
74964323837
74964324009
74964324032
74964324072
74964324119
74964324145
74964324156
74964324168
74964324253
74964324322
74964324331
74964324381
74964324567
74964324616
74964324802
74964324825
74964324917
74964324995
74964325111
74964325155
74964325182
74964325240
74964325342
74964325407
74964325414
74964325432
74964325452
74964325460
74964325480
74964325509
74964325510
74964325653
74964325707
74964325889
74964325967
74964328003
74964328005
74964328010
74964328372
74964329018
74964329131
74964329901
74964329903
74964329929
74964350605
74964351005
74964351012
74964351025
74964351034
74964351054
74964351056
74964351253
74964351757
74964352020
74964352096
74964352099
74964352288
74964352289
74964352342
74964352401
74964352498
74964352527
74964352635
74964352935
74964352947
74964353305
74964353356
74964353365
74964353393
74964353685
74964353719
74964353969
74964353972
74964354001
74964354227
74964354253
74964354273
74964354311
74964354401
74964354454
74964354776
74964354838
74964355039
74964355055
74964355089
74964355161
74964355497
74964355525
74964355810
74964355825
74964356027
74964356300
74964356592
74964356930
74964357008
74964357345
74964357399
74964357446
74964357499
74964357533
74964357598
74964357734
74964358571
74964358588
74964359031
74964359127
74964359185
74964359251
74964359329
74964360505
74964370248
74964370249
74964370264
74964370272
74964370287
74964370292
74964370307
74964370336
74964370347
74964370355
74964370357
74964370360
74964370375
74964370393
74964370399
74964370702
74964370703
74964370715
74964370717
74964370720
74964370732
74964370748
74964370751
74964370760
74964370767
74964370813
74964370814
74964370817
74964371129
74964371136
74964371563
74964371569
74964373148
74964373190
74964458749
74964459109
74964459687
74964459880
74964460584
74964460879
74964462129
74964463025
74964463098
74964463207
74964463332
74964463537
74964463674
74964463676
74964463707
74964463893
74964464019
74964464324
74964464333
74964464533
74964464866
74964471030
74964471619
74964472116
74964472243
74964473308
74964473899
74964474000
74964664917
74964665132
74964665171
74964665176
74964665377
74964665481
74964665575
74964665592
74964665634
74964665672
74964665756
74964665831
74964665833
74964665864
74964665906
74964665915
74964666150
74964666198
74964666290
74964666543
74964666987
74964668205
74964668402
74964668450
74964668507
74964668531
74964668586
74964668804
74964668848
74964668963
74964669252
74964669260
74964669500
74964669775
74964669859
74964669942
74964669991
74964670008
74964670010
74964670020
74964670235
74964670606
74964670898
74964670992
74964671155
74964671191
74964671292
74964671515
74964671678
74964671710
74964672288
74964672365
74964672399
74964672715
74964673023
74964673499
74964673555
74964673615
74964673773
74964673882
74964674040
74964674143
74964674449
74964674498
74964674700
74964674702
74964675137
74964675354
74964675437
74964675530
74964675646
74964675937
74964677158
74964677159
74964677245
74964677277
74964677279
74964677410
74964677637
74964677666
74964677780
74964677885
74964677930
74964678070
74964678113
74964678250
74964678661
74964679484
74964679911
74964690018
74964690168
74964690587
74964690609
74964691042
74964691043
74964691047
74964691220
74964691371
74964691386
74964691551
74964691570
74964691752
74964692011
74964693293
74964693339
74964693561
74964693596
74964693621
74964694007
74964694014
74964694032
74964694034
74964694058
74964694077
74964694088
74964694150
74964695008
74964695160
74964695307
74964695378
74964695432
74964695453
74964695712
74964695812
74964696008
74964696090
74964696378
74964696418
74964697018
74964697023
74964697055
74964697333
74964697384
74964697403
74964697642
74964697775
74964697856
74964698443
74964698567
74964698748
74965110895
74965110960
74965112201
74965112232
74965112375
74965112768
74965112791
74965112873
74965113542
74965114297
74965114389
74965114590
74965114646
74965114920
74965115747
74965116057
74965117008
74965117010
74965118151
74965118283
74965119460
74965119462
74965119807
74965121467
74965121674
74965121842
74965121880
74965124455
74965125086
74965125179
74965125509
74965125624
74965125665
74965125679
74965125927
74965126005
74965126123
74965126591
74965126943
74965130068
74965131225
74965131555
74965132579
74965360017
74965360053
74965360085
74965360122
74965360171
74965360189
74965360207
74965360344
74965360346
74965360410
74965360437
74965360444
74965360455
74965360593
74965360644
74965360655
74965360673
74965360725
74965360737
74965360765
74965360852
74965360863
74965360879
74965360942
74965360974
74965361076
74965361200
74965361319
74965361339
74965361410
74965361433
74965361527
74965361548
74965361598
74965361717
74965361729
74965361796
74965361853
74965361857
74965361879
74965361895
74965361949
74965362487
74965362539
74965362704
74965362788
74965362906
74965362911
74965362969
74965363333
74965363696
74965363709
74965363763
74965363784
74965363811
74965363875
74965364209
74965364298
74965364507
74965364617
74965364763
74965364855
74965365276
74965365440
74965365470
74965365518
74965365545
74965365586
74965365702
74965365852
74965367101
74965367186
74965367441
74965367552
74965367924
74965367993
74965368232
74965368404
74965368667
74965368764
74965368811
74965369250
74965369440
74965369463
74965401162
74965401384
74965402000
74965402177
74965402228
74965402879
74965403268
74965403517
74965403568
74965403598
74965403643
74965403700
74965403821
74965404061
74965404336
74965404373
74965404444
74965404605
74965404702
74965404714
74965404732
74965404804
74965404811
74965405059
74965405127
74965405208
74965405331
74965405342
74965405431
74965405451
74965405580
74965405653
74965405703
74965405909
74965405933
74965405995
74965406055
74965406074
74965406109
74965406113
74965406150
74965406302
74965406358
74965406407
74965406431
74965406563
74965406788
74965407910
74965407934
74965407960
74965408064
74965408434
74965408620
74965408674
74965408878
74965408949
74965409052
74965409207
74965409355
74965412331
74965412489
74965412607
74965412928
74965412977
74965412979
74965413042
74965413051
74965413141
74965413217
74965413219
74965413275
74965413301
74965413529
74965413758
74965414021
74965414065
74965414331
74965414343
74965414589
74965415058
74965415443
74965415529
74965415552
74965415580
74965415591
74965415636
74965415650
74965415656
74965415686
74965415699
74965416779
74965416780
74965418075
74965418142
74965418333
74965418810
74965419006
74965419026
74965419105
74965419164
74965419304
74965419349
74965420275
74965420406
74965420530
74965420675
74965420715
74965421122
74965421131
74965421348
74965421439
74965421537
74965421684
74965421773
74965421788
74965421826
74965421867
74965421891
74965422200
74965422211
74965422416
74965422884
74965422893
74965422937
74965423261
74965423636
74965424204
74965424270
74965424525
74965424857
74965424939
74965425247
74965425308
74965425396
74965425695
74965425716
74965425726
74965425916
74965426029
74965426231
74965426416
74965426766
74965426938
74965427070
74965427229
74965427254
74965427297
74965427726
74965427947
74965428411
74965428482
74965428491
74965428827
74965429631
74965429712
74965430015
74965430016
74965430017
74965430227
74965430258
74965430507
74965430515
74965430646
74965430767
74965431011
74965431315
74965431407
74965431416
74965431977
74965432210
74965432403
74965432670
74965433314
74965434186
74965435055
74965435680
74965435890
74965435948
74965435987
74965436246
74965436720
74965438286
74965438911
74965640036
74965640112
74965640205
74965640244
74965640316
74965640401
74965640745
74965640802
74965640932
74965641192
74965641232
74965641416
74965641517
74965641545
74965641780
74965641962
74965642091
74965642373
74965642465
74965642682
74965642958
74965643227
74965643241
74965643301
74965643417
74965643481
74965643492
74965643553
74965643601
74965643851
74965644017
74965644055
74965644215
74965644231
74965644234
74965644493
74965644815
74965645433
74965645501
74965645516
74965645568
74965645685
74965645790
74965645922
74965645932
74965646028
74965646800
74965646997
74965647016
74965647029
74965647458
74965647733
74965647990
74965648462
74965648876
74965648927
74965648969
74965649062
74965649697
74965649848
74965651016
74965651017
74965651027
74965651031
74965651033
74965651040
74965651060
74965651066
74965651068
74965651081
74965651082
74965651085
74965651098
74965651101
74965651115
74965651120
74965651150
74965651152
74965651157
74965651158
74965651165
74965651167
74965651171
74965651187
74965651192
74965651193
74965651198
74965651202
74965651213
74965651224
74965651227
74965651242
74965651250
74965651258
74965651267
74965651272
74965651283
74965651291
74965651331
74965651333
74965651336
74965651340
74965651359
74965651384
74965651395
74965651602
74965651604
74965651607
74965651618
74965651625
74965651633
74965651649
74965651652
74965651660
74965651677
74965651691
74965651695
74965652408
74965652416
74965652437
74965652447
74965652474
74965652485
74965652490
74965652495
74965652500
74965652517
74965652518
74965652533
74965652541
74965652542
74965652550
74965652557
74965652583
74965652585
74965652593
74965652598
74965652637
74965652647
74965652657
74965652692
74965710049
74965710057
74965710383
74965710510
74965710525
74965710785
74965711020
74965711072
74965711246
74965711529
74965711660
74965711791
74965712550
74965712930
74965712935
74965712990
74965713406
74965713750
74965714394
74965714529
74965714755
74965715434
74965715502
74965715590
74965715882
74965716350
74965716556
74965716662
74965717269
74965717527
74965718005
74965718013
74965718022
74965718037
74965718192
74965718212
74965719159
74965719806
74965719825
74965719826
74965719828
74965719836
74965719837
74965719854
74965719864
74965719869
74965719875
74965719879
74965719884
74965719917
74965719919
74965719920
74965719941
74965719943
74965719944
74965719968
74965719977
74965719983
74965720255
74965720411
74965720545
74965720580
74965721097
74965721136
74965721702
74965721777
74965722570
74965722830
74965723220
74965723279
74965723554
74965723697
74965723814
74965724438
74965724563
74965724767
74965725636
74965725983
74965725986
74965726300
74965726320
74965726465
74965726533
74965726559
74965726727
74965727109
74965727205
74965727890
74966139190
74966139696
74966140305
74966141248
74966141902
74966142016
74966142395
74966142507
74966143104
74966143137
74966143699
74966144011
74966144080
74966144155
74966145481
74966145663
74966147763
74966148429
74966148707
74966149493
74966150051
74966150200
74966150232
74966150544
74966150733
74966151483
74966151594
74966151859
74966152545
74966152693
74966152976
74966153760
74966153823
74966154076
74966154428
74966154961
74966155183
74966155826
74966157171
74966157347
74966157999
74966158254
74966158380
74966158819
74966158851
74966159269
74966159346
74966160475
74966161762
74966163004
74966163007
74966163019
74966163040
74966163049
74966163084
74966163120
74966163199
74966163219
74966163228
74966163411
74966163476
74966163510
74966163535
74966163551
74966163553
74966163597
74966163684
74966163776
74966163843
74966163878
74966163964
74966165542
74966165757
74966165915
74966165974
74966166073
74966166086
74966166335
74966166421
74966166631
74966166648
74966166714
74966166749
74966167008
74966167010
74966167034
74966167060
74966167107
74966167175
74966167311
74966167585
74966167588
74966167801
74966167803
74966167921
74966167923
74966168000
74966168638
74966169353
74966169624
74966169804
74966169805
74966169807
74966169812
74966169817
74966169849
74966169881
74966169939
74966169952
74966170069
74966170078
74966170083
74966170193
74966170196
74966170319
74966170324
74966170363
74966170435
74966170437
74966170458
74966170474
74966170542
74966170605
74966170842
74966170862
74966170888
74966170900
74966171269
74966171464
74966171504
74966171574
74966171642
74966171672
74966179484
74966179704
74966179939
74966179959
74966180468
74966180707
74966180892
74966181977
74966184441
74966185749
74966185760
74966185936
74966186327
74966186476
74966186816
74966186842
74966187207
74966187526
74966187787
74966188239
74966188247
74966188249
74966188257
74966188765
74966189080
74966189609
74967338115
74967338307
74967382635
74967394204
74967395331
74967395994
74967396706
74967397565
74967397887
74967397946
74967704103
74967704183
74967704389
74967704446
74967704478
74967705185
74967705195
74967705238
74967705330
74967705386
74967705551
74967705958
74967706124
74967706230
74967706269
74967707132
74967707145
74967707150
74967707232
74967707242
74967707282
74967708187
74967708275
74967708510
74967708585
74967709231
74967720080
74967720098
74967720192
74967720260
74967720448
74967720521
74967720714
74967720779
74967720786
74967720797
74967720809
74967720844
74967720889
74967720975
74967720984
74967721026
74967721164
74967721432
74967721521
74967721611
74967721672
74967721706
74967721746
74967721827
74967721831
74967721892
74967721911
74967721940
74967721974
74967721992
74967722312
74967722632
74967722642
74967722721
74967722787
74967722954
74967722987
74967723406
74967723411
74967723446
74967723575
74967724427
74967724482
74967724588
74967724623
74967724689
74967724695
74967724725
74967724760
74967724764
74967724934
74967724943
74967725183
74967725439
74967725492
74967725607
74967725617
74967725651
74967725864
74967725965
74967726278
74967726768
74967726890
74967726984
74967727314
74967727398
74967727426
74967727570
74967727740
74967727850
74967727940
74967727969
74967727983
74967728588
74967728723
74967728769
74967728881
74967728964
74967728971
74967740191
74967740612
74967741042
74967741647
74967742782
74967742929
74967743287
74967744473
74967744965
74967745382
74967745479
74967746221
74967746520
74967746891
74967747424
74967747872
74967747973
74967748845
74967748903
74967748990
74967749340
74967749966
74967750435
74967751001
74967753054
74967753066
74967753095
74967753681
74967753829
74967754239
74967754692
74967754862
74967757065
74967758066
74967758595
74967759806
74967961187
74967961355
74967961638
74967962186
74967962563
74967962606
74967962643
74967962798
74967962860
74967963131
74967963180
74967963186
74967963189
74967963287
74967963390
74967963494
74967963576
74967963945
74967964506
74967964531
74967964558
74967965252
74967965292
74967965405
74967965712
74967966523
74967966648
74967967060
74967967469
74967967574
74967967850
74967967916
74967968017
74967968563
74967968640
74967969464
74967969497
74967969592
74984821300
74984822224
74984822583
74984822731
74984825708
74984828417
74984828831
74984829700
74984829848
74986958031
74986958162
74986958422
74986958461
74986958523
74986958530
74986958646
74986958666
74986958670
74986958898
74986959174
74986959200
74986959202
74986959344
74986959362
74986959489
74986959496
74986959537
74986959591
74986959599
74986962009
74986962012
74986962015
74986962022
74986962023
74986962033
74986962035
74986962269
74986962300
74986962610
74986963207
74986963220
74986963445
74986963452
74986963453
74986963456
74986963457
74986963462
74986963923
74986964033
74986964077
74986964100
74986964402
74986964512
74986966493
74986970054
74986970055
74986971332
74986971338
74986971562
74986972167
74986972457
74986972492
74986972503
74986972962
74986973003
74986973184
74986973323
74986973333
74986973338
74986973510
74986973558
74986973654
74986973734
74986973810
74986973856
74986973864
74986973922
74986974125
74986974135
74986974241
74986974267
74986974377
74986974444
74986974584
74986974715
74986974891
74986976100
74986976759
74986976800
74986976868
74986976996
74986978463
74986978482
74986978499
74986978638
74991100181
74991100265
74991100514
74991101176
74991101965
74991101998
74991102182
74991102604
74991102895
74991103125
74991103250
74991105530
74991106021
74991106713
74991106847
74991107051
74991107903
74991108237
74991109056
74991109137
74991109301
74991109508
74999221454
76228036206
77104001869
78162640195
78162640422
78162640480
78162640706
78162640731
78162640742
78162640980
78162641089
78162642699
78162642910
78162642915
78162643060
78162643093
78162643232
78162644044
78162644510
78162645147
78162645249
78162645360
78162646474
78162646558
78162771041
78162771223
78162772004
78162772696
78162772764
78162773406
78162773639
78162773660
78162774108
78162774111
78162774131
78162775010
78162775288
78162775289
78162775342
78162775353
78162775379
78162775651
78162776707
78162777015
78162777156
78162777435
78162778297
78162779265
78162779330
78162779646
78162780120
78162780167
78162782128
78162782634
78162782701
78162789142
78162789196
78162789275
78162790370
78162791662
78162796096
78162948092
78162948098
78162948160
78162948341
78162948344
78162948791
78162949119
78162949184
78162949214
79027469230
79208700303
79208724444
79209591919
79264541231
79269750482
79657000124
74922423170
74922423220
74922423090
74922420532
74922421195
74922422940
74922422020
74922425115
74922422771
74922420055
74922422627
74922420864
74922421038
74922422046
74922423078
6000003181
74922422774
74922424466
74922420030
74922422766
74922420511
74922421096
74922420688
74922423128
74922420317
74922426468
74922421034
74922426281
74922420012
74922422221
74922423061
74922424899
74922420594
74922421114
74922421022
74922420418
74922421024
74922420052
74922421165
74922420515
74922420277
74922422269
74922424444
74922420101
6000311426
74967395705
74967397393
74967398385
74967396180
74967395845
74967398477
74967399464
74967399358
74967395465
74967399274
74967396217
74967395001
74967395185
74967399847
74967395010
74967394197
74967395764
74967396074
74967395274
74967395200
74967396140
74967395110
74967395433
74967396252
74967399047
1422043032
74967396883
74967397038
74967396983
74967396940
74967396351
74967399565
74967398413
74967396201
74967399915
74967395310
74967397382
74967396634
74967399087
74955973020
74955970536
74955968540
74955968565
74955973335
74955973219
74955975200
74955970316
74955970941
74955971261
74955970720
74955970919
74955973051
74955974115
74955972728
74955974946
74955970447
74955973489
74955970762
74955974419
74955975558
74955973141
74955973450
74955973683
74955975102
74955975539
74955969841
74955975531
74955973291
74955970324
74955970215
74955970099
74955972605
74955970162
74955971221
74955968749
74955973405
74955972322
1430052418
74967944370
74967944851
74967941221
74967944485
74967940377
74967943789
74967948739
74967943124
74967943092
74967948092
74967943671
74967943074
1420002322
74967943247
74967943082
74967945919
74967943002
74967944959
74967948014
74967942203
74967948406
74967948681
74967948095
74967941886
74967943048
74967940339
74967948454
74967944408
74967946863
74967948913
74967943049
74967942034
74967941891
74967946976
74967944667
74967943005
14200440170
74967948983
74967948977
74967940170
74967948507
74967944670
74967944264
74967948594
74967948030
74967948278
74967943011
74967940427
74967942500
74967948185
74967941870
74967948630
74967945426
394074521165122
74967944654
74967948045
74967941682
74967943556
74967948970
74967948290
74967940219
74967944151
74967946873
74967948621
74967941248
74967944721
74967948313
74967941884
74967940041
74967944141
74967948976
74967942929
74967948619
74967944555
74912767234
74912754290
74912767128
74912766298
74912768950
74912767631
74912762577
74912763255
74912765954
74912761463
74912752567
74912768793
74912756227
74912768429
74912760116
74912761450
74912768522
74912760053
74912765744
74912768727
74912767842
74912767152
74912762597
390000221013
74912764011
74912752710
74912750496
74912761985
74912760750
74912762024
74912750861
74912761621
74912768940
74912764746
74912760259
74912763897
74912769332
74912763589
74912751543
74912754447
74912763775
74912765552
74912769826
74912750166
74912759851
74912769805
74912762101
74912761863
74912756567
74912755478
74912754646
74912767156
74912752995
74912759674
74912754017
74912765307
74912769313
74912767161
74912765245
74912761281
74912759783
74912761791
74912762682
74912766504
74912750533
74912765911
74912767673
74912753226
74912761534
74912752256
39111133900
74912757961
74912753774
74912761370
74912761496
74912763942
74912757486
74912753733
74912768356
74912763843
74912750690
74912758445
74912767641
74912750452
74912761647
74912763813
74912769375
74912760474
74912766417
74912759488
74912768007
74912767452
74912769586
74912768661
74912769763
74912766942
74912765270
74912767497
74912754609
74912764061
74912762779
74912764146
74912769315
74912761211
74912767096
74912767544
74912754850
74912769516
74912757230
74912760326
74912750860
74912760547
74912767815
74912753583
74912754568
74912754357
74912764782
74912766152
74912763604
74912761834
74912754800
74951233546
74951233716
74951233830
74951232437
3211432114
74951232469
74951232422
74951232512
74951233006
74951233713
74951233559
74951234040
74951233752
74951232559
74951232567
74951232585
74951233608
74951233026
74951233495
74951233384
74951232570
74951232112
74951230037
74951232452
74951233566
451174516045117
74951232167
74951230020
74822744153
74822744523
74822741869
74822747444
74822747420
74822741573
1700002911
74822744476
74822744244
74822744501
74822747450
74822743197
74822740170
74822747124
74822744273
74822744254
74822741253
74822744011
74822744497
74822744009
74822743815
74822747211
74822744150
74822747411
74822745757
74822744072
74822743104
74822741193
74822744593
74822744589
74822744543
74822740043
74822743960
74822743404
74822747455
74822747009
74822741325
74822744157
74822744200
74955035288
74955038182
74955037488
74955032789
74955031273
74955033759
74955031762
74955039176
1270556220350
74955038711
74955032749
74955039000
74955038833
74955032304
74955037123
74955035666
74955036088
74955035488
74955030490
74955037171
74955037336
74955031463
74955034200
74955030546
74955034372
74955031518
74955034882
74955033000
74955034390
74955031260
74955030545
74955039344
74955033252
74955033166
74955032479
74955031244
74955038479
74955039109
74955037727
74955031545
74955037681
74955030107
74955037353
74955033134
74955030300
74955034948
74955033255
14010211630
74955031188
74955032554
74955030432
74955033008
74955038087
74955032067
74955037433
14000026774
74955038222
74955037764
74955036547
74955030479
74955030519
74955030503
74955039396
74955035118
74955032960
74955031605
74955030455
74955037481
74955030221
74955035527
74955034118
74955035390
74955031427
74955030244
74955031490
74955039348
74955034577
74874150407
74874150346
74874148002
74874155301
74874148001
74874148024
74874150333
74874171035
74874150100
74874156400
74874150498
74874148045
74874155328
74874171027
74874156060
74874150343
74874150800
74874156013
74874148023
74874156096
74874171015
74874155805
74874156095
74962463743
74962462159
74962461307
74962463457
74962462001
74962462234
74962463197
74962462473
74962462325
74962462575
74962462330
74962461088
74962463327
74962462376
74962462228
74962462265
74962463326
74962463467
74962463432
74962462168
74962463590
74962462384
74962464549
74962461007
74962462249
74962460491
74962460446
74962463012
74962461515
74962460648
74962463400
74962461010
74915622300
74915626119
39180017312
74915620536
74915620653
74915621103
74915620370
74915622191
74915621123
74915621402
74915621151
74915620721
74915620212
74915620269
74915620160
74915622205
74915626633
74915622611
74915620635
74915622332
74915626242
74915620503
74915622041
74915621074
74932330836
74932338718
74932330964
1535113166
74932318708
74932338862
74932328562
74932327137
74932339938
74932325572
74932329273
74932325273
74932336955
74932328560
74932328371
74932326533
74932327267
74932324317
74932325040
74932330807
74932323694
74932335101
74932336983
74932336258
74932324640
74932326594
74932335103
74932326103
74932329010
74932324131
74932324424
74932325439
74932329818
74932330224
74932333836
74932325344
74932317946
74932315174
74932328261
74932329505
74932336365
74932324576
1530224267
74932325287
74932327128
74932326248
74932324115
15300061014
74932325506
74932326267
15301311613
74932338714
74932337162
21248153000
74932326018
74932327227
74932338925
74932325639
74932325103
74932314450
74932329986
74932325687
74932330862
74932326600
74932325326
74932339156
74932323774
74932316892
74932328056
74932337359
74932322370
74932327047
74932335102
153038373233
74932324284
44106153012
74932324422
74932328582
74932326303
1530381714
74932321851
74932327080
74932327680
74932327360
74932324191
74932330850
74932316581
74932328184
74932325663
74932324371
74932325794
2994394230
74932323800
74932326643
74932324220
74932321271
74932338716
74932326386
74932335358
74932316159
74932324164
74932330540
74932330511
74932336926
74932326011
74932323770
74932333060
74932327936
74932325048
74932328447
74932326786
74932325620
74932314438
74932325478
74932326027
74932326440
74932320703
74932325229
74932335073
74932329503
74932324400
74932322475
74932339548
74932325403
74932328085
74932327690
74932328025
74932327296
74932330309
74932325004
74932326962
74932328121
74932332222
74932339546
74932338114
74932329705
74932327248
74932333209
74932338713
74932323625
74932326166
74932323767
74932315151
74932327939
74932324448
74932337049
74932317937
74932327266
74932328896
74932327416
74932337618
74932326076
74932317960
74932321487
74932327105
74932339609
74932339218
74932333055
74932333700
74932327722
74932329750
74932336816
74932329543
74932327873
74932326188
74932338907
74932339112
74932329495
74932336123
74932325837
74932329867
74932325512
74932327252
74932330347
74932335736
74932336427
74932339108
74932314799
74932329453
74932338717
74932332917
74932327586
74932321840
74932328744
74932338347
74932328408
74932337895
74932325220
74932320249
74932323799
74932318603
1535211495
74932328645
74932325605
74932327642
74932326207
74932325671
74932336818
74932321077
74932336359
74932322590
74932327435
74932327352
74932327551
74932327747
74932329103
74932317933
74932324308
74932336247
74932325222
74932324746
74932336280
74932334415
74932325250
74932330333
74932328856
1530134579
74932324107
74932325128
74932325228
74932328597
74932328613
74932325938
1555204120
74932325600
74932325593
74932326168
74875360343
3013611446
74875365344
74875364869
74875359331
74875348004
74875356116
74875349309
74875359447
74875366017
74875364531
74875368167
74875349315
74875349964
74875349901
74875348956
74875362049
74875348986
74875347720
74875367477
74875367406
74875366089
74875348005
74875347600
74875362564
74875355989
74875359480
74875361269
74875357284
74875364097
74875356152
74875362261
74875347080
74875365073
74875362333
74875367407
74875367767
74875348002
74875347991
74875358004
74875348007
74875360781
74875357021
74875365765
74875348000
74875348948
74875347400
74875357593
74875365274
74875360552
74875356423
74875359459
74875367898
74875348938
74875355940
74875360140
74875348965
74875365225
74875365901
74875356802
74875367654
74875361311
74875360696
74875347424
74875356118
74875360762
30136450296
74875359421
74875347052
74875368467
3013673676
74875366111
74875349034
74875366221
74875347967
74875348003
74875356115
74875365818
74875367428
74875356601
74875367771
74875348008
74875368036
74875360091
74875360562
74875364787
74875361515
74875348001
74875356900
74875361641
74875367753
74875367550
74875351171
74875349055
74875359444
74875365660
74875367979
74875366949
74875364955
74875362894
74875361578
74875357690
74875364735
74875364086
74875349357
74875360889
74875359456
74875360320
74875348009
74875347245
74875356033
74875347707
74875360364
74875356128
74875360181
74875347526
74875367066
74875362860
74875348006
74875365894
74875360331
74875347646
74875359228
74875363012
74955155262
74955162043
74955166488
74955165861
74955169796
74955151341
74955168986
1410783104
74955164448
74955162078
74955157662
74955156599
74955152586
74955162248
74955150912
74955150094
74955162116
74955160436
74955168618
74955166190
84955166190
84955193592
74955151258
74955157023
74955151269
74955169928
74955157205
74955153530
74955151303
74955164163
74955157320
74955165587
74955168961
74955159552
74955165353
74955154196
323206323323206
74955167021
74955168458
74955150920
74955168525
74955165062
74955157639
74955154344
74955160405
74955151441
14109015569
74955168899
74955154346
74955162255
74955160134
74955160956
74955155302
74955150022
74955166311
74955160532
74955168306
74955150326
74955166404
74955168669
74955152304
74955161550
74955165595
74955160608
74955165760
74955166358
74955160905
74955150102
4120311330
74955165605
74955168368
74955165695
74955165010
74955158877
74955151343
74955156498
74955160351
74955166288
74955168707
74955153238
74955168285
74955151003
74955162720
74955166895
74955160762
74955160705
74955165544
74955164545
74955159316
74955158737
74955159152
74955152390
74955151188
74955160402
74955166514
74955165463
74955155373
74955166185
74955158009
74955161507
74955168524
74955152044
74955165155
14390614211
74955154055
1410912128
74955154984
74955153315
74955160307
14108037411
74955166472
111673101130
74955166415
74955157657
74955165970
74955152915
74955158847
74955166691
74955153593
74955165807
74955160091
74955164404
74842778652
74842778653
74842778496
74842778570
74842777555
74842778434
74842778629
74842770112
74842778671
74842777703
74842774248
74842777780
74842777456
74842774222
74842778662
74842778166
74842774662
74842774115
74842778440
74842777709
74842772929
74842778494
74842777112
74842778154
74842778301
74842778365
74842771122
74842774536
74842778676
74842774702
74842778519
74842778304
74842770077
74842771909
74842774646
74842774001
74842770001
74842778260
74842778487
74932268114
74932268323
74932264935
74932264147
74932264220
74932269619
74932264984
74932268070
74932267874
74932267946
74932268401
74932267723
74932264600
74932268799
74932267660
74932269701
74932267635
74932264085
74932264200
74932267692
74932264446
74932264702
74932268307
74932264048
74932264755
74932268198
74932264440
74932269833
74932269801
74932268613
74932266194
74932264036
74932264424
74932264023
74932268532
74932264748
74932264202
74932268320
74932264303
74932266159
74932268865
74932269893
74932266176
74932268183
74932268253
74932264208
74932268110
74932266016
74932268460
74932264142
74932268059
74932264515
74932264550
74932267737
74932269901
74932264405
74932267969
74932269959
74932268102
74932268869
74932264054
74932268458
74932268187
74932268695
74932269914
74932264102
74932269633
74932264490
74932268207
74932264445
74932269960
74932268459
74932268030
74932268874
74932264556
74932268363
74932264165
74932268863
74932268425
74932269982
74932264480
74912297464
74912297031
74912299765
74912299820
74912297579
74912297089
74912298552
74912299630
74912299363
74912297356
74912298691
74912298891
74912299981
74912299762
74912299961
74912299495
74912299271
74912297591
74912297120
74912297123
74912299504
74912299083
74912299513
74912297209
74912297607
74912298722
74912299211
74912299917
74912299343
74912299681
74912299827
74912299319
74912298765
74912299183
74912299219
74912297185
74912299821
74912298729
74912299072
74912296941
74912297133
74912299672
74912299852
74912299538
74912297859
74912297476
74912297231
74912299764
74912297850
74912299275
74912297445
74912297228
74912297307
74912299279
74912299808
74912299445
74912296994
74912299186
74912299480
74912299130
74912299404
74912297022
74912297304
74912299964
74912299548
74912296969
74912298746
74912298843
74912297256
74912297223
74912297358
74912299772
74912299804
74912299793
74912297534
74912297072
74912299195
74912297217
74912297647
74912297835
74912297842
74912299249
74912297853
74912299288
74912298045
74912299427
74912297667
74912297229
74912297416
74912299877
74912299472
74912297415
74912299204
74912297560
74912297106
74912297107
74912299435
74912298684
74912299003
74912299932
74912299682
74912297145
74912297076
74912299231
74912297471
74912299432
74912299040
74912299382
74912297099
74912298347
74912297506
74912299297
74912299012
74912297053
74912299864
74912299632
74912297119
74912299715
74912297135
74912297478
74912299621
74912297020
74912297605
74912299711
74912299302
74912299755
74912297837
74912299086
74912297165
74912299373
74912299213
74912297851
74912299446
74912297023
74912297522
74912299341
74912299058
74912299059
74912297163
74912298032
74912299962
74912299775
74912297009
74912299144
74912297568
74912297462
74912299601
74912299573
74912297558
74912299285
74912299807
74912297263
74912299685
74912298184
74912297174
74912297063
74932345649
74932346965
74932345579
74932346290
74932350838
74932345542
74932346019
74932350359
74932345705
74932346188
74932346388
74932347462
74932345674
74932346226
74932345568
74932348275
74932351950
74932350151
74932350769
74932345691
74932345655
74932351869
74932350725
74932345759
74932351606
74932351527
74932347521
74932351046
74932348282
74932351014
74932346300
153025371227
74932345866
74932345880
74932346064
74932348189
74932350779
74932345857
74932346829
74932351496
74932345771
74932345599
74932345521
74932345678
74932346113
74932347377
74932350971
74932345801
74932347479
74932345945
74932345737
74932345955
74932351455
74932347302
74932345987
74932345580
74932346303
74932346174
74932345525
74932350865
74932348157
74932351495
74935132708
74935132588
74935133318
74935133315
74935132333
74935133034
74935131126
74935131010
74935131839
74935132124
74935131415
74935132807
74935128301
74935132767
74935133038
74935131976
74935131740
74935131380
74935132977
74935131548
74935133353
74935132774
74935131304
74935131626
74935131486
74935131759
74935130610
74935132235
74935130813
74967732810
74967736023
74967731937
74967730639
74967733473
74967736778
74967735331
74967732428
74967735458
74967733540
74967730481
74967733132
74967734423
74967730535
74967734644
74967734473
74967735214
74967732601
74967734395
74967730598
74967731787
74967731802
74967733943
74967735881
74967730422
74967730170
74967730761
74967731334
74967733915
74967733841
74967736505
74967730150
74967732584
74967734010
74967733465
74967730928
74967730177
74967735004
74967730937
74967731487
74967731707
74967733630
74967732658
74967731723
74967736383
74967730402
74967735050
74967734929
74967733770
74967732615
74967730709
74967732058
74967732877
74967732612
74967730720
74967731847
74967732790
74923269898
74923269683
74923263121
74923269754
74923263202
74923264967
74923264533
74923269603
74923264527
74923269467
74923269602
74923269648
74923269791
74923269670
74923263686
74923264488
74923269844
74923269419
74923269975
74923263469
74923266011
74923265888
6652562134
74923267973
74923269722
74923264505
74923268125
74923269797
74923269856
74923269713
74923269394
74923267504
74964330710
74964332056
74964330734
74964332895
74964333202
74964330328
74964337759
74964337957
74964332250
74964333206
74964330463
74964337999
74964332843
74964332066
74964332444
74964332503
74964330798
74964330330
74964333350
74964330208
74964337840
74964337932
74964332193
74964335849
74964330023
74964337838
74964337910
74964333231
74964332014
74964330001
74964333037
74964333345
74842795885
74842791469
74842795301
74842791999
74842798567
74842790624
74842791376
74842794937
74842793545
74842792679
74842790906
74842794268
74842799330
74842796555
74842795887
74956356000
74956359177
74956356780
74956358800
74956352142
74956358007
74956357983
74956356164
3201928977
74956353220
74956356206
74956351946
74956355702
74922362772
74922360536
74922361513
74922362010
74922361344
74922365920
74922366198
74922363784
74922366232
74922366448
74922364681
74922366715
74922366958
74922367007
74922366142
74922362663
74922366102
74922366640
74922367471
74922366963
74922364160
74922362810
74922366750
74922361807
74922360740
74922366315
74922364376
74922366470
74922362400
74922365326
74922362865
74922366425
74922361282
74922367463
74922365155
74922366858
74922367625
74922362693
74912986396
74912980284
74912988800
74912988288
74912984034
74912984757
74912986518
74912988097
74912984126
74912983288
74912984104
74912986278
74912982397
74912988488
74912984592
74912987837
74912983743
74912986868
74912988354
74912988158
74912986998
74912983114
74912984658
74912986719
74912986138
74912983821
3900052621
74912983211
74912984229
74912980003
74912986566
74912983666
74912986959
74912983707
6221390000
74912987293
74912988208
74984823795
74984824101
74984825402
74984821363
74984829195
74984824675
74984821110
74984823065
74984823720
74984824417
74984820755
74984821616
74984821471
74984822614
74984826569
74984823400
74984824290
74984823567
74984829917
74984828934
74984821467
74984820865
74984821231
74984822376
74984821651
74984823280
74967728234
74967722711
74967724410
74967726786
74967727336
74967720516
74967720194
74967723581
74967727503
74967720675
74967721900
74967725164
74967726933
74967720924
74967724524
74967720401
74967721512
74967723486
74967722907
74967724952
74967726478
74967721938
74967721418
74967728665
74967727941
74967724447
74967723533
74967723920
74967726630
74967720536
74967724600
74967720011
74967722843
74967721989
74967720926
74967720432
74967721182
74967721538
74967720870
74967722833
1422114380
74967720231
74967722700
74967720602
74967725089
74967724513
74967721994
1422035827
74967721905
1422001730
74967728800
74967726472
74922214446
74922216454
74922215914
74922213932
74922211205
74922216831
74922215806
74922212700
74922212846
74922210053
74922212260
74922211464
74922212417
19000023323
74922213433
74922215581
74922219331
74922213824
74922216510
74922213340
74922215836
74922218576
74922214435
74922214332
74932240109
74932234379
74932242054
74932236343
74932236764
74932234419
74932242697
74932235854
74932237211
74932236075
74932231098
74932236143
74932240700
74932240689
74932238806
74932230568
74932234285
74932233319
74932234655
15303812544
74932235276
74932230591
74932242721
74932234491
74932233545
74932231836
74932232835
74932233153
74965644313
74965645377
74965644374
74965651671
74965642435
74965652505
74965652630
74965651398
74965642974
74965646341
74965645761
74965641471
74965649732
74965643422
74965651218
74965644662
74965651122
74965648839
74965651191
74965641239
74965642769
74965651024
74965642708
74965652675
74965651151
74965641292
14119560183
74965640208
74965641263
74965652523
74965652634
74965651350
74965642240
74955526755
74955523198
74955519135
74955524522
35782710108
74955520024
74955523296
74955524740
74955523411
74955523023
74955528954
74955524408
74955521633
74955523358
74955522531
74955528440
74955525364
74955528397
74955525397
74955528906
74955529128
74955527705
74955520517
74955524888
74955521929
74955524658
74955522275
74955528330
74955520421
74955525955
74955523311
74955520081
74955523383
74955520790
74955521169
74955523031
74955526837
74955527002
74955521642
74955521945
74955528469
74955527009
74955529195
74955526112
140080521330
74955523671
74955526136
74955519039
74955526508
74955523632
74967695858
74967696048
113622676963354
74967699648
74967693544
74967699776
74967697415
74967690880
74967689124
74967696570
74967699874
74967696632
74967691809
74967695533
74967699679
74967697438
74967699078
74967690931
74967697461
74967689288
74967699872
74967692020
74967696251
74967699366
142184501552
74967697403
74967699367
74967697125
74967697107
74967696909
74967699534
74967699352
74967699837
74967691306
74967699768
74967699844
74967699919
74967697482
74967697504
74967690386
74967697526
74967696162
74967692473
74967696932
1423022061
74967693111
74967699380
74967691137
74967697417
74967692748
74967693599
74967699247
74967694904
74967695796
74967694163
74967699800
74967689292
74822456640
74822449311
74822452409
74822452548
74822452114
74822452049
74822448565
17004050151
74822446241
74822450381
74822452200
74822449361
74822452693
74822445152
74822452954
74822453587
74822445188
74822444188
74822452547
74822457032
74822445252
18129170024
74822448231
74822452805
74822454020
74822444682
74822452647
74822444409
74822453560
74822452428
74822444202
74822452086
74822453768
74822453526
74822443415
74822452110
74822452475
74822452860
74822452084
74822453800
74822453504
74822444157
74822452082
74822453620
74822443403
74822452560
74822452477
74822452494
74822452326
74822452673
74822452350
74822453603
74822452314
74822453968
74822446281
74822452640
1700439917183
74822449411
74822452897
74822453733
74822448629
74822449228
74822449493
74822452019
74822449373
74822449932
74822445534
5034170024
74822452680
74822451674
74822452501
74822444539
74822453811
74822452203
74822452637
74822452752
74822453762
74822453578
74822452764
74822452608
74822453611
74822458398
74822452301
74822458028
74822449392
74822444483
74822448871
74822444588
74822452434
74822443879
74822444060
74822451597
74822450520
74822452634
74822453863
74822450888
74822448847
74822452108
74822452091
74822452622
74822452711
74822453764
74822451131
74822446218
74822452781
1700367724
74822450164
74822453712
74822453649
74822451302
74822452427
74822446463
74822453690
74822453795
74822452213
74822453646
74822444389
74822452675
74822452491
74822452429
74822452253
74822444643
74822453571
74822444076
74822453939
74964119016
74964125753
74964110672
74964124482
74964116576
74964126704
74964113518
74964118710
74964119000
74964120302
74964115884
74964116945
74964122519
74964120088
74964122788
74964115039
74964115312
74964120737
74964121680
74964126711
74964124791
74964116674
74964121573
74964125076
74964120002
74964121882
74964110602
74964124795
74964122816
74964113302
74964124245
74964119021
74964114505
74964131056
74964115184
74964123418
74964115517
74964125478
74964127047
74964125645
74964124625
74964120654
74964116717
74964120281
74964113352
74964110925
74964113057
74964111311
74964123644
74964127841
74964116965
74964126040
74964115538
74964120419
74964122311
74964119020
74964110026
74964116024
74964115734
74964115479
74964125158
74964127510
74964116457
74964116768
74964127011
74964114935
74964126563
74964131058
74964131068
74964114707
74964121555
74964122044
74964110027
74964116313
74964120164
74964110223
74964120141
74964123625
74964121977
74964116900
74964113485
74964118033
74964124723
74964127355
74964116227
74964121634
74964116277
74964121042
74964131059
74964123415
74964113945
74964120759
74964126334
74964125454
74964113600
74964123963
74964115955
74964126261
74964116929
74964110225
74964123027
74964111077
74964121214
74964125554
74964120648
74964123309
74964120660
74964120536
74964114346
74964110323
74964125252
74964123588
74964125000
74964125872
74964119037
74964113333
74964116320
74964131871
74964126149
74964121091
74964112420
74964122492
74964116331
74964121874
74964110460
74964110852
74964116941
74964113516
74964114903
74964118707
74964116526
74964127584
74964124315
74964110111
74842767333
74842767369
74842768205
74842768465
74842768187
74842766820
74842767176
74842767152
74842767065
74842767324
74842768204
74842767370
74842767368
74842767337
74842768040
74842767629
74842767637
74842767634
74842766850
74842766855
74842767489
74842767220
74842767289
74842766666
74842767626
74842767628
74842766800
74875460957
74875463267
74875463526
74875462670
74875461171
74875460954
74875460135
74875460951
74875462182
74875467403
74875462654
74875462000
74875463557
74875460865
74875464474
74875462636
74875460264
74875463765
74875460815
74875460883
74875466286
74875462286
74875465999
74875462877
74875460849
74875464058
74875463322
74875466868
74875465083
74875462072
3012621184
74875462391
74875466000
74875460803
74875460155
74875465028
74875462973
74875460950
74875460952
74875467249
74875462863
74875460487
74875461743
74875462175
74875463467
74875462204
74875461679
74875463301
74875460958
74875461943
74875463152
74875462172
74875461664
74875461962
74912291144
74912272018
74912287835
74912289877
74912280495
74912280243
74912279863
74912286253
74912290916
74912272259
74912280594
74912290425
74912290412
74912290418
74912276890
74912274412
74912276938
74912275920
74912281202
74912286044
74912288395
74912280630
74912287959
74912289021
74912272255
74912285763
74912279091
3900003031
74912277403
74912270150
74912275118
74912276773
74912285168
74912272886
74912274622
74912291517
74912267144
74912288528
74912267439
74912288243
74912288802
74912272065
74912267158
74912285613
74912272540
74912280040
74912278903
74912289332
74912279922
74912288232
74912284409
74912283946
74912285643
74912280989
74912288956
74912274111
74912282901
74912288874
74912290033
74912267201
74912280556
74912272711
74912276337
74912283783
74912270502
74912276864
74912284403
74912289142
74912281025
74912288813
74912286205
74912279267
74912290421
74912272244
74912290936
74912290646
74912289121
74912274866
74912276157
74912280480
74912287687
74912290244
74912274598
74912267108
74912283895
74912281344
74912290086
74912266456
74912286207
74912289235
74912280228
74912287908
74912279529
74912288001
74912288236
74912289501
74912283636
74912281173
74912280097
74912266135
74912290291
74912283006
74912275381
74912289243
74912270136
74912277067
74912290485
74912290594
74912273008
74912274839
74912279740
74912282049
74912266275
74912266587
74912270156
74912271801
74912270319
74912286224
74912290698
74912267421
74912276220
74912279595
74912288240
74912278262
74912288258
74912277635
74912270642
74912965757
74912960548
74912966380
74912960472
74912960510
74912966132
74912960225
74912960410
74912968252
74912961122
74912960678
39004421122
74912960977
74912960905
74912968010
74912964870
74912968102
74912963833
74912961455
74912961873
74912966389
74912969298
74912966235
74912960286
74912969926
74912960879
74912963417
74912966305
74912961370
74912966340
74912962108
74912969969
74912961624
74912960460
74912960200
74912960003
74912960108
74912960888
74912962082
3900294628
74912964963
74914145303
74914146312
74914145592
74914145298
74914145213
74914145475
74914145019
74914145945
74914145187
74914145702
74914146310
74914142511
74914145765
74914145232
74914145512
74914145895
74914146609
74914141858
74914145490
74914143875
74914145096
74914145149
74914145694
74914143846
74914145305
74914146302
74914146230
74914143171
74914145693
74914145476
74914142913
74914145504
74914141717
74914145160
74914145375
74914145143
74914145466
74914142343
74914145288
74914143358
74914143353
74914145304
74914145215
74914145640
74914145201
74914142610
74914145269
74914145162
74914141233
74914145938
74914142242
74922431083
74922431742
74922430071
74922431533
74922430049
74922430145
74922431152
74922432144
74922431162
74922430613
74922430673
74922432429
74922432546
16129450022
74922445096
74922451488
74922448787
74922450864
6015013328134
74922442444
74922451693
74922452161
74922451090
74922447739
74922447812
74922451009
74922444449
74922445103
74922453036
74922456815
74922444911
74922451545
74922456115
74922447578
16114600035
74922442958
74922447960
74922444123
6009015142
74922456777
74922444846
74922456677
74922450844
600000339314
74922456547
74922447111
74922450751
74922451740
74922447579
6012209211
74922452573
74922453307
74922445403
74922441859
74922442804
74922446844
74922457770
74922451658
74922452548
74922450225
74922456711
74922440044
74922459006
74922451649
74922453303
74922453138
74922453012
74922445085
74922448072
74922444562
74922453589
74922445040
74922442555
74922451905
74922453006
74922451922
74922444090
74922451601
74922451111
74922453172
74922440035
74922440444
74922456529
74922456745
74922459454
74922456533
74922450369
74922442948
74922453317
74922451203
74922445948
74922451656
74922445913
74922443781
74922450327
74922453019
74922441646
74922444951
74922453305
74922446464
74922451652
74922448020
74922444965
74922458060
74922456888
74922451596
74922450975
74922442478
74922456255
74922447425
74922445828
74922442660
74922444741
74922453406
74922453301
74922443790
74922444099
74922453037
74922453018
74922451731
74922451779
6000233741
74922450349
74922444445
6000372277
74922452849
74922443098
74922450045
74922447756
74922443725
74922447407
74932416493
74932416418
74932410538
74932412576
74932421481
74932414202
74932419967
74932415710
74932410408
74932410043
74932415184
74932414285
74932410932
74932416150
74932429292
74932418429
74932412127
74932411221
153002941004
74932417737
15301242124
74932427632
74932412720
74932415531
74932420229
74932410269
74932424933
74932419242
74932417464
74932417858
74932417692
74932421484
74932419568
74932419098
74932423026
74932418059
74932410129
74932427443
74932423087
74932411527
74932410961
74932425882
74932415014
1530001644
74932422861
74932420584
74932417350
74932410913
74932420931
74932424392
74932419280
74932420673
74932413806
74932410088
74932411644
74932410914
74932425756
74932413148
74932411495
74932420050
74932416695
74932416861
74932421320
74932421458
74932410019
74932425002
74932417662
74932422511
74932415601
74932422434
74932410170
74932421762
74932417269
74932410903
74932410191
74932421378
74932427973
74932412783
74932418673
74932411378
74932412147
74932412235
74932411379
74932410480
74932417198
74932422524
74932414289
74932410239
74932413049
74932415295
74932417510
74932410557
74932415151
74932415041
74932422742
74932427797
74932417863
74932413861
74932428417
74932426192
74932415088
74932415029
74932416128
74932427798
74932417809
74932413804
74932418125
74932423419
74932416320
74932423353
74932418602
74932412250
74932410348
74932418950
74932417857
74932412766
74932411080
74932418056
74932414803
74932417304
74932427580
74932416290
74932410251
74932418801
74932416995
74932427781
74932424338
74932411569
74932414458
1530223177
74932424320
74932411636
74934326073
74934325335
74934325830
74934321774
74934324140
74934322502
74934322465
74934321840
74934322451
74934321743
74934326702
74934325359
74934325298
74934322535
74934323954
74934324379
74934321644
74934326131
74934322894
74934321281
74934324020
74934323402
74934321818
74934321860
74934323428
74934322286
74934326104
74934322335
74934321572
74934322873
74934322202
74953690207
74953690002
74953690063
74953691336
74953696953
74953694006
74953695229
74953690990
123112124511
74953695800
32235327235
74953690243
74953690047
74953694907
74953696854
12549945153
74953691524
74953696947
74953691790
1421514215
74953691639
74953696949
74953694925
74953690809
74953690850
74953691758
74953691318
74953693087
74953695067
74953690772
74953695745
483102881124
74953699060
74953691690
74953693396
74953696047
74953691900
74953696810
74953693307
74953694260
74953693015
74953695074
74953690770
74953696979
74953692385
1712217122
74953695390
74953692673
74953694864
74953691088
74953691827
74953690530
74953699560
74953691440
74953690234
74953690003
74953691978
74953699564
74953690044
74953691896
74953695395
74953690407
74953695784
618531856185
74953695342
74953690890
74953694164
74953695372
74953691599
74953695877
74953691600
74953691609
74953699018
74953693335
74953694700
74953693392
74953692154
74953692214
74953696910
621562156215
74953691245
74955416910
1427003122
74955410168
74955410422
74955411877
74955415411
74955414469
74955411011
74955419623
74955415356
74955416505
74955413576
74955411985
74955415408
74955418163
74955412929
74955412407
74955411421
74955415732
74955410020
74955412800
35257135352571
74955413877
74955412265
74955413983
74955418511
74955418355
74955413288
74955416489
74955415593
74955410210
74955419587
74955414745
74955419653
74955411135
74955411355
74955414266
74955415366
74955414304
74955410945
74955411935
74955415833
74955413700
74955413232
74955414933
74955416811
74955415100
74955412514
74955419400
4309102517
74955415176
74955417637
74955417770
74955416920
74955419665
74955416257
74955416001
74955418989
14270117671
74955419724
74955418784
74955417821
74955417411
14270139143
74955413711
74955414733
1427033175
74955412154
74955411614
74955412143
74955410125
74955411885
74955413511
74955985983
74955987245
74955987092
74955977686
74955992187
74955987018
74955987422
74955987618
74955977639
74955987367
74955976872
74955985753
74955976678
74955987005
74955987885
74955977198
74955985504
74955984684
74955988586
74955988283
74955985711
74955984051
74955988913
74955981611
74955987944
74955992157
74955985441
74955981498
74955987187
74955990133
74955982028
74955987184
74955987660
74955979955
74955989217
74955981056
74955985460
74955987954
74955999056
74955989108
74955987290
74955985438
74955995061
74955987154
74955976034
74955999152
74955992673
74955979696
74955987966
74955977142
74955998250
74955987820
74955989439
74955978057
74955981050
74955988170
74955987659
74955992917
74955987503
74955977850
74955987143
74955991279
74955982584
74955995355
74955998076
34781951215121
74955989164
74955980986
74955983440
74955987675
74955987869
74955988883
1010001739
74955985727
74955990106
74955987976
74955977408
74955977190
74955987254
74955988743
74955991112
74955987961
74955977130
74955987900
74955987852
74955988770
74955987097
74955977905
74955997240
74955992148
74955978864
74955986205
74955987655
74955985977
74955981018
74955987527
74955999047
74955985148
74955985178
74955998853
74955987283
74955987293
74955987222
74955985431
74955998132
74955988510
74955987942
74955987878
74955975807
74955977415
74955987026
74955983583
74955995326
74955980297
74955987803
74955987920
74955987155
74955987125
143010221219
74955984646
74955983559
74955988147
74955987041
74955987112
74955992379
74955984278
74955977602
74955987224
74955997812
74955987402
74955983002
74955987398
74955981253
74955981181
74955989976
74955987006
74955989212
74955996170
74955976858
74955981274
74955985433
74955983258
74955983246
1002273014
74955981304
74955980180
74955982960
74955987637
74955987249
74955987206
74955985365
74955985719
74955985825
74955987327
74955977888
74955981545
74955984429
74955998323
74955985722
74955998509
74955987980
74955987366
74955987117
74955981670
74964148769
74964160093
74964139445
74964161090
74964139253
74964161909
74964151008
74964142874
74964145600
74964161014
74964141222
74964139559
74964152640
74964147978
74964141454
74964166984
74964139668
74964147270
74964148773
74964167549
74964166378
74964166282
74964166167
74964166212
74964148750
74964139312
74964139664
74964146893
74964150772
74964166764
74964151064
74964136888
74964166516
74964143663
74964151862
74964146428
74964166478
74964136991
74964166557
74964150101
1426083327
74964145501
1426727171
74964166368
74964153335
74964161696
74964151015
74964150015
74964166114
74964139429
74964165409
74964153819
74964140070
74964166569
74964166220
74964140231
1426081525
74964166115
74964140335
74964139627
74964168119
74964151884
74964151405
74964161616
74964142818
74964166280
74964166262
74964139247
74964151545
74964141320
74964150527
74964141197
74964166201
74964141786
74964140723
74964150333
74964148843
74964145249
14267112225
74964140498
74964148466
74964137019
74964139254
74964166357
74964140065
74964138901
74964166173
74964168341
74964166170
74964166106
74964142348
74964142517
74964139600
74964166086
74964140500
14267112871
74964163650
1426313757
74964150939
74964161910
74964136703
74964145133
74964144504
74964145887
74964166286
74964166137
74964162981
74964138900
74964136757
74964139300
74964140458
74964153427
74964166492
74964141011
1426706311
74964141480
74964167311
74964161884
74964139211
60190019052404
74964168126
74964140450
74964149278
74964166666
74964153597
74964153828
74964152382
74964140901
74964166451
74964166568
74964137007
74964137081
74964139565
74964165146
74964617444
74964621385
74964621992
1401701137
74964619335
74964618663
74964616361
74964622473
74964617061
74964617751
74964615649
74964611151
74964623008
74964621552
1401501115
74964623887
74964614627
14010813354
74964617287
74964615898
74964610536
74964623404
74964620091
1401002526
74964620798
74964621963
74964619454
74964619394
74964610296
74964620620
74964617362
74964611136
74964621856
74964622090
74964620154
74964622460
74964622569
74964612451
74964618385
74964616102
74964618554
74964615608
74964615075
74964623622
74964616333
74964623077
74964619526
74964615957
74964610149
74964611752
74964617337
74964618484
74964610144
74964612263
74964621610
74964622022
74964621784
74964623295
74964617738
74964621984
74964617545
74964611000
74964623394
74964617515
74964616958
74964619595
74964610160
74964610471
74964611286
74964618282
74964610064
74964615578
74964616601
74964621095
74964621083
74964617900
74964622487
74964621401
74964618117
74964615874
74964611133
74964617770
74964620141
74964617700
74964618080
74964617542
74964615496
74964678702
74964675027
1439681293
74964670396
74964671610
74964674488
74964671258
74964668728
74964670255
74964674741
74964665487
74964665997
74964666376
74964678507
74964665932
74964665656
74964666002
74964679900
74964676230
74964668650
74964665212
74964675026
74964669674
74964671398
74964679463
74964679190
74964673700
74964669465
74964670007
74964672784
74964665675
74964676986
74964674140
74964675115
74964674501
74964672940
74964664665
74964670636
74964664868
74964668597
74964672129
74964677869
74964667575
74964678833
74964671177
74964668839
74964672846
74964671080
74964678698
74964677639
74964669631
74964678050
74964673382
74964670100
74964678283
74964674646
74964669313
74964677268
74964679191
74964679731
74964665877
74964671204
74964665880
74964679018
74964669978
74964670507
1401001641
74964678087
74964666699
74964674476
74964665707
74964665668
14022041402204
74964679372
74967963592
74967961406
74967965590
74967967110
74967965922
74967966319
74967968997
74967965910
74967965004
74967965243
74967969461
74967961080
74967966761
74967968534
74967965040
74967967440
74967968210
74967963810
74967963849
74967968802
74967961758
74967963558
74967965324
74967965597
74967967639
74967963263
74967969270
74967965202
74967967745
74967961014
74967960009
74967964455
74967961891
74967962504
74967967061
74967969494
74923123880
74923120625
74923120912
74923121855
74923120516
74923123326
74923121905
74923125105
74923123771
74923123767
74923120915
74923120154
74923121213
74923123204
74923120035
74923122711
74923125155
74923123772
74923121354
74923123044
74923125022
74923125101
74923121849
74923121763
74923123471
74923120511
74923123888
74923123506
74923123768
74923124309
74923124600
74923122193
74923121418
74923120220
74923432783
74923436014
74923433541
74923429042
74923420879
74923426926
74923441853
74923444631
74923429014
74923423925
74923448660
74923442512
6022545107
74923420311
74923429062
74923435181
74923448444
74923444027
74923431722
74923448057
74923432193
74923426101
74923436317
74923430467
74923444429
74923444236
74923441114
74923422061
74923429312
74923440189
74923434087
74923420502
74923422627
74923424776
74923432383
74923447000
74923441123
74923436313
74923437176
74923446838
74923432442
74923434000
74912252828
74912257772
74912265188
74912253829
74912254072
74912254212
74912255370
74912257977
74912253043
74912251585
74912255979
74912254201
74912255509
74912265217
74912265210
74912265200
74912265209
74912258102
74912259945
74912252839
74912250051
74912250053
74912251370
74912258603
74912255568
74912265157
74912264889
74912252546
74912256341
74912257586
74912265086
74912257382
74912252345
74912265150
74912250508
74912250795
74912253220
74912265102
74912252600
74912257425
74912265125
74912265190
74912259520
74912256010
74912257338
74912252235
74912265211
74912250100
74912252831
74912265045
74912265184
74912254645
74912252327
74957244386
74957242624
1070231010
74957246564
12448224972
74957244665
3401126335
74957240608
74957244645
74957240375
74957246934
74957241108
74957242145
74957247612
74957248544
74957244946
74957241722
74957249185
74957245360
74957246718
74957243851
74957243118
74957248336
74957244781
74957245522
74957244680
74957242342
74957249028
74957242935
74957247534
74957246556
74957245592
74957244886
74957247811
74957242457
74957248452
74957244013
74957246129
74957249284
74957241183
74957243092
74957245021
74957241801
74957245268
74957246761
74957247590
74957240183
74957241480
74957247617
12962610213
74957246306
74957249125
74957240406
3002054172
74957244798
74957249910
74957241292
74957246777
74957248673
74957242255
74957243690
74923723087
74923724666
74923724371
74923721132
74923722194
74923724904
74923723191
74923722995
74923722722
74923720569
74923724266
74923723658
74923721122
74923721893
74923721991
74923720693
74923723881
74923721913
74923722611
74923724965
74923721112
6017871614
74923720211
74842713292
74842742618
74842701015
74842726469
74842719769
74842708251
74842715762
74842734202
74842719941
74842702010
74842745096
74842719850
74842705481
74842716300
74842732356
74842744301
74842716240
74842713228
74842702501
74842715110
74842701136
74842729867
74842716291
74842713294
74842718218
74842718675
74842714229
74842714701
74842714265
74842716405
74842716353
74842719827
74842705013
74842705530
74842719206
74842713747
74842718276
74842720207
74842718194
74842701160
74842735124
74842701541
74842734488
74842701022
74842737894
74842702412
74842739073
74842714215
74842713804
74842702468
74842713837
74842746183
74842719395
74842723650
74842702180
2480291283
74842705020
74842719466
74842716101
74842715106
74842702344
74842740079
74842716454
74842730314
74842745453
74842701134
74842719407
74842718210
74842741149
74842711598
74842714107
74842740176
74842725437
74842726793
74842701967
74842701974
74842716462
74842747936
1220416522601
74842707187
74842719551
74842716357
74842747368
74842725895
74842718261
74842726539
74842700542
74842702771
74842713297
74842705442
74842726266
74842715763
74842701533
74842701236
74842702033
74842718083
74842746770
74842714937
74842737087
74842718280
74842705011
74842727129
74842715715
74842701016
74842733323
74842701964
74842732291
74842702732
74842719507
74842707186
74842705318
74842749139
74842718143
74842705010
74842713801
74842718530
74842718151
74842719890
74842719778
74842719572
74842739041
74842719146
74842715008
74842701214
2480253151
74842726478
74842715706
74842719728
74842714949
74842744093
2492321314
74842721604
74842702168
74842719777
74842715732
74842733860
74842701602
74842725772
74842729232
74842713583
74955878756
74955875027
74955877304
74955872947
74955870477
74955875184
74955875313
74955874414
74955879900
74955870343
74955872054
74955875179
74955875304
74955874252
74955872535
74955875205
74955874393
74955879066
74955878753
74955879611
74955875175
74955877545
74955871282
74955877733
74955871000
74955870420
74955875119
74955871731
74955877725
74955873338
74955875132
74955871574
74955878740
74955875161
74955870280
74955874024
74955874239
74955874237
11734217260186
74955870130
74955871067
74955875011
74955878037
74955874151
74955870136
74955875117
74955878752
74955874271
74955874435
74955871442
74955870063
74955874426
74955870356
74955875451
74955871084
74955875092
74955872958
74955875367
74955873364
74955876035
74955870111
74955876044
74955878742
74955875270
74955875052
74955872737
74955873069
74955872442
74955870342
74955870250
74955872450
74955876034
74955874400
74955875352
74955877123
74955871008
74955872696
74955878738
74955876052
74955879799
74955877779
74955875269
74955871019
74955874455
74955877736
74955871148
74955875350
74955874963
11962020167
74955870604
74955871121
74955872600
74955874067
74955875014
74912210010
74912209297
74912210322
74912210938
74912217166
74912213626
74912210220
74912214160
74912211176
74912215693
74912210897
74912212021
74912210993
74912215413
74912208224
74912211992
74912211091
74912207300
74912219999
74912212707
74912214868
74912211021
74912213131
74912214295
74912214196
74912211541
74955993329
74955981194
74955990702
74955987199
74955982808
74955987492
74955996190
74955989175
74955987677
74955987916
74955985756
74955991242
74955983335
74955985025
74955983796
74955997338
74955987406
74955985435
74955985654
74955980872
74955987173
74955988900
1195302823858
74955989702
74955987711
14300785130
74955988153
4955988153
4955988152
5032072575
74955987220
74955992968
74955985724
74955984179
74955985715
74955985377
74955989360
74955985359
74955995669
74955993424
74955991469
74955989353
74955985887
74955991237
74955993584
74955999342
74955985708
74955986884
74955987207
14301034108
74955985713
74955985974
74955996218
74955997347
14300540304
74955987480
74955982310
74955985373
74955987691
74955997238
74955994065
74955984041
74955987106
74955987702
74955987478
74955981083
74955985511
74955987940
74955983009
74955985426
74955993758
74955985971
74955987396
74955985992
74955982998
74955982309
74955988528
74955987729
74955987014
74955984276
74955982198
74955987330
74955987617
74955987989
74955988838
74955987597
74955990402
74955985354
74955995254
74955997340
74955987291
74955987734
74955983069
74955986890
74955987761
74955987539
74955998805
74955416009
74955412444
74955412660
74955412064
74955418574
74955411022
14336034129
74955410961
74955412301
74955411001
19821614014081
74955416497
74955412056
74955418207
74955412822
74955410050
74955413133
74955414365
74955415677
74955416333
74955410522
74955417977
74955415711
74955414722
74955413504
74955413744
74955415576
74955416622
74955417396
74955416953
74955411171
74955416866
74955419543
74955412223
74955412180
74955417779
74955412906
74955415543
74935424027
74935424620
74935420268
74935420201
1553303725
74935425719
74935423158
74935425529
74935420002
15531550458
74935421343
74935422288
74935421060
74875340222
74875342073
74875345431
74875340303
74875345607
74875341105
3013613467
74875341741
74875340001
74875345535
74875345471
74875340843
74875340240
30136784954
74875341698
74875340371
74875342055
74875345173
74875340831
74875341750
74875342207
74875341479
74875341189
74875343103
74875341154
74875343749
74875341648
74875341102
74875343247
74875340502
74875344841
74875343576
74875340403
74875343565
74875341234
74875345334
74875345041
74875340977
74875343207
74875345071
74875340008
74875340872
74875341969
74875343325
74875345440
74875345031
74875343793
74875340671
74875342610
74875340286
74875343172
74875345099
74875345254
74875340386
74875340395
74875343503
30137116130
74875345540
74875345610
74875345360
74875341235
74875345391
74875340092
74875345242
74875345012
74875340945
74875341318
74875341883
74875345445
74875345523
74875345241
74875343530
74875345365
74875340600
74875343663
74875345463
74875340182
74875343299
74875341733
74875345415
74875345293
74875344514
74875340261
3013643499
74875341906
74875340357
74875340501
74875345101
74875342137
3013671292671
74875342453
74875340897
74875345368
74875340263
74875340334
74875341031
74875345043
74875341629
74875340417
74875341151
74875341175
74875345490
74875342662
74875341271
74875345153
74875341419
74872249594
74872245160
74872247595
74872245276
74872245265
74872247702
74872249891
74872249621
74872245279
74872245027
74872249038
74872249112
74872245343
74872245338
74872249856
74872245162
74872245166
74872245227
74872249042
74872245266
74872248327
74872245860
74872245259
74872247089
74872245311
74872245303
74872246179
74872245108
74872249617
74872249601
74872249933
74872249983
74872249971
74872246792
74872249034
74872245322
74872247130
74872249030
74872245148
74872245292
74872249608
74872249422
74872249106
74872249847
74872249604
74872249618
74872245365
74872245360
74872249951
74872245199
74872247691
74872245395
74872249879
74872249610
74872249915
74872245198
74872249142
74872248390
74872249859
74872249888
74872249104
74872249958
74872249103
74872249910
74872245326
74872249816
74872249813
74872249586
74872249628
74872247575
74872249884
74872245196
74872245274
74872249976
74872249838
74872245181
74872249909
74872249293
3000417108
74872249108
74872245362
74872246571
74872249612
74872245163
74872249599
74872249885
74872245289
74872245344
74872245226
74872249596
74872245129
74922260765
74922263482
74922262490
74922260993
74922261889
74922260692
74922261581
74922260205
74922260332
74922261607
74922261662
74922260348
74922262290
74922261755
74922260981
6009011984
74922260621
60003718163
74922260536
74922264050
74922261834
74922261436
74922260722
74922260319
74922263065
74922263797
74922261577
74922262827
74922261879
74922262728
74922260316
6012201307
74922260358
74922262328
74922262219
74922264190
60003111172
74922261943
74924463698
74924469662
74924463102
74924467754
74924469785
74924466665
6016502115
74924469253
74924463605
74924461213
74924461078
74924469010
74924463133
74924468123
74924469585
74924469727
74924463683
74924460737
74924469663
74924469535
74924461711
74924469792
74924466141
74924469791
74924460025
74924465466
74924467826
74924465284
74924462345
74924469177
74924469203
74924464492
74924469503
74924468701
74924464077
74924460001
74924460061
74924466161
74924469625
74924463080
74924463659
74924469661
74924464049
74924467146
74924461483
74924464469
74924468364
74924465064
74924460818
74924467075
74924466968
74924469716
74924463622
74924468785
74924464685
74912386391
74912377706
74912386718
74912385640
74912377499
74912383188
74912383807
74912377416
74912383986
74912377137
74912378110
74912377271
74912377620
74912382494
74912379343
74912388943
74912382382
74912378695
74912377284
74912387698
74912386079
74912388225
74912376512
74912390903
74912383085
74912376771
74912383917
74912378072
74912387378
74912387534
74912388084
74912387628
74912387005
74912376460
74912377245
74912378502
74912387207
74912382928
74912377775
74912388477
74912377277
74912377653
74912387898
74912389195
39000021289
74912376571
74912377100
39004362288
74912378980
74912389130
74852788088
74852780137
74852780237
74852788184
74852784974
74852781760
74852784813
74852787437
74852786219
74852785606
74852780721
74852785761
74852788292
74852784979
74852788758
74852785762
74852784722
74852788711
74852784855
74852785604
74852781332
74852784809
74852780967
74852788269
74852785720
74852784725
74852788564
74852787438
74852784803
74852784892
74852786030
74852785739
74852786236
74852788014
74852780968
74852788650
74852781193
74852784702
74852788680
74852788054
74852786228
74852780930
74852784967
74852788087
74852787467
74852780816
74852788299
74852781293
74852785746
74852785670
74852781481
74852785562
74852780401
74852788604
74852784820
74852784951
74852780273
74852780815
74852788671
74852788098
74852780920
74852780173
74852780817
74852781977
74852788247
74852781187
74852780801
74852781302
74852786429
74852785681
74852786005
74852784715
74852784985
74852788696
74852788330
74852780791
74852788176
74852781400
74852787432
74852785701
74852785519
74852781178
74852784824
74852785539
74852781167
74852784837
74852784825
74852785899
74852786266
74852781347
74852786368
74852785730
74852784807
74852788797
74852784947
74852788217
74852788716
74852784883
74852780947
74852786355
74852781906
74852781691
74852787574
74852780917
74852781774
74852781509
74852784844
74852788640
74852780960
74852788300
74852788510
74852785723
74852788252
74852786376
74852788018
74852781952
74852784911
74852788715
74852781669
74852786312
74852788670
74852785603
74852781653
74852788864
74912411320
74912411669
74912411682
74912411789
74912412056
74912414539
74912414198
74912415184
74912416810
74912413067
74912416329
74912418059
74912410713
74912414719
74912414592
39004835129
74912414005
74912412025
74912415384
74912416843
74912413446
74912410489
74912411233
74912412221
74912413438
74912415162
74912415424
74912418389
74912415104
74912411749
74912414741
74912414227
74912414530
74912413465
74912411554
74912414671
74912418111
74912414851
74912416331
74912412734
74912411200
74912410070
74912412430
74912413567
74912414104
74922401838
74922410294
74922401562
74922407299
74922402533
74922406564
74922413325
74922400800
74922408586
74922412151
74922411348
74922407170
74922404998
74922405660
74922401009
74922402639
74922401503
74922410123
74922411625
74922407113
74922404895
74922414274
74922414141
60003220530
74922411488
74922404997
74922404333
74922404993
74922402697
74922402012
74922411111
74922402549
74922402850
74922407085
74922402543
74922407049
74922401267
74922402022
74922404968
74922402541
74922402505
74922410464
74922410671
74922412565
74922410565
74922412857
74922402708
74922404915
74922402845
74922406767
74922413436
74922402602
74922406555
74922404288
74922401242
74922402818
74922402790
74922405666
74922401252
74922413145
74922412146
74922402750
74922401848
74922404329
74922401266
74922405673
74922401816
74922404939
74922406112
74922402619
74922411331
74922401577
74922401581
74922402733
74922401587
74922414345
74922414539
74922404378
74922404949
74922413192
74922401264
74922406919
74962252151
74962251148
74962252911
74962252002
74962251101
74962250225
74962252763
74962252240
74962252779
74962251806
74962252001
74962252010
74962251030
74962251161
74959941318
74959932467
74959939578
74959934792
74959933539
74959934596
1471205343
74959940209
74959940663
74959934278
74959939357
74959932322
74959933015
74959933705
74959932391
74959933013
74959939655
74959939457
74959937413
74959940689
74959933214
74959939109
74959941580
74959934052
74959940527
74959941012
74959934884
74959941182
74959934509
74959937952
74959938443
1418011197
74959939936
74959935401
74959933562
74959941039
74959938232
74959941551
1416502252
74959940686
74959933063
74959941667
74959938134
74959932427
74959934372
74959934247
74959936151
14120712901
74959934188
74959933122
74959933710
74959936298
74959933147
74959939376
74959935828
74959935827
74959936159
74959933054
74959932715
74959939384
74959937639
74959933665
74959933574
74959939668
74959939737
74959935955
143287237150
74959940633
74959934410
74959935594
74959935428
74959939928
74959936284
74959935919
74959935587
74959933040
74959934150
74959935524
74959941237
74959933218
74959937206
74959940114
74959938500
74959941221
74959936047
74959935501
74959939106
74959937234
74959938160
74959935451
74959936470
74959936120
74959941415
74959935941
74959933917
74959935003
74959939814
74959933737
74959935995
74959933083
74959939199
74959933320
74959939268
74959935001
74959940644
74959939329
74959939288
74959932405
74959938403
74959940887
74959934475
74959933308
74959933743
74959940713
74959937907
74959941591
74959941128
74959937230
74959939132
74959938147
74959933810
14000624104
74959939445
74959933534
74959941140
74959935996
74959936217
74959939791
74959933728
74959939565
74959939025
74959936003
74959941643
74959933468
74959935166
74959940483
74959933215
74959937257
74959940080
74959941783
74959933549
74959936257
74959933748
74959939310
74959935838
74959934432
74959941586
74959937529
74959941060
74959939270
74959937312
74959933882
74959940732
1418011121
74959937291
74959940660
74959937478
74959933571
74959932958
74959940916
74959941164
74959932702
74959934496
74959937371
74959935956
141075791775
74959935028
74959934286
74959940950
74959941542
74959933201
74959938697
74959937221
74959937430
74959934380
141202131121
74959932765
74959938661
74959941208
1415003499
74959938117
74959940082
74959935464
74959932338
74959933334
74959932760
4200003157
74959933522
74959934681
1412047308
74959940697
1415083242
74959933676
74959935316
1412411410
74959937374
74959932411
74959934567
74959935172
74959936409
74959934453
74959935179
74959932731
74959941365
1416071456
74959935949
74959935844
74959932402
74959933303
74959932478
74959935978
74959939249
74959938846
74959933569
74959941470
74959940163
74959938415
1418302181
74959938123
74959933796
74959933645
74959934355
74959939474
74959932705
74959932740
74959938138
74959941467
74959934767
74959932733
74959932406
74959935280
74959936083
74959934230
74959935419
74959935890
74959939992
74959934429
74964697401
74964691939
74964698547
74964696067
1401282679
74964694557
74964697011
74964694034
74964691047
74964696090
74964691752
74964691371
74964697023
74964697642
74964693596
74964698748
74964694032
74964697384
74964694007
74964690018
74964695307
74964693621
74964691220
74964695712
74964690587
74964698567
74964693339
74964695812
74964694150
74964695160
74964690609
74964694058
74964694014
74964691043
74964693561
74964697856
74964691042
74964697018
74964695432
74964690168
74964697403
74964691551
74964459880
74964474000
74964464333
74964458749
74964464866
74964472243
74964471030
74964459109
74964459687
74964463098
74964463676
74964463332
74964472116
74964462129
74964463207
74964463707
74964463893
74964464324
74964463674
74964464019
74964463537
74964473899
74964463025
74964460879
74964471619
74964464533
74964460584
74964473308
74965126005
1424505230
74965132579
74965125927
1424501385
74965119462
74965110960
74965114297
74965125679
74965114920
74965119460
74965112375
74965126591
74965118283
74965112873
74965117010
74965114590
74965126123
74965121880
74965121674
74965125179
74965124455
74965112791
74965112768
74965131555
74965125086
74965114646
74965113542
74965125665
74965116057
74965126943
74965125509
74965112201
74965130068
74965117008
74965118151
74965115747
74965131225
74965112232
74965119807
74965121842
74965110895
74965121467
74965125624
74965114389
74964323471
74964325889
74964329901
74964323426
74964321145
74964320261
74964323556
74964323147
74964320205
74964324802
74964323596
74964320440
74964323149
74964321029
74964322233
74964321186
1035011305108
74964322411
74964325187
74964324616
74964321555
74964329021
74964325182
74964322231
74964323056
74964323162
74964322038
74964321033
1425023331
74964328003
74964322540
74964321076
74964324156
74964322300
74964325509
74964325967
74964324322
74964323088
74964320054
74964320300
74964322533
74964323037
74964321398
1425021838
74964325653
74964325707
74964329131
74964320412
74964324009
74964323558
74964320327
74964320391
74964320559
74964321532
74964324381
74964324253
74964324119
74964322337
74964320253
74964322264
74964320295
74964321148
74964325414
74964320501
74964324917
74964320272
74964321909
74964320586
74964322888
74964321477
74964323244
74964324331
74964322452
74964324995
74964320124
74964323528
74964320147
74964323419
74964321278
74964323172
74964321086
74964329929
74964321192
74964323105
74964320299
74964323113
74964325407
74964320145
74964323578
74964329018
74964322543
74964320547
74964323159
74964320125
74964321223
142506111518
74964323136
74964322347
74964324168
74964320182
74964328005
74964324072
74842707424
74842719357
74842739265
74842714080
74842702430
74842726727
74842739304
74842715543
74842705508
74842719726
74842725024
74842726646
74842719253
74842735733
74842713391
74842749671
74842719478
74842735874
2480235671
74842705486
74842717615
74842741190
74842719485
74842719704
74842746752
74842714601
74842713380
74842701137
74842719384
74842719158
74842717368
74842714951
74842715000
74842718156
74842714947
74842718405
74842715900
248016292212
74842746615
74842718528
74842702441
74842714970
74842748190
74842743795
74842715702
74842718214
74842717076
74842725714
74842715103
74842719766
74842701519
74842705510
74842716238
74842725927
74842705354
74842714128
74842718698
6019001121
74842714124
74842744066
74842716527
74842718246
74842701212
74842701020
74842701893
74842705582
74842716474
74842719944
74842718445
74842733429
74842713030
74842742106
74842724096
74842713364
74842718263
74842700516
74842713625
74842702052
74842716204
74842749988
74842718146
74842715688
74842723295
74842721590
74842730862
74842713000
74842725886
74842725909
74842713646
74842716264
74842716266
74842719330
74842713402
74842725399
74842740053
74842705469
74842715783
74842715072
74842748207
74842733567
74842743329
74842738726
74842708221
74842701917
74842719821
74842715778
74842718050
74842708253
74842735855
74842705053
74842717063
74842734340
74842719555
74842732354
74842707097
74842734814
74842718349
74842716425
74842723997
74842700406
74842745174
74842718628
74842702795
74842702799
74842726915
2480071384
74842731811
74842715731
74842705009
74842701145
74842713388
74842718449
74842744719
74842701179
74842731886
74842705031
74842718266
74842719097
74842736821
74842721711
74842718625
74842749070
74842701916
74842701934
74842704540
74842719738
74842708223
74842749189
74842713964
74842701006
74842713340
74842739069
74842705435
74842730962
74842736245
74842725885
74842714208
74842706010
74842725539
74842705055
74842726220
74842720226
2480002713
74842725532
74842713238
74842740717
74842714952
74842718586
74842739260
74842725924
74842749053
74842713938
74842718077
74842713817
74842718104
74842701555
74842730273
74842713827
74842749129
74842739922
74842725816
74842749649
74842725653
74842719515
74842702718
74842738578
74842704582
74842701945
74842706444
74842719997
74842746465
74842718256
74842744655
74842741167
74842720256
74842713929
74842725689
74842725872
74842701817
74842701578
74842701883
74842718145
74842713230
74842718324
74842714081
74842713308
74842716349
74842734704
74842745097
74842739806
74842724553
74842725902
74842719309
74842701014
74842719128
74842741292
74842702007
74842715740
74842733763
74842719734
74842743441
74842719591
74842719846
74842719331
74842719229
74842719404
74842714030
74842725798
74842744594
74842719453
74842737867
74842725716
74842724773
74842713647
74842726808
74842719567
74842722558
74842701920
74842701009
74842705432
74842742666
74842719078
74842719255
74842739079
2480029875
74842725907
74842728879
74842742540
74842719135
74842742521
74842714906
74842718550
74842716342
74842746180
74842727046
74842700632
74842725687
74842725157
24803140262
74842723271
74842749706
74842719660
74842745443
74842701961
74842746907
74842701919
74842731926
2181248000
74842718323
74842714516
74842732276
2480034067
74842708266
74842701129
74842740323
74842745434
74842702350
74842719665
74842704515
74842718213
74842701970
74842719423
74842749532
74842726451
74842718418
74842728525
74842733668
74842718291
74842745332
74842725914
74842723166
74842719106
74842723026
74842721777
74842737060
74842749534
74842713715
74842711596
74842744257
74842700012
74842748436
74842715735
74842745838
74842713622
74842702058
74842701024
74842725638
74842734609
74842719098
74842716157
74842734159
74842725869
74842701012
74842746362
74842701010
74842708267
74842719819
74842718519
74842735173
74842701912
74842708393
74842742072
74842718372
74842704173
74842735438
74842719048
74842730218
74842733809
74842730682
74842713634
74842719318
74842701890
74842735742
74842730802
74842714039
74842746154
74842714099
74842748170
74842723916
74842700785
74842719052
74842719163
74842738005
74842715105
74842745510
74842701021
74842701106
74842714968
74842742334
74842735863
74842725810
74842719241
74842719383
74842702179
74842714903
74842725756
74842742401
74842713575
74842742479
74842748715
74842719376
74842702452
74842741109
74842714722
74842719159
74842723330
74842713726
74842729229
74842708202
74842717366
74842718031
74842742012
74842719804
74842744135
74842717096
74842733666
74842723630
74842749740
74842716419
74842719564
74842715760
74842747955
74842743722
74842740107
74842701076
74842749373
74842725688
74842714936
74842713375
2480212194
74842725803
74842716525
74842744083
74842713773
74842719358
74842723047
74842715531
74842718108
74842718227
74842725153
74842705433
74842722217
74842743242
74842713581
74842733258
74842702782
74842722326
74842713582
74842744072
74842723477
74842718107
74842718222
74842705428
74842714900
74842730694
74842726567
74842714126
74842728741
74842715727
74842718473
74842718182
74842701866
74842738101
74842705436
74842749484
74842739996
74842744512
74842713295
74842725645
74842713818
74842713960
74842740443
74842749670
74842728870
74842719747
74842701175
74842719131
74842705475
74842716218
74842719025
74842700181
74842731667
74842713221
74842716701
74842708229
74842747274
74842714206
74842746245
74842743320
74842705068
74842716435
74842708232
74842725928
74842721712
74842733743
74842737707
74842718537
74842701518
74842742729
74842738921
74842701556
74842701561
74842719327
74842734987
74842716437
74842719731
74842707207
74842713932
74842713753
74842701093
74842731435
74842716164
74842718484
74842742682
74842701090
74842723121
2480001828
74842713756
74842718133
74842715755
74842724044
2486004423
74842735363
74842719359
74842738828
74842701532
74842705437
74842749237
74842719479
74842702051
74842744781
74842744630
74842747382
74842719884
74842741129
74842716423
74842748139
74842725393
74842719582
74842719965
74842742125
74842701028
74842724452
74842732301
74842730538
74842741253
74842741532
74842701511
74842716417
74842716027
74842734250
74842725863
74842715796
74842718425
74842719161
74842721143
74842740056
74842713261
74842724287
74842741001
74842719096
74842719989
74842701007
74842713303
74842701107
74842748233
74842747484
74842742571
74842736883
74842719883
74923433043
74923441475
74923425952
74923421442
74923420228
74923431637
74923445402
74923448453
74923422439
74923432162
74923449035
74923420885
74923433836
74923436244
74923436260
74923442873
74923420134
74923420149
74923433529
74923449059
74923440128
74923422050
74923438974
74923433456
74923422113
74923432178
60226711001
74923426343
74923422741
74923420004
74923421804
74923420233
74923433744
74923430047
74923420535
74923424216
74923420000
74923445978
74923430784
74923422715
74923421121
74923442700
74923426303
74923430033
74923438807
74923422695
74923421885
74923438567
74923432107
74923434565
74923432170
74923436672
74923433474
74923430327
74923431887
74923430331
74923421969
74923436287
74923442622
74923434369
74923433633
74923426275
74923430513
60226311592
74923444871
74923442282
74923440810
74923444572
74923432326
74923436129
74923444151
74923435972
74923431276
74923433012
74923442373
74923444438
74923436216
74923436166
74923432034
74923432707
74923432993
74923437182
74923448439
74923423930
74923444445
74923440302
74923433142
74923420196
74923431373
74923446616
74923423392
74923421697
74923420061
74923431718
74923426992
74923426773
74923446366
74923431378
74923430635
74923430357
74923438533
74923441914
74923420170
74923446385
74923436103
74923435452
74923426585
74923430098
74923431361
74923424970
74923432010
74923444577
74923421266
74923433677
74923426355
74923426957
74923448773
74923436286
74923435424
74923421093
74923432971
74923449297
74923426245
74923422178
74923420177
74923430355
74923430828
74923422912
74923421882
6022018523
74923425341
74923436470
74923430427
74923432404
74923442367
74923432474
74923433171
74923431747
74923433885
74923433680
74923444586
74923420237
74923446185
74923432074
74923429026
74923421904
74923421993
74923444385
74923421297
74923430815
74923430371
74923439450
74923431016
74923426131
74923421505
74923433384
74923431055
74923431375
74923433944
74912217717
74912214774
74912210963
74912209514
74912210758
74912208420
74912209007
74912209543
74912208597
74912209398
74912210007
74912209012
74912210090
74912216513
74912209512
74912210268
74912210083
39001111196
74912208766
74912209081
74912216210
74912218116
74912209043
74912212754
74912209601
74912209232
74912208550
74912217616
74912209539
74912215267
74912215760
74912211811
74912217907
74912209609
74912209509
74912208638
74912210493
74912208612
74912215774
74912212731
74912208201
74912212089
74912216528
74912209621
74912208241
74912213545
74912209272
74912217519
74912211332
74912216449
74912213164
74912208948
74912217753
74912216290
74912208984
74912213132
74912208670
74912218748
74912208482
74912213284
74912217861
74912217732
74912211211
74912210251
74912213732
74912208636
74912218137
74912218577
39003928927
74912217371
74912208979
74912209538
74912211766
74912210018
39000027101
74912211425
74912217966
74912211708
74912255741
74912265156
74912258360
74912252561
74912255255
74912258688
74912265122
74912258857
74912253061
74912257206
74912256635
74912252133
74912252696
74912253052
74912253337
74912253934
74912254876
74912265145
74912265044
74912252420
74912256971
74912258713
74912252192
74912254519
74912250420
74912254119
74912252506
74912265220
74912252834
74912252287
74912253270
74912256417
74912253015
74912255142
74912257365
74912252597
74912254285
74912259199
74912254228
74912254905
74912255869
74912254202
74912254701
74912265073
74912252452
74912265047
74912259316
74912252337
74912264061
74912265070
74912251509
74912254142
74912256037
74912258678
74912256623
74912253231
74912252119
74912254227
74912250446
74912265063
74912251684
74912253131
74912255780
74912255515
74912254040
74912256399
74912253875
74912253511
74912253139
74912254563
74912254084
74912256214
74912252309
74912252999
74912258865
74912254590
74912253093
74912253716
74912257471
74912252482
74912250005
3900112127
74912254390
74912256418
74912252945
74912252056
74912252703
74912256973
74912253813
74912255384
74912252991
74912265227
74912255838
74912255304
74912257366
74912254114
74912265054
74912253272
74912258332
74912257306
74912255313
74912257277
74912254000
74912252443
74912258195
74912252419
74912255277
74912259677
74912253088
74912261218
74912253900
74912253204
74912253678
74912252131
74912252394
74912261156
74912256218
74912253445
74912256332
74912255597
74912252636
390000103791
74912256347
74912251465
74912261246
74912259550
74912252846
74912253518
74912252919
74912254443
74912253923
74912252545
74912254535
74912254774
74912263879
74912252010
74912251514
74912256111
74912252724
74912258663
74912254462
74912265140
3916701039
74912257370
1093164104
74912259350
74923123198
74923121333
74923124565
74923120021
74923123433
74923120994
74923120485
74923121276
74923120921
74923120225
74923122402
74923120611
74923123518
74923121316
74923121600
74923122777
74923125344
74923123585
74923125135
74923122015
74923125103
74923120157
74923120690
74923120716
74923120964
74923125362
74923124334
74923125277
74923120147
74923121168
74923122308
74923120988
74923120213
74923120016
74923121800
74923121712
74923120746
74923120913
74923120467
74923123366
74923120416
74923125210
74923120412
74923125083
74923120242
74923120461
74923121680
74923121214
74923120463
74923120085
74923120895
74923724860
74923721990
74923724503
74923723136
74923720144
74923720404
74923721416
74923721771
74923722919
74923724280
74923725923
74923720247
74923722014
74923724036
74923722117
74923721968
74923722119
74923723033
74923720557
74923726113
74923722622
74923721006
74923720814
74923720034
74923722181
74923721916
74923723576
74923723414
74923720158
74923720880
74923724303
74923720600
74923723268
74923722122
74923720616
74923724008
74923723253
74923721928
74923724403
74923725604
74923721720
74923721851
74923720771
74923720738
74923722696
74923720841
74923721481
74923725717
74923723573
74923725668
74923720371
74923724644
74923723267
74923723458
74923724762
74923724947
74923720365
74923721639
74923722510
74923720719
74935144876
74935146528
74935143584
74935141154
74935147092
74935144029
74935141861
74935142544
74935141827
74935144151
74935143460
74935148337
74935142093
74935147786
74935147822
74935142103
74935142178
74935141054
74935142762
74935141951
74935148498
74935141149
74935148046
74935141254
74935147837
74935142309
74935148341
74935142062
74935142452
74935147070
74935145526
74935141007
74935141376
74935142473
74935145037
74935141617
74935143590
74935149036
74935146930
74935143600
74935141290
74935142500
74935144603
74935143449
74935141411
74935141679
74935144726
74935149162
74935143011
74935141543
74935144536
74935144083
74935147640
74935147506
74935141365
74935144649
74935143194
74935145018
74935148292
74935142525
74935148362
74935144816
74935142624
74935144789
74935142405
74935141009
74935148931
74935147407
74935144720
74935149847
74935144537
74935141103
74935141741
74935144842
74935142088
74935144690
74935145809
74935148594
74935148306
74935147168
74935141606
74935148080
74935145760
74935147371
74935146887
74935142457
74935149731
74935145192
74935142151
1559083717
74935148137
74935147055
15590034147
74935144219
74935144001
74935148470
153043371221
74924451984
74924452572
74924451897
74924452153
74924451963
74924451185
74924454016
74924451103
74924451520
74924451121
74924452275
74924452903
74822777367
74822768500
74822769130
74822768706
74822777668
74822765161
74822768800
74822766202
74822764130
74822764135
74822777025
74822768762
74822761004
74822777188
74822769455
74822760511
74822773570
74822777087
74822760086
74822777421
74822765149
74822764189
74822777045
74822768533
74822777053
74822777691
74822777493
74822777272
74822765191
74822765171
74822777277
74822770304
74822765197
74822765428
74822777018
74822772360
74822770266
74822777509
74822760090
74822760506
74822768524
74822773581
74822760961
74822768530
74822765679
74822764242
74822761041
74822765157
74822760728
74822776158
17004314296
74822768753
74822777593
74822777253
74822760111
74822770311
74822770366
74822770297
74822765381
74822772381
74822765649
74822765150
74822769520
74822770395
74822761082
74822777262
74822768724
74822773596
74822760505
74822777081
74822770344
74822777374
74822768659
74822760059
74822777105
74822777680
74822765115
74822769451
74822768828
74822770204
74822766569
74822777365
74822777320
74822773584
74822777570
74822768602
74822777013
74822760075
74822768585
74822777555
74822765206
74822768574
74822777160
74822777577
74822777603
74822761133
74822777685
74822769450
74822773407
74822768880
74822768789
74822765005
74822765145
74822769454
74822772350
74822760860
74822760716
17003325221
74822777317
74822760974
74822760573
74822772294
1700081510
74822768699
74822770369
74822773232
74822766670
74822768632
74822760889
74822777604
74822777630
74822769462
74822777409
184532262834
74822777567
74822777032
74822768535
74822768660
74822777345
74852209099
74852205275
74852201172
74852205454
15005111265
74852205956
74852215704
74852206013
74852207098
74852205092
74852206219
74852216261
74852205476
74852208215
74852208043
74852205081
74852203303
74852205471
74852205302
74852206059
74852207122
74852205829
74852209130
74852216809
74852200817
74852208576
74852212743
74852207265
74852208095
74852218444
74852208611
74852209426
74852205724
74852205153
74852206223
74852205025
74852205067
74852206123
74852210900
74852201235
74852205019
74852206175
74852206711
74852205065
74852222051
74852224483
74852206600
74852208017
74852202222
74852209146
74852209400
74852222039
74852206189
74852205388
74852220121
74852206083
74852205056
74852209250
74852206105
74852205947
74852206230
74852205264
74852209277
74852215095
74852201042
74852228003
74852209209
74852200648
74852214573
74852207873
74852215359
74852208323
74852208001
74852222036
74852208048
74852207658
74852205939
74852205042
74852220170
74852205265
74852207601
74852207090
74852209200
74852212923
74852207011
15006410168
74852208760
74852205406
15000673152
74852208505
150060115163
74852206388
74852213605
74852222067
74852208451
74852206214
74852206606
74852208405
74852205200
74852207263
74852208493
74852208170
74852209427
74852222154
74852206875
74852222047
74852205253
74852209163
74852212811
74852200054
74852207296
15601625581
74852200810
74852206283
74852205177
74852206018
74852205671
74852205693
74852205051
74852208844
74852208402
74852205047
74852205403
74852224464
74852205367
74852215864
74852205075
74852209147
74852213794
74852208102
74852205405
74852224405
150014453811
74852200063
150014413040
74852220171
74852205213
74852215915
74852206115
74852205903
74852200884
74852214494
74852200442
74852222163
74852206365
74852219289
74852222095
74852200904
74852207872
74852207225
74852224444
74852222099
74852206648
74852205007
74852209225
74852205286
74852205360
74852207240
74852205946
74852200966
74852210224
74852206176
74852204133
74852209214
74852206071
74852205400
74852213335
74852206167
74852222049
74852208065
74852206210
74852209210
74852209311
74852207049
74852205363
74852223339
74852206228
74852200095
74852205423
74852208195
74852207013
74852228143
74852208188
74852205440
74852208000
74852214388
15006553125
74852207133
74852207278
74852200325
74852218024
74852216085
74852228146
74852210845
74852208101
74852210633
74852219065
74852214405
74852215114
74852208060
1505222812
74852201021
1500332172
74852212563
74852200071
74852205001
74852209180
74852207148
74852206500
74852206024
74852206131
74852200089
74852228122
74852206062
74852209206
74852214152
74852207107
74852200103
74852206871
74852205204
74852219004
74852209281
74852205345
74852205071
74852205488
74852205053
74852218404
74852228141
74852200578
74852228373
74852206021
74852205282
74852200403
74852222166
74852222023
74852222127
74852207606
74852224428
74852209161
74852205049
74852205953
74852207222
74852208689
74852209421
74852216685
74852207158
74852200405
74852207838
74852208583
74852222129
74852213112
74852222033
74852206165
74852205175
74852209310
74852200047
74852205331
74852206604
74852207180
74852205626
74852210365
74852200001
74852205425
74852209164
74852201141
90018009001800
74852207077
74852200809
74852200832
74852206575
74852206184
15002935411
74852200238
74852224415
74852209072
74852208485
74852206182
74852206321
74852214424
74852206154
222222328186035
74852224446
74852205648
74852205955
74852205670
74852211585
74852209238
74852206112
74852222096
74852209144
74852205822
74852206750
152303763420
74852213579
74852207177
74852218475
74852200627
74852208278
74852209237
74852205684
74852200895
74852220141
74852205634
74852222184
74852206199
74852219950
74852209248
74852210303
74852206103
74852217215
74852200185
74852208339
74852206490
74852222126
74852216619
74852222022
74852208169
74852214274
74852228149
74852212385
74852215343
74852202957
74852208327
74852205954
74852218123
74852223338
74852205695
74852222169
74852222016
74852208134
74852206440
74852205040
74852205692
74852212937
74852205668
74852209067
74852222161
74852207636
74852205857
74852200763
74852218213
74852200751
74852207869
74852224424
74852224418
74852209042
74852200034
74852213323
74852205380
74852208011
74852206117
74852222164
74852209254
74852205095
74852228137
74852209119
74852212463
74852222038
74852217072
74852208411
74852205699
74852207261
74852208454
74852211471
74852228135
74852214874
74852205097
74852211874
74852213454
74852219324
74852206745
74852206224
74852210995
74852214254
74852206106
74852216013
74852217675
74852208201
74852208282
74852208207
74852209312
74852224416
74852209227
74852205246
74852205627
74852206037
74852205309
74852213343
74852205446
74852217234
74852201015
74852206212
74852207609
74852219404
74852205701
74852205212
74852205851
74852200229
74852208076
74852200792
74852211536
74852210388
74852206156
74852218524
74852206027
74852205739
74852205831
74852207818
74852222152
74852201131
1500017545
74852200945
150049761432
74852206720
1500431415
74852206137
74852206287
74852200361
74852205462
74852214534
74852216663
74852214643
74852200636
74852201061
74852214355
74852224449
74852208663
74852222179
74852207020
74852208788
74852215713
74852215059
74852209014
74852219064
74852222056
74852224476
74852224477
74852219281
74852208455
74852206185
74852208034
74852228009
74852205024
74852205731
74852201051
74852201129
74852219623
74852208182
74852206740
74852222019
74852208183
74852208529
74852222040
74852208584
74852228113
63013625138
74852219621
74852206655
74852203703
74852213665
74852201211
74852224468
74852207870
74852200225
74852209133
74852219294
74852205848
74852205729
74852207208
74852208080
74852224489
74852218644
74852222003
74852213084
74852208385
74852212724
74852209215
74852207025
74852222159
74852209197
74852206314
74852204040
74852206087
74852208676
74852213593
74852206188
74852210335
74852204999
74852208353
74852223053
74852210989
74852222024
74852207181
74852205203
74852217193
74852217473
74852206108
74852207200
74852209152
74852228158
74852205461
74852216014
74852212963
74852206126
74852222182
74852200119
74852206128
74852228372
74852206179
74852208192
74852210733
74852213465
74852213934
74852209217
74852200011
74852200036
74852208382
74852217676
74852201020
74852208292
74852212313
74852206824
74852222045
74852207602
74852227700
74852213543
1500603024
74872329705
74872330060
74872336520
74872329502
74872329761
74872327971
74872332554
74872331494
74872335292
74872330871
74872336400
74872329782
74872334740
74872328007
74872329701
74872329582
74872328294
74872331187
74872328114
74872333117
74872328729
74872330088
74872329766
74872332274
74872329843
74872329888
74872329722
74872332545
74872327915
74872329152
74872329382
74872328031
74872333005
74872328210
74872328027
74872333914
3013672612
74872331415
74872330132
74872329791
74872329788
74872333080
74872327964
74872329792
30002611561
74872327944
74872329294
3000442416
74872328078
74872331693
74872331485
74872329875
74872329753
74872327905
74872329158
74872333383
74872327932
74872332116
74872331340
74872330464
74872328061
74872329757
74872329522
74872327936
74872329838
74872335568
74872329393
74872328184
74872328101
74872329201
74872329877
74872329570
74872333101
74872329533
74872328000
74872333472
74872332167
74872335257
74872335547
30121220201
74872334381
74872334261
74872329731
74872327919
74872335937
74872333268
74872331112
74872332243
74872330687
74872330030
74872334065
74872331398
74872333413
74872331441
74872329336
74872329510
74872328003
74872330230
74872331450
74872328277
74872329879
74872329219
74872335796
74872332152
74872329246
74872334053
74872331601
74872329760
74872332151
74872331321
74872334800
74872329719
74872327941
74872329874
74872333308
74872328028
74872329235
74872329834
74872329855
74872329818
74872330305
74872327931
74872329811
3009111121
74872333324
74872329898
74872331375
74872333946
74872330950
74872329865
74872334060
74872331647
74872331323
74872329309
74872331030
74872331794
74872328004
74872329539
74872331177
74872329154
74872331103
74872331343
74872331259
74872334495
74872327970
74872327975
74872328257
74872328297
74872330695
74872328686
74872329745
74872327930
74872331169
74872327974
74872330811
74872329702
74872333333
74872329827
3000134380
74872335497
74872327954
74872332821
74872329744
74872332157
74872353154
74872354239
74872343950
74872344794
74872351299
74872350146
74872355229
74872341647
74872350733
74872355805
74872354027
74872349046
74872347496
74872342077
74872347116
74872354470
74872348246
74872344882
74872354243
30001240234
74872353043
74872351914
74872352161
74872340730
74872350261
300028916314
74872342546
74872351598
74872339797
74872351819
74872354734
74872350915
74872343697
74872355918
74872353854
74872352111
74872345131
74872350935
74872341885
74872354633
74872350421
74872354648
74872351959
1526347628
74872350246
74872353998
74872352551
74872352548
74872342691
74872346583
74872347020
74872347279
74872355162
74872348450
74872354206
74872353782
74872350569
74872339262
74872351878
74872345144
74872353016
74872352387
74872352322
74872353474
74872342990
74872341504
74872347484
30090314196
74872353626
74872353438
74872343446
74872350659
74872350625
74872341648
74872347556
74872342469
74872355315
74872352153
74872351347
74872339628
74872341913
74872355055
74872351415
74872353878
74872355289
74872346824
74872344855
74872342074
74872348013
74872352051
74872340217
74872351844
74872353624
74872351934
74872342335
74872347010
74872343184
74872339966
74872351884
74872345752
74872354688
4872701143
4872700624
4872700308
4872700487
4872701090
4872331452
4872350052
4872354338
4872701067
4872352241
4872354621
4872354102
4872354630
7104001869
4956466193
74872349794
30004414203
74872355970
9104300028
74872351397
74872349976
74872354629
74872350551
74872354060
74872350306
74872352497
74872355718
74872350450
74872350897
74872353654
74872353596
74872350858
74872344372
74872339011
74872350248
74872341991
74872355521
74872345957
74872343748
74872350344
74872351824
74872354863
74872339993
74872346018
3000001754
74872351381
74872345732
74872350412
74872350584
74872341526
74872354184
74872344042
74872347602
74872353526
74872350207
74872345740
74872341034
74872352949
74872344046
74872345907
74872343693
74872351508
74872350809
74872352412
74872352429
74872348908
74872354455
74872350488
74872350027
74872345483
74872344737
74872341099
74872351001
74872350830
74872346161
74872343407
74872345567
74872352122
74872344925
74872345000
74872354663
74872352014
74872350061
3000281818
74872348135
74872343741
74872354774
74872351847
74872355223
74872339310
74872351645
74872351843
74872340252
74872351438
74872355535
74872346218
74872342677
74872355437
74872345394
74872353501
74872353385
74872355488
74872354053
74872343173
74872350675
74872341086
74872348550
74872353480
74872353377
74872353650
74872351346
74872348141
74872355501
74872352028
1101300012
74872351701
74872351325
74872340640
74872355568
74872353512
74872355556
74872351897
74872354086
74872353835
74872354359
74872340003
74872339653
74872350048
74872343398
74872350338
74872351921
74872353466
74872344033
74872347085
74872352073
74872352516
74872343113
74872362911
74872370914
74872370773
74872364716
74872360257
74872365024
74872364154
74872363090
74872371681
74872364131
74872364151
74872360285
74872361701
74872361613
74872360284
74872364836
74872364344
74872366411
74872362851
74872358775
74872371113
74872377458
74872361486
74872371394
74872366333
74872364822
74872364739
74872367492
74872367172
74872362409
74872363184
74872373135
74872360281
74872366665
74872361803
74872373933
74872367547
74872365965
74872364241
74872369521
74872364687
74872367838
74872363437
74872360203
74872375137
74872364449
74872365432
74872371146
74872367224
74872376746
74872365595
74872363627
74872371461
74872360206
74872359045
74872364140
74872362772
74872360145
74872363708
74872374036
74872361700
74872365370
74872360830
74872365124
74872364738
74872363936
74872360550
74872368441
74872368463
74872365075
74872358922
74872378820
74872363560
74872377485
74872373231
74872365677
74872366079
74872363036
74872376943
74872360886
74872359103
74872361449
74872376440
74872377089
74872363743
74872365707
74872377037
74872362818
74872371010
74872368620
74872361525
74872367401
74872375997
74872375871
74872367707
74872375128
74872363911
3000261124
74872375344
74872359982
74872364559
74872362502
74872360529
74872367924
74872372438
74872369324
74872378100
74872363530
74872368028
74872377180
74872370759
74872373096
74872359777
74872361301
74872367177
74872362486
74872373262
74872364964
74872360334
74872361747
74872361624
74872369284
74872369669
74872377514
74872367104
74872364555
74872360763
74872377222
74872369411
74872364586
74872369109
74872362151
74872361017
74872363783
74872362259
74872362451
74872370811
74872364474
74872367244
74872362809
74872362372
74872363657
74872364849
74872373901
74872378474
74872377464
74872368036
74872362651
74872370989
74872363803
74872364551
74872360162
74872366050
74872359588
74872362959
74872366077
74872367805
74872363039
74872368803
74872367063
74872366273
74872373275
74872362567
74872367754
74872358416
74872365600
74872362091
74872360570
74872365555
74872368229
74872364054
74872365429
74872363006
74872373134
74872360214
74872360735
74872364120
74872358603
74872370107
74872362062
74872375522
74872367774
74872362871
74872373950
74872364287
74872360205
74872369861
74872376253
74872365699
74872363824
74872363266
74872371145
74872364182
74872364883
74872378700
74872377335
74872377000
74872363580
74872364501
74872363939
74872367796
74872374075
74872370235
3000361889141
74872367168
74872377199
74872364388
74872359638
74872367654
74872363433
74872369986
74872366568
74872361739
74872369287
74872361870
74872365949
74872373001
74872370453
74872368063
74872375608
74872370929
74872359167
74872376269
74872373133
74872362498
74872367641
74872362821
74872363104
74872366169
74872368724
74872361201
74872364231
74872363837
74872372582
74872360348
74872364139
74872366240
74872373864
74872367706
74872367691
74872373755
74872370536
3000417202
74872364839
74872369299
74872366580
74872364573
74872363077
74872361136
74872360100
74872364736
74872368056
30003414911
74872366935
74872362482
74872361167
74872364479
74872366009
74872371788
74872365567
74872359052
74872360977
74872363188
74872358025
74872369336
74872363056
74872364323
74872358277
74872369566
74872366025
74872360381
74872360238
74872363269
74872373077
74872361941
74872359238
74872362981
74872361035
74872378300
74872366147
74872369841
74872371021
74872366548
74872361711
74872366074
74872364415
74872361762
74872364366
74872364935
74872371632
74872377323
74872369563
74872376985
74872364990
74872364217
74872368784
74872368887
74872366368
74872364890
74872363299
74872359356
30004013774
74872376100
74872367702
74872363888
74872368934
74872365102
74872360590
3000341824
74872363738
74872361090
74872362575
74872367226
74872362142
3000001446
74872365491
74872363255
74872362378
74872361214
74872361284
74872376097
74872373084
74872369040
74872360198
74872371014
74872369454
74872373317
74872363716
74872362089
74872370795
74872367588
74872360371
74872373044
74872371125
74872366884
74872368626
74872375306
74872370367
74872363081
74872377472
74872367527
74872359184
74872371322
74872379096
74872363980
74872366618
74872371091
74872371148
74872360681
74872360142
74872361856
30004146218
74872363623
74872361687
3000104283
74872366000
74872367285
74872364128
74872365041
74872378615
74872362912
74872363516
74872378005
30002400070
74872375219
74872362004
74872360880
74872364335
74872377391
74872361509
74872371408
74872358328
74872369194
74872367482
74872361435
74872373993
74872364107
74872364887
74872377326
74872361555
74872377320
74872373930
74872375350
74872362790
74872375165
74872363031
74872369576
74872364645
74872364857
74872373494
74872359926
74872366145
74872364900
74872369083
74872361559
74872361300
74872373557
74872372690
74872367776
74872371182
30000069501
74872373257
74872365901
74872368862
74872375172
74872362831
74872373094
74872369859
74872364828
74872368658
74872377292
74872367732
5728300034
74872364101
74872375169
74872366458
74872372185
74872369833
74872363066
74872363410
74872365758
74872375396
74872372374
74872362642
74872368354
74872364998
74872374788
74872368291
74872360582
300026127213
74872361748
74872362861
74872361227
74872373111
74872361228
74872362677
74872367359
74872364307
74872378080
74872363186
74872371402
74872365864
74872365055
74872368157
74872364824
74872360734
1116227723
74872368062
74872377324
3000072912
74872362301
74872369897
3000242210
74872373535
74872372913
74872361088
74872365916
74872360554
74872375232
74872369235
74872373971
74872358381
74872369015
74872361950
74872374842
74872362290
74872360635
74872376836
74872366005
74872363419
74872376210
74872366738
74872366776
74872361344
74872362532
74872366349
74872376811
74872369151
74872363396
74872375224
74872363248
74872363726
74872360470
74872364332
74872369773
30004018154
74872361255
74872358385
74872362383
4872790228
4872364935
7107522676
1107154011370
74872366832
74872366269
74872369036
74872376942
74872367862
74872365882
74872364901
74872366099
74872364976
74872370869
74872376403
3000273251
74872364219
74872366426
74872368838
74872363912
74872377303
74872363701
74872359456
74872361393
74872359383
74872373097
74872373506
74872360795
74876327025
74876326463
74876326535
74876326564
74876327185
74876327192
74876326395
74876327582
74876327160
74876326091
74876324040
74876320169
74876323501
74876323188
74876323616
74876327080
74876324546
74876323293
74876327102
74876324859
74876322948
74876326280
74876323623
74876326509
74876327001
74876327077
74876324749
74876323672
74876324394
74876327548
74876320434
74876327010
74876324683
74876327075
74876324289
74876324792
74876324356
74876327520
74876327556
74876323575
74876322331
74876324188
74876326586
74876326404
74876324689
74876327714
74876323619
74876323545
74876327747
74876324538
74876327128
74876320991
74876326422
74876322583
74876327437
74876323398
74876327441
74876324662
74876327329
74876327066
74876322365
74876324154
74876323318
74876327271
74876327722
74876320583
74876322961
74876326620
74876320731
74876324577
74876327104
74876327478
74876326661
74876322778
74876326060
74876322227
74876327566
74876326347
74876320367
74876320106
74876324176
74876323718
74876326324
74876323856
74965726138
74965719792
74965723495
74965725472
74965720608
74965726423
74965719979
74965723228
74965719945
74965726511
74965724497
74965719984
74965720384
74965724873
74965719791
74965721415
74965719901
74965727552
74965721271
74965719878
74965722529
74965719827
74965725791
74965719873
74965719872
74965719982
74965726956
74965726050
74965727026
74965726611
74965721950
74965721577
74965727127
74965719978
74965722675
74965723894
74965719793
74965719886
74965719912
74965719894
74965719840
74932379685
74932380521
74932383639
74932384104
74932388736
74932380171
74932385926
74932388610
74932382856
74932385531
74932386806
74932384250
74932386419
74932387784
74932380703
74932385405
74932386344
74932387362
74932379676
74932384014
74932385036
74932387572
74932379667
74932387990
74932383893
74932384631
74932383185
15300086737
74932382796
74932379633
74932387253
74932385768
1530008168
74932381321
74932379661
74932388758
74932384478
74932379662
74932384795
74932379697
74932384332
74932386692
74932388844
74932386480
74932383038
74932380173
74932387139
74932387740
74932387675
74932387060
74932386353
74932388756
74932384438
74932381972
74932384366
74932384741
74932386892
74932388339
74932384705
74822506213
74822506060
74822506032
74822506550
74822506085
74822506241
74822506454
74822506080
74822500355
74822500422
74822506478
74822506655
74822506603
74822506678
74822506460
74822506451
74822506680
74822506008
74822506075
74822506050
74822506025
74822507525
74822507962
74822506155
74822506674
74822507852
74822502762
74822506328
74822506001
74822506393
74822506632
74822507554
74822500202
74822507310
74822507542
17003361302
74822501071
74912926056
74912928759
74912920455
74912920467
74912928125
74912928362
74912921763
74912922010
74912923904
74912927900
74912920446
74912926150
74912926600
74912924131
74912926036
74912926894
74912927007
390010111161
74912928753
74912928401
74912926935
74912923837
74912923626
74912920464
74912924038
74912926008
74912920641
74912928642
74912928266
74912920745
3900373880
74912924940
74912923814
74912927238
74912920042
74912928306
74912924786
74912926025
74912921525
74912922385
74912920545
74912920731
74912928826
74912927944
74912921685
74912926090
74912923402
74912926016
74912926874
74912926748
74912923816
74912922157
74912924572
74912920449
74912920175
74912920771
74912920425
74912922409
74912926868
3900134233
74912924670
74912929474
3900441915
74912921576
74912926633
74912921486
74912920406
74912920229
74912927733
74912922377
74912929899
74912927706
74912929675
39004411322
74912926285
74912922505
74912920321
74912921934
74912927259
74912926962
74912921828
74912923297
74912923281
39003717312
74912926679
74986022876
74986022760
74986022439
74986020727
74986021762
74986020700
74986022198
74986020048
74986022142
74986022155
74986022214
74986022886
74986022244
74986021041
74986020730
74986022264
74986022548
74986022294
74986021655
74986022918
74986020034
74965361610
74965367026
74965361590
74965362404
74965360885
74965363571
74965360117
74965361254
74965361740
74965360569
74965362845
74965360835
74965364498
74965361692
74965361063
74965361059
74965362430
74965366674
74965361847
74965362582
74965362127
74965361501
74965360411
74965360208
74965360151
74965366291
74965366111
74965369669
74965360485
74965360018
74987777636
74994584649
74994571913
74994579542
74994582203
74994581150
74994579214
74954536216
74954549788
74954555396
74953502875
74953502973
74994587320
74953501774
74994577456
74912441581
74954526341
74954559256
74954549120
74954520847
74954530145
74954522351
74954547874
74954537530
74954546524
74994572749
74954562525
74954523161
74954552425
74994579738
74954540157
74954562501
74954527877
74954518953
74954564393
74954541031
74954539101
74954548284
74954552882
74954547079
74954547539
74954555555
74954545873
74954537450
74954536441
74954530047
74954564452
74954556565
74954559121
74954530723
74954566214
74954564822
74954523224
74954555407
74954568576
74954525043
74954524176
74954555921
74954569344
74954523730
74954545577
74954522500
74954557179
74954519830
74954549047
74912441774
74954559545
74954538387
74954536118
74954551825
74954550631
74954543302
74954560419
74954565008
74954557914
74954565433
74954526535
74954549167
74954536304
74954530943
74922532860
74954559291
74954557342
74954553862
74954556225
74954565049
74954551431
74954538894
74954534352
74954570049
74954553791
74954551555
74954559506
74954535977
74954520343
74954536376
74954557449
74954590100
74994577492
74954568492
74954557558
74954538094
74842532188
74987776931
74994581536
74994596030
74872321748
74912283961
74842562826
74822532580
74872469079
74953501171
74987776008
74822327862
74912290112
74954562265
74842511817
74954542184
74987776258
74987776676
74872311047
74842550182
74922327388
74872478786
74822521809
74912378121
74912963944
74822531000
74872361811
74954556238
74872322179
74842541273
74822370001
74872309059
74987776850
74987775685
74987776060
74954559444
74994585067
74852450503
74852539535
74872311986
74822364070
74912440839
74872304574
74852470849
74912283839
74852560901
74912921450
74822355935
74842531722
74822522510
74912985757
74872471363
74912923445
74872487131
74922312350
74842588403
74852486606
74987777424
74872476095
74954520564
74912290675
74987775100
74954562536
74852451087
74842569595
74922330490
74852460000
74822333516
74842588203
74872481079
74912283468
74987776760
74872456231
74852444712
74842527406
74954524567
74842562312
74842551793
74842549296
74872456398
74954566814
74872306223
74954545149
74872321751
74954527054
74852486814
74912921329
74842577205
74842543220
74954551057
74842507808
74912927263
74954523068
74872501176
74912386386
74842577776
74842530015
74912290541
74842557559
74912962266
74822331722
74822370660
74987775176
74842569006
74872306931
74852466432
74872478809
74912353896
74954568438
74954563952
74852443376
74922324376
74912447234
74822332570
74872483056
74987775303
74872373843
74872318691
74872456803
74922310463
74955702180
74852540905
74842563037
74987776516
74954537590
74912445936
74842561776
74822360989
74912440357
74822354102
74872487612
74912446658
74822537103
74954551714
74852449163
74954520137
74954562460
74842575604
74852465592
74912387532
74842530023
74872464131
74842570501
74822532400
74822523145
74922322736
74954549651
74852429578
74922341563
74822358793
74872359294
74842509810
74912985557
74912284911
74842559984
74872302462
74912446109
74912963112
74954590104
74872318012
74955719140
74822341568
74912287990
74842570104
74912926065
74912283960
74912343017
74822522964
74987775804
74912283037
74912924046
74912921987
74954563217
74842554219
74852440020
74912290758
74852474762
74987776239
74852458907
74912290995
74954538312
74954566338
74872478435
74922322948
74912364552
74872360143
74822336206
74822335636
74872469669
74842519601
74842548541
74987776510
74987777412
74842536572
74842553923
74822527066
74912447825
74912290774
74912280823
74912288481
74912927806
74912442269
74912922213
74912445327
74987776526
74912386008
74964181335
74912986561
74912980694
74872441176
74955742971
74822330701
74842566495
74912288171
74822321393
74912927602
74987775326
74912286180
74922320654
74912446717
74954563455
74987775212
74954556558
74954543327
74842571604
74954524726
74822332516
74955721447
74822522709
74872370423
74954522187
74954550770
74842594950
74954520441
74822336606
74822348835
74842554040
74872373128
74912928781
74822366290
74912372896
74987776502
74872378088
74987776878
74822532049
74822339063
74912968501
74852486041
74822342753
74822343207
74872500518
74922329151
74922331053
74912351975
74872468884
74872486092
74872502008
74912334807
74912330244
74842546229
74987775643
74872470457
74822329242
74872485404
74852450900
74922320439
74852451097
74852442657
74852457786
74852458383
74852442443
74852478866
74822347530
74822358157
74822326413
74822378677
74822321860
74822370880
74822321900
74822321237
74922323784
74922346498
74922333209
74822344760
74872502840
74872472157
74872469409
74872503031
74872491726
74872469816
74872474872
74872486187
74955712110
74955733792
74955715232
74955725600
74955725122
74964179620
74987776387
74987775245
74987776162
74987775291
74987775552
74987777601
74987775778
74987777181
74987775752
74987775125
74987777408
74987775127
74842567460
74842568141
74822526581
74822527902
74822533508
74822526751
74822537725
74872463600
74872455342
74822520673
74872464081
74872458905
74872456387
74872443951
74872455339
74872456358
74872456234
74872464472
74872368474
74872367263
74872375468
74872371063
74872367861
74872360680
74872372107
74922322082
74852457668
74822321588
74822539101
74912323747
74822368978
74912355832
74822336969
74955724626
74987776794
74912283720
74912388325
74912382849
74912442859
74912284815
74912290938
74912274446
74912288445
74912286660
74912283129
74912290245
74912289072
74912285236
74912286881
74912283919
74912282388
74912290923
74912388888
74912290353
74912967866
74912960232
74912964964
74912964572
74912927526
74912921701
74912927640
74912443973
74912929793
74912447582
74912920332
74912442620
74912443509
74912447204
74912446737
74987776171
74912984249
74912989550
74912986141
74954524122
74954520589
74954540185
74954525186
74954549692
74954537248
74954564608
74954533372
74954547030
74954535949
74954524592
74954537522
74954565555
74954551347
74954564457
74954554541
74954558038
74954523141
74954546595
74954561852
74954566736
74954561524
74954552208
74954564326
74954527229
74954567053
74954531518
74842579269
74954557316
74822521745
74912323949
74954554069
74954530981
74954554171
74842562037
74954548363
74842534308
74822332962
74954540923
74822328209
74822388473
74955718598
74987777407
74955713470
74954533785
74912290659
74852440461
74922348252
74912274490
74987776047
74987777498
74822378525
74822380283
74954521642
74852458498
74842531767
74987776212
74912290569
74852450367
74852457095
74987771163
74872480049
74912920531
74912283764
74912445466
74987775627
74912929200
74912335969
74822520605
74987775251
74842591362
74842508366
74822353720
74822528829
74872456897
74912280428
74955728068
74912370335
74912348168
74922332699
74822360523
74852453637
74922323529
74912267134
74842507750
74912377771
74872469553
74912270070
74852457324
74912321744
74842573737
74912921175
74822321284
74912320660
74822521803
74842578359
74852442737
74842556615
74842574901
74987775562
74912988133
74912960530
74922324263
74842534445
74912280536
74872469122
74852446214
74852479744
74822522758
74912444349
74872362194
74842534827
74872478819
74872367357
74912446441
74955726523
74912272773
74912962084
74912966044
74842515561
74912379283
74842550605
74822510961
74852434985
74954519343
74954556401
74912923738
74954558502
74842579782
74932387567
74872461378
74872486355
74822328597
74922331780
74922336148
74955726023
74987775504
74954554774
74822537811
74912280608
74912272216
74912926000
74912288216
74842588280
74912982861
74987776274
74842592651
74987777299
74922345778
74822336618
74842576301
74955702138
74822348383
74987777511
74842529182
74852478960
74822520034
74912289577
74987775118
74922320924
74872469408
74912347907
74987777043
74822345773
74872451011
74822320043
74912290991
74994581889
74953506849
74994583067
74994577204
74994572547
74953499386
74953501677
74953509292
74953498480
74953497849
74953504447
74994587436
74994587228
74994571364
74994598842
74994582794
74953509509
74994577821
74953511576
74953489228
74822378537
74912273235
74987777543
74842578579
74922347404
74852453807
74852463600
74987776313
74955726138
74872456176
74872456401
74912334694
74842574091
74822389301
74922323225
74872502551
74872361274
74852484820
74852454194
74822380455
74852441672
74922338718
74872469874
74872495857
74987776873
74987775533
74872457005
74872456040
74872450235
74872451075
74872363165
74872358540
74912274978
74912443651
74912288795
74912284978
74912965818
74912283543
74912929090
74912923003
74912923914
74822350662
74912448780
74912920034
74912284607
74872486112
74822329206
74842573883
74872456607
74912928262
74852477427
74822332997
74954530134
74987775513
74922325211
74987776816
74912283250
74872490640
74872471325
74912285364
74872470412
74912276172
74912272422
74912348155
74842554411
74852463625
74842567445
74987776484
74987777476
74872456844
74872376333
74852481712
74822360974
74912355333
74822515238
74822329236
74987776216
74822532163
74872464909
74822341815
74872469697
74912286753
74842554078
74912444295
74987775410
74912288581
74955726982
74872505339
74912275052
74822329370
74987775639
74912335192
74987777435
74842531513
74822329808
74922331539
74912363734
74872505074
74822332879
74872488601
74822348129
74852450947
74842548413
74822332492
74822329351
74922322706
74872469984
74872489002
74872502031
74872478584
74872478767
74955722001
74955727762
74987775624
74987777393
74987776649
74987777070
74987776445
74987777195
74987775702
74987775115
74987775157
74822531492
74822528749
74872464151
74872464114
74872364610
74872371157
74872360298
74912330274
74872476717
74987777473
74912440880
74912290762
74912270565
74912288268
74912270091
74912273061
74912920200
74912285212
74912929504
74912924615
74912277719
74912923809
74912926339
74912443702
74912920900
74912924039
74842550550
74987776984
74872455202
74987776590
74822386689
74852455373
74912358325
74852431900
74822332509
74842550370
74912929092
74987777673
74954524134
74852450195
74987777019
74955706885
74872478596
74912275180
74955714592
74822368808
74912290737
74872369694
74954524326
74987775758
74912360045
74822349277
74872505235
74912290199
74922322887
74987777109
74872486295
74987775908
74922324340
74842508382
74822389828
74922335809
74872376350
74953824626
74955710703
74852458656
74842557283
74912364502
74912356943
74822332532
74842574541
74955742621
74955706733
74822349362
74822520063
74912347008
74872464774
74852434288
74852430190
74987775329
74912288880
74842558214
74953301734
74955707693
74852458074
74953826607
74852460511
74912277075
74842559805
74822378441
74953860974
74922319305
74842531292
74912270629
74822380252
74922325964
74954552186
74822533470
74822320433
74922325143
74912344470
74872478778
74822516616
74822346080
74822368341
74922342176
74922315774
74822360231
74822329571
74872505362
74872470883
74872469541
74842544332
74955706701
74987776852
74987776861
74822523841
74872456996
74872456117
74872456820
74872358726
74822336573
74852477823
74912289168
74912289023
74987776913
74912290690
74953866911
74872463750
74842591044
74842543929
74922329547
74987775182
74987775044
74872479444
74953875249
74987775870
74987776819
74872487119
74842574296
74987775108
74822327408
74852436655
74822519338
74922330413
74912922320
74912923159
74912348564
74822360154
74822329547
74954547859
74954569781
74842574002
74852450174
74954565267
74954556010
74954548288
74954527890
74953354357
74953834644
74953873594
74953356735
74953291031
74912330201
74953297647
74953837110
74953289491
74953288997
74953281863
74953366601
74953291677
74953290195
74953824237
74953308592
74953304670
74953836886
74953297749
74953286661
74953287377
74953347050
74953871662
74953363992
74953820063
74953282601
74953365039
74953880633
74953372259
74953357114
74852429468
74822342098
74953358986
74953819994
74822341719
74912926536
74922323783
74872475424
74822329367
74822368724
74955716005
74912321762
74987776778
74987775294
74987776985
74872464041
74842530208
74872363388
74872451099
74872469546
74822363795
74842590646
74852465092
74842507715
74852443453
74872486635
74822344563
74852442712
74912337569
74822344441
74822332613
74822325888
74822331148
74822328913
74822334216
74822321639
74822346144
74822342986
74822336737
74822358853
74912360181
74822326694
74852490346
74852431843
74822320271
74852429208
74822339625
74822358770
74922321588
74822332428
74842536705
74912359433
74822349035
74912334867
74912358757
74912335658
74912359442
74912331509
74912329285
74872478812
74872478496
74872489022
74912348834
74912373774
74912341947
74852459305
74912350603
74822533059
74822329656
74912323837
74822348600
74822329322
74822349559
74822332609
74852486071
74872469817
74912359669
74852458151
74912350273
74912347101
74912344691
74852451223
74842513199
74852470802
74872476854
74852461661
74852446357
74852431801
74852474248
74852459796
74852461215
74852454149
74842551002
74822335837
74822322914
74842561891
74842560406
74842593079
74852486396
74852441932
74852456630
74852453660
74852442865
74822343203
74822344115
74822341115
74822342290
74822357766
74822347191
74822333006
74822320378
74822360312
74822370126
74822332566
74822339189
74822329289
74822389833
74822383352
74822353911
74822342109
74822329871
74822368297
74822360504
74822330901
74822346727
74822329846
74822347467
74822347187
74822368230
74822385534
74822320633
74822353318
74822330709
74822333525
74922325288
74872469475
74872505413
74822333269
74822343326
74872474235
74872469450
74872470696
74872479379
74872469533
74872469871
74872478592
74872505505
74872486802
74872478064
74872498819
74822332641
74872469432
74872469904
74872486143
74872473914
74872491544
74872478825
74872484600
74872481132
74872469891
74842516021
74842552433
74842559908
74842512771
74842562593
74842591105
74842527262
74842551147
74842560103
74842569857
74842560550
74842531947
74842560929
74842558298
74842572852
74842551635
74842584282
74955706822
74955727788
74955727114
74955737474
74955719958
74955714298
74955726126
74955725809
74955742288
74955729104
74955725546
74955702377
74955714207
74955701422
74955724075
74955738011
74987776297
74955701434
74955735544
74955740630
74955703152
74955701445
74955732396
74955703542
74955703733
74955740733
74955735593
74987776645
74987777291
74987776553
74987776160
74987777336
74987775145
74987776422
74987777132
74987776855
74987776906
74987777758
74987776451
74987775729
74987775116
74987776140
74987775710
74987775613
74987775037
74987775462
74987777186
74987775243
74987775047
74987776063
74987775833
74987776864
74987776423
74987776316
74987777328
74987777321
74987776990
74987777085
74987777275
74987776877
74987775496
74987775050
74987775269
74987775965
74987776992
74987776262
74987776966
74987776174
74987775587
74987775181
74987775718
74987776880
74987775603
74987775698
74987776269
74987775262
74987776633
74987775576
74987775609
74987775104
74987775660
74987777503
74987776331
74987775309
74987775024
74987777273
74987777517
74987776080
74987775869
74987776643
74987776220
74987776938
74987776921
74987775395
74987777475
74987777640
74987777256
74987776366
74987777440
74987777535
74987777587
74842515911
74842546424
74842592401
74842545152
74842591571
74842542490
74842545075
74842578633
74842533136
74842531727
74842550767
74842540045
74842587841
74842535943
74842554378
74842547255
74842554570
74822526354
74822528953
74822532170
74822532004
74822520972
74822531499
74822520766
74822521650
74822531297
74822526344
74822533424
74872364942
74822521527
74822510500
74872464464
74872440844
74872464733
74872463983
74872464642
74872373789
74872365352
74872372992
74872369301
74872456287
74872363957
74872456855
74872363690
74872360557
74872369647
74872367272
74872361565
74872362614
74872358909
74872365017
74872468243
74822329862
74955704000
74955714977
74822515436
74872361430
74822359817
74852436199
74822336583
74822331774
74872473466
74852459750
74822343642
74955714413
74955727236
74872367174
74872469815
74852490387
74872480166
74842573768
74822386735
74852485436
74852486103
74852486078
74872483680
74842549528
74872469460
74987775648
74912267447
74912282952
74912290954
74912276299
74912290004
74912288612
74912287565
74912290986
74912288452
74912270006
74912284401
74912291550
74912286020
74912272000
74912288401
74912288437
74912281047
74912277202
74912280525
74912276345
74912290565
74912271932
74912280554
74912272686
74912285347
74912275029
74912268339
74912270011
74912290736
74912270051
74912290720
74912285223
74912290944
74912290503
74912270455
74912290358
74912275485
74912290460
74912920165
74912272338
74912289915
74912290385
74852476197
74987776151
74852442684
74872476715
74912272744
74852454519
74852431927
74872472078
74872500431
74822333217
74852457734
74872468291
74955717338
74953496496
74912360038
74822522318
74987776824
74822364060
74912282029
74955720152
74922320981
74852441381
74842510268
74822336358
74953305658
74852481820
74842550228
74953294710
74912351518
74822320294
74987777659
74953293036
74953306706
74842574284
74822380377
74822523751
74955726739
74955724254
74994586678
74987777560
74842577287
74842554686
74842553220
74822364255
74842519592
74953830309
74872499903
74842571305
74842515624
74822353064
74822345049
74953834433
74912337924
74842567073
74822356460
74987776697
74842594243
74852442408
74953308965
74822341224
74822349344
74842550707
74822521262
74953503497
74954563652
74953888387
74822332898
74987775806
74987777227
74953818648
74872458460
74954564078
74822328620
74872464800
74872456642
74955702479
74987776119
74953861922
74912361803
74987775929
74955723744
74953872872
74912272770
74872455230
74842542181
74955739742
74912280743
74842581153
74955733331
74987775362
74955705423
74852431833
74912280030
74953502824
74953872912
74912365072
74872473398
74822519434
74953868356
74842547690
74955740735
74955733647
74852442825
74912285020
74822345819
74872362087
74822346302
74842575157
74987777100
74994574391
74842525078
74987776933
74954522772
74872473892
74953369247
74912327850
74955735416
74852468925
74872484926
74842550034
74822321988
74822353088
74842575150
74912275101
74912343035
74842540003
74842562981
74842553795
74842593284
74842546535
74822333287
74872474359
74842553032
74912362311
74987775069
74955729056
74842533014
74912373777
74912282343
74912285114
74872469535
74822386667
74987776032
74822360973
74912289279
74852457630
74842589208
74987776827
74912337047
74987776936
74987775551
74987775889
74842586559
74842558611
74852457561
74842532664
74912370151
74822355408
74822348032
74822342870
74822329814
74822389590
74822342802
74822341182
74822349210
74822385730
74822320368
74822344754
74822365605
74822348100
74852431920
74912314151
74852490388
74912358388
74912345701
74822329436
74822345753
74955731989
74852447808
74912330400
74912354546
74822368554
74852437658
74912350258
74852477454
74822321215
74852453501
74852457515
74852446609
74852446969
74822320631
74822349717
74822329457
74822323639
74822366901
74822347607
74822331703
74822356012
74822389391
74822368412
74822336458
74822321528
74822329484
74822353753
74822320558
74822341505
74822341093
74872502029
74872478772
74842534065
74955706846
74955724282
74955723291
74955741395
74955730488
74955714639
74955706722
74955701716
74955705084
74955724620
74955714319
74955700529
74955722730
74987775451
74987775825
74987775837
74987775665
74987775220
74987777733
74987776009
74987777308
74987776413
74987777508
74987777494
74987776079
74987775039
74987776629
74987775311
74987777128
74987776372
74987777477
74987775432
74987775797
74987776907
74987777183
74987775759
74987776215
74987776909
74987776716
74987775748
74987775723
74987777060
74987775236
74987777058
74987777732
74842532125
74842547704
74842555876
74842559093
74842531910
74842571298
74842520071
74822333626
74822359628
74912373354
74872471519
74912276403
74912280477
74912277040
74912283418
74912281730
74912284304
74912289708
74912272511
74912283055
74912267331
74912288921
74912282089
74912282961
74912283285
74912286249
74954566684
74954527891
74954519860
74954548550
74954556354
74987777170
74872502539
74987775287
74822329293
74842542776
74987776304
74842536887
74822353455
74954522488
74822342392
74987775306
74987777635
74994576497
74994585631
74953494763
74953502696
74994585390
74953491610
74994595028
74953502524
74953499894
74994577223
74953492961
74954533327
74994572703
74994595298
74994588257
74994581250
74994584737
74994573270
74953505012
74953500974
74953497578
74994579769
74953507973
74953502650
74953512106
74953511394
74953507858
74953492189
74953500154
74953490944
74953491132
74953502572
74953498860
74953509220
74953494265
74953500112
74953494016
74953488014
74953491670
74953490913
74953500425
74953491198
74953511767
74953501368
74994579210
74994582343
74953494524
74994586568
74994572375
74994587062
74994586922
74994573941
74994585821
74954519536
74994576621
74994586637
74953504579
74994579501
74954553652
74954524785
74953497352
74953499325
74994572789
74953494565
74953498302
74953491880
74954518989
74953350688
74953371425
74953305571
74953877291
74953349295
74953307917
74953826508
74953823196
74953349544
74953351262
74953826022
74953829578
74953818038
74953832469
74953286705
74953290695
74953359136
74953887767
74953351778
74953290248
74953819181
74953886034
74953373834
74953824281
74953310004
74953883577
74953304451
74953361792
74953867372
74953868260
74953869909
74953863848
74953833596
74953355714
74953864343
74953863211
74953878707
74953817073
74953302758
74953304137
74953300200
74953360569
74953353527
74953374581
74953306434
74953296675
74953359521
74953353777
74842557578
74953865659
74953863450
74953878964
74953883963
74953886451
74953811580
74953834424
74953294622
74953870303
74953289655
74953871949
74953832357
74953286764
74953307934
74953827617
74953829472
74953824412
74953300347
74953305988
74953371990
74953867881
74953866262
74953866718
74953826425
74953869747
74953810902
74953822864
74953296305
74953361032
74953828444
74953879637
74953814594
74953350709
74953820461
74953359578
74953824810
74953366502
74953293461
74953302089
74953309314
74953284226
74953302218
74953304320
74953361733
74953371827
74953353639
74953355755
74953364722
74953365507
74953369235
74953359236
74953358576
74953870121
74953860042
74953881140
74953878616
74953864325
74953865256
74953874822
74953885464
74953877373
74953883309
74953883102
74953884943
74953865565
74953812222
74953866203
74953875386
74953811087
74953810474
74953810496
74953835921
74953815559
74953836332
74953833262
74953827160
74953830144
74953884271
74953834408
74953825303
74953817702
74953863067
74953875598
74953364794
74953810481
74953863546
74953367985
74953355722
74953368388
74912290513
74953872178
74953301482
74953353889
74953869957
74953830028
74953821486
74953300991
74953283716
74953861212
74953357615
74953819800
74953826865
74953865119
74953305253
74953361249
74953288460
74953868631
74953282471
74953347511
74953281474
74953814411
74953302044
74953356192
74953867947
74953354544
74953861642
74953304474
74912288000
74953306648
74953347608
74953349288
74953814964
74953303206
74953372267
74953293269
74953872395
74822347143
74987777277
74987777539
74912290996
74842538164
74822321112
74955703777
74822328311
74955737472
74842522266
74954566356
74953281972
74953303771
74842568900
74842578994
74822346375
74955739300
74822326944
74987775196
74953871148
74955724373
74987777729
74912346821
74987777377
74987776842
74842592053
74872476436
74842551215
74953362259
74953288697
74955714325
74872475694
74822347358
74842558225
74953835007
74842543332
74842571276
74912289061
74912313122
74842535778
74987775656
74953861126
74822331186
74912282033
74842576331
74822346555
74822352040
74955709260
74842547035
74912288820
74842701144
74997346351
74852764895
74932528655
74955932392
74852410976
74852403995
74852400219
74842701182
74842746062
74932564714
74932296803
74852499685
74852409629
74852409740
74958508691
74912290717
74955989134
74912965620
74912965699
74922533619
74953097704
74953116339
74957592523
74957573508
74997342240
74957592242
74957585596
74957599015
74957573195
74957562207
74953124125
74953125083
74953094225
74822327018
74964140777
74997345563
74953117906
74842714965
74953094541
74822370146
74953093812
74953111595
74953118018
74953121000
74953121362
74953090736
74953111449
74953107459
74953114014
74953092531
74953123877
74997317542
74997350345
74997322579
74997350386
74997346724
74997321313
74997330355
74997338089
74997322304
74954229942
74997327878
74997341759
74957576558
74965730019
74953092466
74997336946
74953106955
74822329542
74842714425
74957590858
74997331723
74953124464
74997331641
74966163159
74852571312
74912968413
74964152516
74957560673
74932527504
74852498494
74953090221
74984844048
74957567976
74957564754
74957560102
74842548204
74912283370
74955911762
74852559425
74957593987
74953115483
74964137422
74852552004
74957563255
74957567074
74932305433
74922331944
74958506083
74822380534
74957590283
74957578367
74822343250
74966139281
74852498829
74842543270
74997346252
74852579245
74954660682
74822348368
74932542086
74822346678
74912276848
74965760546
74955983088
74953110508
74852469981
74822320692
74852500399
74922529993
74922328529
74922547260
74955934763
74922337048
74852561830
74922545607
74955986975
74912965110
74852425086
74955932644
74852758602
74852724155
74852717377
74955932071
74852402534
74852405725
74852405765
74852400316
74852408270
74852732481
74842705509
74955767725
74842563860
74964151619
74964141523
74872212949
74872306957
74932295278
74932305837
74822331241
74852498366
74852420506
74852425021
74955943024
74955943425
74984843550
74984842383
74984842030
74958501483
74922335087
74912281142
74958514313
74966146737
74955909066
74912967967
74852420873
74822360136
74872221387
74955999498
74955987292
74955990443
74922522205
74912960210
74966150264
74955941901
74852503070
74955987532
74852517110
74922335999
74955963705
74842701925
74965744467
74932304579
74958510162
74852409771
74842701959
74965749137
74852404145
74852722527
74922537594
74922312580
74957578946
74955997517
74842579977
74852409703
74872562556
74842741124
74932300702
74852431889
74955988285
74922523703
74922327534
74955985082
74822329870
74852503060
74852499443
74852721886
74922530217
74852498788
74852403680
74958512277
74852498475
74965754133
74912272236
74842713317
74852571710
74958510118
74842562019
74852422404
74953119193
74922331795
74842566579
74955941632
74822360975
74842746821
74922531650
74852434565
74822357908
74822362659
74966151583
74842531014
74953110057
74922346503
74997340195
74912289906
74922531217
74966142828
74852713572
74964166587
74955965826
74852498552
74955911765
74852744148
74852406745
74852404485
74852401389
74842554709
74852400932
74922523702
74852435417
74852408181
74852409633
74852403389
74852404585
74932527328
74932536185
74842716389
74842719454
74872312070
74957574515
74922544757
74922530484
74922528869
74922534723
74922522804
74922532901
74922540861
74964166251
74964166989
74964145057
74964147027
74954234201
74842713572
74957574701
74872223239
74872224676
74872225297
74932563333
74964153499
74932527720
74932567503
74872566874
74932303020
74932309941
74932308680
74932300630
74932300592
74852499522
74852498560
74852505941
74852409627
74852409901
74852425211
74852420620
74852425248
74852422820
74852423112
74852409431
74852420808
74852421124
74852426426
74852420825
74955935047
74955941906
74955964306
74984842618
74984839583
74822333636
74822333280
74958504205
74958519592
74872305310
74922332019
74922325269
74966163465
74955908460
74842548785
74912388336
74912388569
74912960808
74912962237
74852405003
74922530182
74922332308
74822345127
74912963660
74822321850
74966157625
74997320081
74954698111
74822370059
74912387536
74953090983
74964161251
74957598280
74957576367
74997345713
74964166836
74957565297
74957580711
74957581040
74957586737
74957587287
74922323571
74953117189
74953095790
74957575038
74957581269
74953110021
74953107292
74994596727
74953110123
74953121864
74953109384
74953094897
74872550094
74955934305
74953091918
74953091102
74953093987
74953102227
74953096519
74953107446
74953121350
74997341038
74997324218
74997335475
74997348545
74997333845
74997332109
74997325445
74997319882
74997330388
74997347185
74953099131
74953116477
74955930648
74957582524
74852502380
74964166784
74912290371
74922344147
74912287942
74997350278
74852431821
74852487282
74922530736
74958504210
74852745588
74822333500
74822323709
74852459825
74842713220
74842565275
74964139507
74922320482
74997330737
74965745598
74997322102
74922320469
74852552802
74852423618
74872217162
74842594017
74965733003
74955931018
74922522329
74852517056
74953112468
74922533712
74955941913
74932528696
74842701821
74852450588
74912270329
74955960453
74852402444
74955987450
74932551025
74966152366
74822336452
74852737544
74852442966
74872217221
74842568210
74922539079
74852505766
74872222672
74955960219
74922323777
74852516006
74842525754
74872339790
74957566329
74958510855
74955944547
74922540343
74872556632
74966150337
74922531363
74955996369
74852499024
74842567810
74872555211
74922534450
74872569001
74822323862
74922347589
74966140376
74912289456
74872344332
74966163022
74955940770
74955988818
74852431926
74822332746
74922331002
74958511844
74955987034
74822341810
74932303077
74965755183
74955917432
74852448644
74852557554
74822369659
74957592755
74922540808
74957597249
74842552918
74984842549
74912386422
74872216308
74842578740
74955918620
74955939689
74842749297
74852400240
74842713359
74852425191
74852404307
74852403669
74852403396
74852409059
74852403321
74852404682
74984847405
74852402424
74958511066
74922325065
74955932567
74852403677
74822332971
74842591360
74964166937
74852400890
74852405144
74852402402
74852402172
74852404303
74852405831
74852405754
74852403911
74842719151
74922522898
74922540452
74842713806
74842713845
74842719288
74842714932
74842737105
74922541693
74922534545
74922544142
74922530442
74922533816
74922530367
74922536636
74922520678
74964139269
74964166572
74964166305
74964148720
74964166331
74964149458
74964140394
74872216047
74872238524
74932544886
74932528433
74932550252
74872559646
74872558685
74872569322
74872565191
74872561338
74932307486
74932308430
74872346356
74932307310
74872344658
74872340498
74872349367
74932308065
74872350546
74872341044
74852432567
74852554014
74852560672
74852420754
74852420757
74852409709
74852415640
74852409906
74852423602
74852409626
74852412026
74955963304
74852409913
74955949736
74955941634
74955931761
74984849704
74955939203
74955939462
74984842532
74955932034
74984837234
74842705379
74852406670
74984844361
74842524497
74984843305
74932564497
74822332623
74932305439
74822344154
74958512741
74958510607
74958511966
74958504425
74958514922
74958510214
74965746668
74922330121
74922332722
74966163954
74966149975
74966163011
74966154882
74966163288
74966161140
74966163592
74966163374
74955919081
74955909063
74955908860
74955912603
74955910623
74955985725
74955987645
74955989862
74955987510
74955987809
74955982169
74955997841
74955997057
74955987731
74955984770
74912387224
74912960040
74912386338
74912377784
74912387197
74912969320
74912965056
74912969513
74912969086
74912963110
74922538796
74872550104
74958509205
74955998181
74852406102
74966163255
74922532011
74932526340
74852539305
74852409263
74852403367
74964138424
74932565638
74822333094
74955993362
74922531749
74965763355
74822331696
74852420846
74842747852
74922530678
74966163303
74984839646
74872564522
74922326305
74922530570
74953103321
74957580433
74957574718
74997343261
74997342352
74997327729
74997320600
74957586637
74957597415
74997334167
74957583058
74957573442
74957575749
74957570086
74957589177
74957573349
74957575614
74957571278
74957563928
74957593767
74957576125
74957595355
74994577090
74957589310
74957570020
74957575603
74957593303
74957582819
74957568363
74957573489
74957563969
74957573963
74957594430
74957560798
74957561845
74957588427
74957577487
74957591313
74957590362
74957567083
74957565735
74957564238
74957569352
74957561066
74957572792
74957567335
74957571256
74957576070
74957576294
74957562731
74957566555
74953111767
74957598263
74957560476
74957577270
74957583250
74957562833
74957567057
74957566326
74957593718
74957581192
74957567361
74957585513
74957580796
74957586810
74997323361
74957577346
74957579032
74957572891
74957568318
74957566938
74957590537
74957583422
74957575697
74957565090
74957569357
74957586848
74957564337
74957579038
74957588242
74957577171
74957588749
74957561570
74957565806
74957591656
74957582632
74957574071
74953094430
74957596666
74994580232
74953091313
74953111808
74953099850
74953091567
74953106616
74953122603
74953111712
74953093389
74953104750
74953093020
74932530599
74953112014
74997330000
74997337331
74997319201
74997342614
74997349679
74997329331
74997330922
74997347371
74997343587
74997319877
74997325008
74997349192
74997324484
74997324807
74997344154
74997334732
74997341268
74997342805
74997339050
74957579639
74822368689
74842718223
74997331054
74997350517
74997350644
74997351247
74997351336
74997342619
74997340000
74997336325
74997343059
74997322657
74997342584
74997350502
74997318021
74997347461
74997330410
74997348935
74997345419
74997317798
74997331010
74997333748
74997322302
74997321381
74957587464
74957580743
74957579397
74957569085
74997330953
74953119078
74997345430
74955916441
74852435469
74842531337
74922535064
74852404506
74957568923
74822346077
74966155422
74912961026
74955982629
74957581794
74852534464
74955906980
74822355750
74822343118
74842715726
74852569538
74932300242
74872565454
74842722557
74932298713
74964153898
74955947708
74922320440
74822343403
74852488191
74957562914
74964151180
74955911706
74922325171
74958504262
74932301421
74955570666
74922327841
74922329020
74957588416
74953097969
74965743322
74852400315
74957575977
74922341220
74852457919
74822320162
74852450490
74852544472
74842718087
74965756152
74822336972
74822346086
74872554947
74922533270
74912386392
74852450291
74822360840
74872216187
74922336027
74964166296
74997345793
74922310099
74822349225
74922552341
74842725770
74852488888
74852423414
74922317318
74822344024
74955965192
74822332981
74922349589
74852484259
74966150985
74842544263
74997318215
74912387851
74852489738
74955917848
74852486742
74842547350
74922323036
74852420690
74964141484
74955910065
74852534180
74822368348
74852404582
74922542822
74966163815
74965754202
74922545294
74872561453
74955935057
74932300423
74922534170
74872554455
74852400441
74852401512
74852402622
74842702454
74984845792
74932527318
74964139207
74955934417
74922524029
74872342571
74955941669
74955935404
74965734816
74955910470
74852405881
74922548541
74955997457
74964139411
74842568077
74842730936
74964166386
74922532833
74932310115
74852401450
74964137411
74964141459
74922533767
74842594517
74842702176
74842718453
74842735312
74922546767
74922542768
74922544863
74922545431
74922529962
74922520948
74922530224
74922540190
74922523991
74922530824
74922531684
74922535058
74922542676
74922532266
74922533862
74922541644
74964166226
74922520826
74872213240
74964139909
74964150063
74964166603
74964141018
74964166161
74964139544
74964151858
74964166172
74964145100
74964145093
74964150700
74872213333
74872233055
74872216215
74872216019
74872224590
74872230744
74872216309
74872235255
74872211260
74872240771
74872230404
74872216185
74872216085
74932528660
74932549997
74932528731
74932528280
74932527173
74872567811
74872560558
74872552868
74872555087
74872565467
74872559866
74872557747
74872552848
74932301597
74872555159
74932291454
74932300695
74932309898
74932296037
74872345143
74872354587
74872349662
74872355026
74872353925
74852431909
74852487147
74852472760
74852540364
74852562042
74852550278
74852530648
74852426130
74852425178
74852425125
74852409993
74852409738
74852409413
74852425276
74955964258
74955962439
74852409904
74852420799
74852426672
74852422447
74852410203
74852425168
74955934920
74955934173
74955946628
74955931405
74955933784
74955934748
74955941612
74955932240
74955964257
74955935778
74955947726
74955965782
74955964489
74955935247
74955930138
74984837967
74984843763
74955941619
74955960499
74955943545
74984842900
74984847011
74984848339
74984846321
74984847690
74984848055
74984848852
74984837531
74984846055
74822384715
74822358052
74822370081
74822353000
74822329423
74822364007
74822320860
74822336611
74958511189
74958504220
74958511322
74958510120
74958512280
74958510293
74958510276
74958510173
74958510648
74958517478
74958510563
74958510277
74965746970
74965749392
74965749303
74965765500
74965735428
74922332245
74922349888
74922324436
74922323350
74922317531
74922326626
74922326882
74966142823
74966142514
74966139347
74966163013
74966143494
74966152150
74966160407
74955909001
74955908071
74955918311
74955908356
74955911536
74955909211
74955910445
74955915959
74955912360
74955907496
74955915600
74955907459
74955914057
74955987296
74955993473
74955987061
74955985056
74955992761
74955982614
74955987991
74955989406
74912384000
74912388506
74912965661
74912962109
74912969933
74912963400
74912377307
74922536050
74964166887
74852402421
74955930016
74922540730
74955931442
74822351840
74822321479
74842701977
74822368295
74872216009
74922328700
74955941604
74922530523
74822341138
74822332764
74922520568
74955941125
74822369606
74997326802
74922531674
74872233122
74872211600
74955914614
74842562677
74842740091
74932290202
74912970025
74957582514
74955914860
74922312823
74955982304
74964166124
74922324828
74822368408
74842718347
74955931243
74872240237
74965767409
74842716232
74922531310
74966163430
74966150939
74852459905
74964166049
74965731300
74922322621
74955987936
74842551520
74852409450
74822336426
74852409745
74922323527
74872231981
74965759587
74955941613
74922535844
74922322663
74822366906
74932528675
74822333638
74852457742
74852543315
74842714239
74842717370
74842717668
74852568661
74922324229
74822324376
74842735670
74966150055
74958514705
74822379426
74822348162
74932301604
74955939099
74922535830
74957586773
74955908292
74997337999
74822345674
74822344217
74958515402
74822364101
74822329538
74932290468
74955933673
74872233701
74922326048
74958512914
74955938085
74966148001
74842584678
74852433255
74984840592
74922540394
74984847345
74852425195
74842717021
74957574216
74822364222
74822333247
74872231393
74922541638
74842702013
74822335814
74852533141
74842571995
74965770157
74822382543
74922336094
74922533894
74822334539
74922338089
74965732275
74922535773
74852554794
74922520968
74852414103
74852559472
74852474193
74984842480
74964141330
74955912220
74842715777
74852451606
74872225077
74852442410
74822329406
74852569634
74955918409
74922341490
74922545609
74822353100
74842713246
74932562299
74872221794
74852467182
74822386283
74957574867
74842734257
74822353821
74955915004
74822346544
74922323942
74822323482
74966151871
74822341296
74922342764
74922331503
74872223825
74842714905
74872566032
74822321827
74872559118
74965745807
74932296951
74822384757
74822357252
74955987000
74822323715
74955933602
74872558421
74842704275
74842718273
74965733900
74955911053
74922330588
74842701527
74954673548
74954710100
74954225386
74954238222
74852469884
74954235142
74822380554
74999076574
74954685917
74954696179
74954690068
74954233587
74954232609
74954241725
74954238003
74822333630
74852560511
74954708763
74997340519
74957576339
74997349715
74957598071
74999071616
74954244156
74954666808
74954230672
74954682109
74954240026
74997320926
74957584017
74957584433
74922543561
74842719279
74997347131
74957575520
74997323466
74872240575
74966164051
74965733927
74955996377
74999084949
74954226577
74822362700
74958508051
74922545756
74965742940
74964137037
74822357910
74852555088
74955935873
74955962583
74965742585
74932552142
74955992340
74958504200
74922533887
74852434310
74957579804
74872564661
74922331717
74954692975
74922531332
74872557486
74999056579
74852547821
74958510826
74842703899
74872346186
74842713738
74822329503
74922315106
74954694152
74997338272
74954677898
74999080247
74957572961
74842588093
74954700475
74852478675
74922333662
74852476990
74842719053
74997346205
74922528550
74842718409
74997327207
74955914142
74852480204
74842547071
74955918541
74852450930
74822370090
74842723112
74954229502
74872565602
74922548816
74932527182
74922338293
74852564900
74966163742
74842737214
74955916154
74965755596
74955987221
74955984463
74872550459
74955982410
74966155807
74852457146
74966150696
74966163226
74842701095
74872227711
74922535995
74932548664
74872216056
74922533054
74964151010
74958504206
74958506936
74958510096
74955992535
74955914919
74955911726
74955987454
74922532638
74872214345
74842557585
74955962300
74872216385
74842718192
74842574821
74842716285
74842701843
74842718428
74852442243
74852466784
74872563064
74822350267
74958513195
74955906465
74955934224
74955941618
74966163771
74955987640
74964137483
74922529883
74922535780
74842714373
74964161206
74842718162
74842581227
74842572062
74842558529
74842746641
74842713745
74842710999
74842716498
74842712564
74842702260
74842743368
74842718433
74842718084
74842719194
74842718547
74842716399
74842719126
74842715541
74842719439
74842749317
74922540492
74922532859
74922530999
74922541310
74922534003
74922528178
74922531521
74922534004
74922523682
74922535760
74922523949
74922535084
74922537806
74922545041
74922543742
74922545945
74964166071
74964149162
74964166051
74964152031
74964166719
74964140427
74964160517
74964152081
74964145908
74964148722
74964166219
74964152400
74964166440
74955961128
74964166369
74872227925
74872223483
74872218907
74872222350
74872216088
74872216231
74872225452
74872216364
74872216391
74872223011
74872218874
74872216368
74872222340
74872224052
74872235697
74872224076
74872211185
74872240957
74932527180
74932567862
74932563399
74872213523
74932558650
74932527010
74932564698
74932564390
74932527855
74872569727
74872567640
74872558733
74872569418
74872554741
74872556194
74872561261
74872560850
74872565534
74872565639
74872550073
74872559694
74932297571
74872343066
74872351896
74932305900
74872355714
74852486736
74852480642
74852455183
74852490324
74852449611
74852438017
74852429426
74852457882
74852457747
74852431846
74852439333
74852552526
74852551523
74852551513
74852579468
74852576256
74852553620
74852550445
74852578889
74852541980
74852550364
74955939433
74955947766
74955961921
74955947753
74955965109
74955939381
74955947762
74955963361
74955930513
74955960248
74955964618
74955938870
74955931101
74955938218
74955964020
74955947758
74955944561
74842745520
74872550479
74922555555
74922549406
74932533379
74822355331
74822332443
74822349260
74822360192
74822321522
74822329682
74822333130
74822355771
74822339093
74822386246
74822380486
74822348766
74822333188
74822383145
74822345606
74822329416
74822355002
74822370002
74822368340
74822343632
74822385838
74822368353
74822383633
74822348001
74958507534
74958510158
74958510127
74958511910
74958510923
74958508713
74958511106
74958504269
74958510882
74958501320
74958504272
74958504218
74958519924
74965749104
74965730986
74965764747
74965730862
74965759010
74965754800
74922322330
74922325583
74922332127
74922326147
74922345231
74922327385
74922322661
74922325104
74922322526
74922336047
74922323735
74955908983
74966163681
74966163774
74966163292
74966152859
74966148673
74966149999
74966158579
74966157867
74966163366
74966139664
74966139791
74966154651
74966148138
74955918111
74955919111
74955907379
74955908964
74955910731
74955908406
74955918569
74955918067
74955911782
74955998867
74955987586
74955989569
74955987405
74955987815
74955986700
74955982585
74955987875
74955985009
74955982498
74955984750
74955987700
74964166140
74872237100
74964153136
74922540398
74932528042
74955961851
74955930092
74958514349
74958508719
74966159399
74922533092
74922323979
74955909135
74966163298
74955908979
74966159600
74958512266
74922522950
74842702174
74822323743
74932532784
74955914740
74955909114
74957593398
74842724500
74852431907
74955914477
74955940435
74999068851
74872569642
74922520937
74822360271
74965758468
74999078527
74822346530
74822344911
74999068108
74922536888
74966163850
74852477936
74852431925
74922522758
74958505170
74966163249
74957584502
74852539465
74922322083
74964139423
74955985721
74922540286
74872221956
74965754282
74997320235
74955919415
74842549330
74842715546
74852554623
74872556392
74958505523
74822368610
74954697807
74872215374
74922327445
74965761725
74955995747
74822329825
74842714924
74842564781
74955932223
74954230857
74954683780
74852490340
74872230391
74842705015
74955931236
74964150858
74954699481
74999066997
74842741686
74997332438
74852453761
74842562183
74999064710
74932303692
74922325535
74852438883
74955914738
74957588621
74822357691
74965742424
74822343567
74965751084
74852443896
74842719793
74872563528
74842549963
74955935738
74822320171
74957592264
74852563914
74999075212
74999058753
74999058027
74999083268
74997320995
74957579908
74957563292
74852552394
74957569961
74957579435
74957587722
74957576283
74997319326
74997327122
74997332378
74999080334
74999078758
74954694093
74999064653
74999083629
74954228302
74954233155
74954226264
74954243375
74999080017
74954704743
74999080782
74954241350
74954675937
74999082225
74999065576
74954240176
74954231800
74954233390
74954230677
74954238662
74954245906
74954225089
74954243286
74954244343
74954666516
74999063959
74999082485
74999080194
74999056810
74999063743
74999079711
74999065527
74954669159
74954701720
74954660989
74997345011
74872239137
74872242619
74957577550
74997329248
74954660347
74997329404
74954698331
74957598726
74957598298
74957566113
74957586262
74997345605
74997349704
74997320639
74997330020
74954667401
74957590706
74954659833
74954680002
74999075214
74999081411
74954680647
74954242002
74954236000
74954234514
74957572977
74997346181
74997330694
74997325437
74957593040
74957564831
74957593380
74957564480
74997321858
74822329204
74997322514
74997347338
74997336429
74957566474
74842702167
74954223383
74997326714
74957573221
74852440239
74822350618
74822332231
74957583192
74957571104
74957595551
74957594251
74957567175
74957588956
74957592000
74822360089
74822341534
74932532564
74994582653
74954672205
74932562101
74852488506
74999058460
74955907868
74922321044
74954232631
74852442676
74822333627
74852460139
74954684626
74842714046
74965764863
74842562587
74954226122
74842578192
74922525960
74822364229
74957598766
74822345274
74922541228
74955930029
74997326127
74852450883
74822328304
74842732624
74852431924
74922340792
74964150108
74954237156
74822360942
74852439373
74966145750
74965767228
74965755577
74842580859
74822329544
74922325310
74954703792
74997320905
74822321384
74955910597
74822386231
74922328088
74965731254
74842738441
74999077408
74965732775
74966159145
74955930432
74922348585
74842583680
74966143750
74922322364
74965746866
74872560895
74822357500
74822327179
74822366232
74932527819
74922325542
74955963664
74842716325
74965767514
74822343766
74997326439
74966150552
74822388141
74822343370
74852488175
74932535115
74822368699
74932528210
74822342812
74852470977
74954674684
74822348172
74822356149
74922531461
74965747113
74852447912
74957582655
74957596404
74957565745
74852530742
74957574788
74957570992
74965757086
74958511955
74842574087
74842725244
74872227757
74852441661
74966151497
74955985067
74842574077
74842701895
74842725253
74922535670
74922533268
74922531031
74922532831
74922533567
74922547960
74964166821
74964146015
74932537263
74872556063
74852463482
74955935245
74955962080
74955949787
74955934929
74955948077
74955947695
74922545863
74822382185
74822331410
74822361714
74822370188
74822383600
74822336287
74822344777
74822332450
74958507019
74958511722
74958519740
74958519070
74922338554
74922328599
74922333650
74966163481
74966163805
74955910040
74955912714
74955909120
74955999550
74955915042
74955987084
74955982123
74955997051
74955988502
74955987356
74955987951
74955985445
74955987958
74955987899
74955985195
74966163932
74842718533
74932539204
74966142738
74842734327
74872557920
74957567468
74966160755
74966148011
74955965990
74955940224
74822322751
74872216156
74955930482
74955949715
74822320804
74955993100
74955983940
74822333544
74872214648
74822355468
74922522278
74965743195
74822333012
74922546014
74957587015
74822320996
74872232053
74964153866
74955941693
74922523708
74852447263
74964166175
74958505528
74822320904
74822364248
74822344709
74822360987
74822368366
74922543545
74922325850
74842737112
74822323617
74932551434
74965747154
74822353521
74822357904
74822382304
74822348573
74822360984
74964137910
74958506019
74932527389
74822328102
74842713250
74842701005
74957598988
74852474837
74842570358
74965730100
74852456023
74932527449
74822331518
74822369170
74842725401
74842570046
74922535827
74966160525
74922347878
74954236084
74872236622
74922332153
74999082301
74922544343
74822320396
74997337559
74932536725
74872313743
74822333001
74922340791
74965745932
74997319257
74965733803
74852570709
74965756582
74842717052
74822333140
74954691213
74922529893
74822359832
74955947970
74822334020
74872469342
74822355222
74872312925
74872230101
74872211050
74822332560
74842720381
74922532790
74822329428
74842713320
74842562689
74842705381
74955910527
74966163512
74955987058
74955995040
74955964696
74922331259
74965766377
74872566252
74955906675
74872221818
74852575916
74852553575
74966163992
74842713944
74842550494
74922542668
74922541189
74852547714
74955949798
74852550805
74955961401
74955930098
74932552087
74932526676
74842701610
74922536245
74852442760
74842713296
74922532589
74842713254
74842556826
74842576437
74955960064
74872569947
74922541264
74872223023
74922547590
74872566029
74842716328
74922544233
74822332527
74822359691
74922335606
74932562075
74966141515
74955932712
74842713324
74842547104
74922542087
74852446419
74922543208
74842702467
74842584636
74842579748
74842701132
74842718314
74842701339
74842719260
74842727556
74842701317
74842714419
74842714902
74842714959
74842734422
74842716315
74842716407
74842729580
74842718171
74842718645
74842702165
74842749589
74842713743
74922540018
74922543213
74922533563
74922530116
74922535728
74922523524
74922546074
74922536255
74922522260
74922522186
74922530871
74922533824
74922540304
74922547705
74922540109
74922545573
74922534425
74922530038
74922537079
74922530504
74922540252
74922520675
74922548807
74872224544
74872214714
74872217150
74872216432
74872216401
74872239025
74872219227
74872212353
74872225743
74872239261
74872219598
74872216044
74872216460
74872232620
74872219002
74932564084
74932552925
74932534863
74932526282
74932532942
74932566759
74932556611
74932553855
74872568694
74872554714
74872567619
74872556588
74872555408
74872550326
74872566350
74872552677
74872555231
74872569356
74872560861
74872559583
74852484973
74852463827
74852476308
74852431923
74852432105
74852480739
74852451005
74852450785
74852452916
74852458297
74852490226
74852456047
74852437646
74852432351
74852487944
74852557397
74852578009
74852571159
74852568978
74852576107
74852574664
74852566762
74852547787
74852552854
74852562151
74955934978
74955930342
74955949941
74955932266
74955949978
74955932741
74955933318
74955942124
74955931532
74955934772
74955941631
74955933311
74955947754
74955946716
74955942023
74955938245
74955930069
74955941673
74955963110
74872216392
74932527539
74822350417
74822360337
74822366230
74822343702
74822368379
74822369100
74822368358
74822329507
74822323873
74822333505
74822346014
74822322878
74822346563
74822320432
74958504285
74965736588
74965736869
74965755833
74965746069
74922324739
74922326245
74922323233
74922330590
74922343752
74922326984
74922323507
74922331919
74922326584
74922326515
74922331689
74922330499
74922344102
74922323983
74922343827
74966141588
74966142771
74966151080
74966140785
74966163884
74966163201
74966163442
74966163214
74966163527
74966163015
74966141384
74966163744
74966146026
74966142577
74966159301
74966147056
74966149367
74966163787
74966140526
74966141246
74966163495
74966163445
74966163786
74955912837
74966163520
74966148229
74966163596
74966163963
74966163347
74966163677
74955911137
74955913288
74955907297
74955911402
74955910490
74955907663
74955919556
74955917452
74955911157
74955996882
74955919547
74955993043
74955910578
74955987504
74955990184
74955993565
74955987371
74955985144
74955991903
74955983539
74955988799
74955992565
74955991203
74955982603
74955982071
74955985466
74955983688
74955987115
74955985423
74955987193
74955985446
74955989399
74955982299
74842719489
74872223444
74842737396
74922525938
74872565763
74958510128
74872324974
74872306323
74872307117
74872306178
74872323351
74872304435
74872322786
74872325075
74872306188
74872314997
74872317718
74872306696
74872316294
74872322335
74872325037
74872322747
74872322308
74872309119
74872313288
74872318030
74872322545
74872304507
74872316420
74872311819
74872321136
74872320831
74872325483
74872304749
74872323426
74872312292
74872323299
74872316216
74872320913
74872323840
74872314598
74872322803
74872304570
74872311902
74872313065
74872323170
74872321741
74872323968
74872323741
74872478788
74872469582
74872469324
74872470966
74872473126
74872501281
74872489020
74872470298
74872478898
74872486873
74872486328
74872469942
74872485132
74872469419
74955757837
74955761093
74955770535
74955768577
74955762640
74955774376
74955761543
74955765161
74966129035
74955762574
74955757262
74955770153
74955759209
74955758388
74955761069
74955770175
74955771809
74955768438
74955771966
74955761222
74966125549
74966128746
74966120445
74966128616
74966121251
74966133272
74966125327
74966129013
74966125740
74966125663
74966121344
74966131028
74872770581
74966124741
74966125816
74966127695
74966131041
74966122122
74966125892
74872773178
74872770342
74966120752
74872773519
74872770104
74872771588
74872771025
74872775362
74872775064
74872775254
74872774196
74872770271
74872771868
74872770216
74872773406
74872773335
74872777438
74872773411
74872778912
74872773416
74872770556
74872770380
74872770553
74872778101
74872773170
74872771044
74872774918
74872770368
74872770145
74872770119
74872773002
74872770467
74872774931
74872770631
74872773004
74872770640
74872777401
74872773306
74872773304
74872773025
74872770347
74872771513
74872774650
74872770124
74872771028
74872773441
74872770274
74872773086
74872774993
74872775170
74872773701
74872773365
74872770527
74872770099
74872770407
74872778518
74872777488
74912412347
74912414432
74912416833
74912414284
74912418192
74912415441
74912413449
74912415976
74912412472
74912413552
74912417863
74912415212
74912416501
74912416418
74912414767
74876320730
74876324215
74876327230
74876323608
74876326669
74876326219
74876324878
74876324811
74876320071
74876323174
74876324274
74876322739
74876324873
74876323375
74876320421
74876326047
74876327573
74876326275
74876327206
74876327161
74876324342
74922420801
74876327155
74922425204
74922420568
74922423354
74922425083
74922420405
74922424755
74922422810
74922426671
74922426433
74922422180
74922425082
74922422647
74922423367
74922425074
74922423160
74922420898
74922426003
74922421387
74922424348
74922420575
74922422289
74922422291
74922420257
74922426128
74922426266
74932528004
74872770071
74872776484
74922421078
74922425027
74922425092
74922425047
74922426254
74843944744
74843931405
74955775328
74923221094
74923221725
74923222206
74872556646
74872559803
74955544160
74955549022
74872557271
74966123605
74955550200
74955561366
74955550887
74955562525
74872552590
74872555397
74872553248
74872550553
74872562534
74872567943
74872564795
74872560796
74872558952
74872550140
74872555931
74872568837
74872569401
74872560262
74872561533
74872559850
74872565852
74872557652
74872560916
74872567890
74872569451
74872555111
74872560992
74872562595
74872568634
74872559018
74872569662
74872563796
74872554835
74872550276
74872555075
74872561440
74872569756
74872557335
74872558607
74872560138
74872561294
74872561429
74872555092
74872556602
74872558933
74872550022
74872555752
74872569416
74872552809
74872556995
74872568067
74872568815
74966123463
74966133389
74966123149
74966129697
74966129943
74872565033
74872565273
74872565027
74872568320
74872563598
74966125700
74966130529
74966127216
74966120271
74966124665
74966121896
74966133553
74966125681
74966132585
74955540400
74966121515
74955555254
74955560365
74922384764
74955540066
74955541279
74955541357
74955541358
74955540040
74955556433
74955560195
74955542066
74955546108
74955546422
74955545545
74955552463
74955545502
74955544243
74955552522
74955545331
74955561305
74955555422
74955547366
74955556094
74955550005
74955555085
74955553448
74955548598
74955550645
74955540468
74955549487
74955544331
74955542446
74955560771
74955560705
74955555135
74955540033
74955544285
74955558011
74955542234
74955560701
74955547250
74955561062
74955553927
74955561043
74955552418
74955561034
74955550109
74955550111
74955547085
74955550398
74955540396
74955557377
74955540100
74955562278
74955544879
74955562348
74955560126
74955547518
74966131122
74872555495
74872564603
74922383086
74922381640
74922381654
74922380038
74922383035
74922380250
74922381513
74922383096
74922383917
74922380580
74922380882
74922386935
74912412317
74912413625
74912415411
74912416354
74912410426
74912418710
74912412392
74912411265
74912410453
74912415312
74912416039
74912416241
74912416500
74912417410
74912413361
74912415081
74912414636
74912415403
74922325378
74922340172
74922323017
74922323125
74922334800
74922330143
74922331907
74922334398
74922315328
74922317635
74922336151
74922340793
74922329159
74922342255
74922325709
74922326542
74922349483
74922323591
74922327826
74922321020
74922325667
74922311398
74922322981
74922324012
74922349608
74922323131
74875345409
74875343195
74875344016
74875343346
74875345482
74875345502
74875345374
74875343454
74875342033
74875340281
74875341505
74875341326
74875343170
74875341051
74875342257
74875343434
74875342142
74875344400
74875345202
74875345435
74875345350
74875345299
74875341777
74874160117
74874161672
74875343548
74874160147
74874161893
74874167698
74874161642
74874161401
74874163965
74874157766
74874159609
74874163139
74874161978
74874163742
74874165012
74874166401
74874165557
74874160825
74874166060
74874167241
74874161449
74874161068
74874162362
74874167968
74874160577
74875321950
74875323010
74875325267
74875321778
74875325336
74875321111
74875324575
74875321703
74875324828
74875321742
74924424661
74924420040
74875324005
74924428119
74875321726
74924431139
74924431558
74924421448
74924420421
74924438034
74924432052
74924424394
74924424402
74924430976
74924423307
74924439823
74924420537
74924438413
74924422776
74924439813
74924420542
74924420641
74924430204
74924420397
74924424868
74924420138
74924425046
74924424151
74924431505
74924425123
74924420363
74924420227
74924423996
74924422073
74924424917
74924421158
74924424668
74924439807
74924422025
74924423665
74924438292
74924426757
74924420108
74924431060
74924438235
74924423434
74924426609
74924431346
74924422580
74924428515
74924438007
74924438378
74924422394
74924425557
74924423333
74924420473
74924439819
74924431571
74924423097
74924428022
74924438016
74924420660
74924424225
74924428595
74924424558
74822431401
74924424949
74822431608
74822431113
74822420126
74822433423
74822421122
74822431531
74822424129
74822430653
74822421261
74822430047
74822429603
74822434513
74822432046
74822426314
74822420020
74822429874
74822422259
74822422781
74822430828
74822422239
74822433040
74822424168
74822420884
74822433623
74842276902
74842277397
74842277680
74842278382
74842270175
74842276871
74842278278
74842279895
74842278407
74842277284
74842278239
74842277833
74842277703
74842277572
74842277651
74822424249
74842273033
74842271357
74842273273
74842271525
74842277338
74842277444
74842277459
74842278327
74842279801
74842279294
74842278700
74842278115
74842278364
74842271272
74842271450
74842279282
74842278102
74842270970
74842278599
74842276516
74842278256
74842279738
74842278142
74923221650
74842278710
74842277235
74842279149
74842279823
74842277725
74842277750
74842277408
74842272222
74842273294
74842272700
74842277239
74842277339
74842278482
74842276913
74842276648
74842277617
74842278096
74923221436
74842277754
74842277735
74923221188
74842276683
74923222511
74923221766
74842278624
74842271274
74842279743
74842277262
74842277574
74842277389
74842277433
74842277022
74842277597
74923222025
74923224321
74923223675
74923221028
74923222248
74923221113
74923224992
74923221373
74923221174
74923222252
74923222961
74923222631
74923224766
74923222215
74923221835
74923222751
74923221270
74923225341
74923224887
74923225484
74923224245
74923221882
74923223529
74923225419
74923220919
74923224667
74923221872
74923225343
74923225350
74923221959
74923221346
74842277593
74923221403
74923222030
74923222868
74923225411
74923224422
74923222026
74922329008
74822420142
74875345333
74872569746
74923222465
74912412441
74966124282
74924424776
74924431337
74923225474
74922322608
74922327817
74955549484
74966125503
74875345052
74922323012
74875344333
74922386829
74872565557
74923221215
74922327286
74966135343
74922320246
74842271549
74923224749
74924421708
74874166030
74955544143
74872565707
74872560422
74874160110
74922382349
74923221823
74922337786
74842270198
74922320780
74966122082
74842277685
74922386773
74922322891
74822422558
74922322322
74966121979
74922329685
74923221635
74923224536
74922347053
74923221998
74822422408
74872569766
74875343357
74922385105
74923224644
74922386721
74875324265
74955544466
74875344930
74922384430
74822432936
74872550360
74872566958
74922339682
74923225328
74874164621
74822422715
74872560431
74842278538
74842278532
74924438522
74912413150
74924431001
74922348106
74924422535
74922383612
74922386703
74912414020
74874161613
74872565256
74874167565
74875343204
74872559161
74955559316
74874162979
74922383093
74822421972
74875340075
74874163565
74922325669
74924421526
74822430242
74955554400
74872551454
74924424523
74822424825
74922348431
74872559630
74924420659
74924429927
74955561094
74924425378
74922325005
74924423128
74924420301
74955540187
74924420747
74955559670
74924426259
74872561448
74955562751
74924420581
74924430028
74955561051
74922323048
74822427980
74955541436
74955542590
74955543564
74955561371
74955556045
74955548145
74955562920
74955544487
74922331071
74922322769
74922317543
74922314182
74922323044
74922325487
74922320631
74922332233
74922338545
74922332774
74922328073
74922349559
74922346639
74922319508
74922339192
74922313363
74874167624
74874167962
74874158923
74874160775
74874165751
74874162245
74874162819
74874165293
74874160373
74874161859
74924439852
74924438048
74924420576
74924420744
74924438133
74924430145
74924426646
74924425234
74924420616
74924431270
74924421678
74924428845
74924423270
74924424310
74924438297
74924420427
74822431488
74924426955
74924438301
74924428401
74924422402
74924431286
74924426658
74924425772
74874160714
74822430262
74822433816
74822422133
74822429498
74822428671
74822423546
74924424398
74922325597
74922324695
74822422813
74922344998
74822432509
74955553355
74922326400
74922347409
74822426206
74922325116
74924421440
74874158932
74924420611
74922338643
74922328012
74924424340
74922341787
74922320496
74922318137
74922321661
74922323029
74922335227
74922310660
74922334116
74922323989
74922315716
74922324456
74922313123
74922315551
74922320306
74922327040
74922340011
74922334972
74922346301
74922325653
74922327438
74922341382
74922334105
74922324858
74922333305
74922338627
74922329863
74922327624
74922310102
74922321544
74922338290
74922319010
74922348525
74922336773
74922318726
74922335140
74922322472
74922324191
74922310470
74922334798
74922326565
74922313387
74922327396
74922321917
74922315353
74922330513
74922313827
74874160517
74874160364
74874159498
74874162312
74874161426
74874162347
74874162909
74874165542
74922319167
74874163177
74874166746
74922324470
74874161417
74922326009
74922323679
74922321525
74922322585
74922323391
74922324513
74922326200
74922322777
74922323795
74822368768
74822349463
74953887378
74912362122
74842525573
74912764650
74912255441
74953373620
74953281648
74842228587
74842560863
74987776512
74964179325
74953282769
74874164024
74953354889
74953295026
74953868300
74955169171
74955033510
74912330469
74922407029
74953363726
74822453723
74953882170
74912335496
74912250024
74922402162
74953303191
74987776798
74872502921
74842228455
74872366469
74953290235
74842229235
74842228655
74912255535
74852572490
74953303659
74872317708
74922530893
74852450215
74842228621
74953305198
74842719092
74953359979
74955152537
74953884414
74842228861
74842567849
74822524282
74922331908
74872320435
74852451024
74842229034
74953880018
74842220348
74912760646
74953352633
74842224563
74822523474
74953819494
74842223627
74842517360
74822360993
74842226123
74852442654
74842228805
74955168263
74953488068
74872492521
74852477220
74953290021
74953349257
74953814553
74953355384
74953488066
74953870166
74953873962
74953869891
74953818994
74953879385
74953287087
74953371789
74953826048
74953287263
74953288035
74953289379
74953292902
74912350123
74953308801
74953288640
74953299529
74872312661
74953309338
74953307994
74953302817
74953870822
74953301302
74953496800
74953347069
74872306874
74953365811
74953350993
74953373932
74953505411
74953359922
74953347060
74953499779
74953354237
74953863703
74953861909
74953490413
74953861645
74953820566
74953873125
74822321392
74842719396
74953879683
74822450100
74953828388
74953879839
74953814927
74912368470
74842735856
74953810727
74953827274
74872469850
74874164999
74912254696
74953363949
74822346263
74842229203
74852453562
74842574745
74953347808
74852532701
74965753018
74842715098
74964173749
74872323138
74852455705
74842554180
74822342444
74912256489
74987775565
74842577486
74872304866
74872323876
74872313355
74922335405
74822347612
74822370207
74822342920
74822448542
74842548540
74912326888
74965747309
74955158075
74822344629
74842552501
74987777122
74912760458
74957575670
74997344883
74953303347
74872368459
74852564018
74912339931
74822514285
74842228668
74872498322
74852454677
74922327281
74852558555
74822341208
74822358780
74954245990
74852429396
74965745749
74872306528
74842228870
74912372385
74842228932
74842713326
74922412722
74922402024
74922407109
74922401189
74912767088
74922404520
74912331111
74955167313
74912762319
74922410092
74955150157
74842550441
74852572768
74842724994
74842228480
74953305610
74822334901
74954230709
74822348474
74922322429
74922331816
74872313346
74872305419
74872320552
74872320571
74872320931
74997350068
74842576317
74842571661
74955036849
74922324068
74822510776
74842543934
74953356233
74953820116
74953863298
74955705208
74955728602
74955723318
74912345433
74953814614
74842228720
74842222913
74842229286
74842229112
74842228531
74987776567
74987775443
74987776278
74912367375
74852553095
74932527144
74842229289
74852459278
74872483603
74954243220
74987775820
74872490088
74872462982
74953364280
74822524040
74872308926
74954709068
74997322533
74872364620
74852458606
74872473918
74822358433
74842220190
74842224018
74922322290
74872315176
74872308040
74822342734
74822515736
74987776692
74987776135
74922320258
74987775076
74822333293
74987776040
74964184139
74822329285
74953305717
74842525371
74842222111
74822321941
74872370377
74842715769
74872443300
74912261798
74822449131
74912769964
74822320931
74953864944
74955710547
74822346178
74965757217
74822521741
74842576560
74872457697
74987777714
74872468294
74842747066
74842571241
74872321106
74912752280
74954659103
74842544505
74912352270
74922407155
74955712831
74987775749
74822359966
74955160617
74822342936
74852457678
74922407142
74852551562
74965745018
74987775896
74987776702
74987775683
74987775423
74922402333
74987775802
74987776419
74987775467
74912350537
74842575231
74842521440
74842716481
74842725862
74842563569
74822525835
74822536095
74822533084
74822521476
74822532392
74822520243
74872464176
74872464797
74822452762
74872361385
74912254211
74912259296
74912254149
74842226325
74912265251
74912263727
74842228454
74842229122
74842229098
74842224442
74842228610
74842229326
74842228461
74955713910
74994578019
74842226085
74842229232
74987776731
74842549795
74955158077
74822321731
74987777484
74955710630
74955704159
74872325227
74872323137
74955154002
74842571052
74872367883
74842569224
74922404340
74872486707
74922320557
74842229124
74872497511
74822448640
74872324467
74987777692
74994577290
74872361003
74842558760
74842581004
74912335271
74842524908
74842228844
74953488070
74955740500
74822446164
74852431689
74987776856
74872456017
74912264746
74822525570
74822527257
74852472511
74987775387
74822534858
74822521402
74852448372
74872471849
74842221050
74872479548
74842540749
74842577261
74912256700
74987777708
74822320643
74852458738
74955740822
74852437339
74987776194
74842562614
74842229288
74842228412
74842229104
74842228682
74842229013
74987775382
74822442574
74912254591
74842228653
74842226323
74872464279
74922406163
74922411311
74955157984
74964172548
74955169001
74922402580
74872443560
74842225850
74842715691
74842228761
74822523998
74912360644
74822453633
74987777245
74872306331
74872307589
74955728102
74932240161
74922325347
74874161279
74932527167
74912340403
74872321825
74874167012
74852435718
74852450118
74852563652
74872320651
74842229005
74912252051
74842221953
74842228895
74953873082
74953296677
74953353903
74953825046
74953819579
74953360577
74953874394
74953298659
74852553474
74842227730
74842719739
74912256725
74842586223
74852557417
74953293873
74922402678
74822452920
74954231553
74852441416
74842531887
74822366296
74922322648
74822452451
74852453685
74842719182
74822341826
74872312120
74842711000
74842226649
74922338288
74922330304
74842225054
74955711778
74987775370
74953812970
74953821396
74955727370
74955168543
74872469626
74957570926
74842226205
74822344324
74954227093
74822328161
74872456124
74965744626
74874163904
74953298689
74842220770
74953305077
74912256272
74912329599
74872456373
74842713299
74852454526
74822522372
74954661581
74997331453
74955722288
74965739233
74842228800
74955158799
74912751735
74842228680
74822440508
74912768757
74912758563
74912762015
74922402526
74922407803
74922404325
74852432248
74852568821
74822360970
74852451072
74912769262
74955159772
74955150891
74955152032
74955159511
74922408375
74874159612
74842719139
74872322485
74852442897
74842726033
74842700303
74852531047
74842567800
74842723660
74842715926
74852554226
74822368953
74922313502
74922324812
74872318875
74872306386
74872323550
74872306529
74872324089
74872489036
74842551250
74955715128
74964181526
74842226032
74842229237
74842229355
74842229197
74842221777
74842229177
74987775789
74987775875
74987776207
74822514366
74822532633
74822510488
74822521364
74822533304
74872464431
74822441575
74822441272
74872368238
74912255322
74912259172
74912259909
74912256153
74912258089
74912252239
74912252581
74842220330
74842229011
74842228631
74842220780
74842228804
74842228706
74953361017
74912256457
74872310903
74842549029
74842590837
74842225906
74822447769
74955711193
74997348516
74822520155
74953357633
74872323392
74822443431
74953878104
74953886750
74842550188
74842228629
74912763209
74852565547
74822324313
74953301245
74953818057
74953308883
74852575798
74912759577
74953371365
74953350851
74953863601
74953881986
74953871517
74852465051
74842224131
74842701554
74842714212
74842562788
74842515593
74874162662
74822333037
74822322441
74872468814
74872307223
74965739806
74822368625
74822386322
74822355776
74822368623
74965763758
74874161923
74874159922
74842716409
74842525273
74822355526
74842591775
74852437660
74842565171
74822332961
74842224448
74965737709
74965765261
74922322983
74922331374
74842733421
74842716252
74922335995
74932528982
74872325203
74872320553
74872314006
74912330452
74872303501
74872318017
74872323863
74872320843
74872306805
74957582172
74954660597
74954684442
74997324546
74997344650
74912370020
74954231327
74954703327
74954695384
74997337068
74997350420
74912327936
74987776051
74955727104
74953297071
74953348053
74912767129
74922401552
74922404798
74922401273
74922404389
74922400572
74922402699
74842509155
74852541639
74955157959
74955151328
74842719449
74912764655
74912754373
74842229345
74872322599
74872320926
74822321364
74842714053
74932527141
74912766849
74922414224
74912752320
74912764394
74922401822
74922408429
74922404983
74922406883
74922401221
74922402836
74874163124
74953870607
74842725029
74953827969
74953370002
74922404609
74874165375
74874164943
74953874334
74953867507
74874160035
74953375460
74953880748
74874160509
74874160962
74874166398
74953284231
74953861805
74874167931
74874163987
74874157245
74872484932
74953836426
74953305874
74957569733
74842220833
74842579053
74953367056
74872304804
74912255727
74872456751
74953348480
74822353955
74842557529
74922318824
74912768436
74842713417
74912252524
74955158397
74872318851
74953362968
74842228543
74852459407
74987775768
74872471130
74872454525
74955156062
74842554053
74852436371
74822440694
74822329276
74953879784
74987776915
74852575787
74872368693
74953286454
74852438020
74912341363
74954241832
74953812273
74822347182
74872456479
74822510925
74852450185
74822364073
74953826131
74957570574
74964180640
74822441540
74987776536
74953304393
74953828341
74987776769
74852490382
74842533912
74953814244
74912341722
74912763051
74842529510
74922325541
74987777121
74822452147
74822368407
74964185269
74842560414
74954706288
74842221122
74842228815
74842542532
74987777346
74822344638
74872456149
74874167837
74872310568
74953356703
74953880277
74953301736
74953303096
74953283155
74953298124
74953285339
74953307783
74953305070
74953359522
74953862104
74953880808
74953357548
74953867614
74953819500
74953826514
74953829595
74872468809
74922324533
74912332206
74912356240
74955152631
74955151037
74955153373
74955154455
74912764343
74822353240
74822333612
74965760969
74852474772
74842720552
74842549284
74842567310
74842539418
74842563445
74842702800
74842701535
74872491714
74822329818
74932526195
74852540415
74842728178
74932528188
74932564214
74965733466
74822353328
74932527801
74852481457
74842719276
74842705308
74842559308
74842725889
74842713247
74852487136
74852440321
74852463266
74932553251
74852578853
74822333318
74822385830
74822331702
74822368512
74822355457
74822341048
74922333150
74872313671
74872321265
74872317374
74872321816
74872317831
74872479766
74872482080
74872476350
74872484959
74872486774
74842579346
74955722308
74955711178
74955723872
74955731638
74955740829
74955730107
74955707227
74955719837
74964178302
74964172698
74964174154
74964182673
74842224630
74842228606
74842229003
74842228532
74842225937
74842228406
74842220575
74842228797
74842224855
74842220517
74842229168
74842228462
74842222029
74842220181
74842228816
74842220908
74987775591
74987777210
74987775445
74987777213
74987776640
74987776661
74987776217
74987776546
74987776580
74987775469
74987775354
74987776348
74842533051
74842544478
74822522992
74822520088
74822510984
74822514487
74822514822
74822510826
74822521764
74872456259
74872459794
74822452178
74872464790
74872456995
74872456392
74822458306
74822453942
74822452590
74822443045
74822449362
74822452939
74822450046
74822445086
74822453959
74822452386
74822453767
74822444482
74822452631
74822450231
74822444277
74822444329
74822449043
74822453685
74822458001
74872370960
74872363727
74872363320
74872363816
74872377200
74872364215
74872371028
74912252145
74912253912
74912254111
74912253557
74912259695
74912253414
74912256678
74912265279
74912253830
74912265246
74912254001
74912265109
74912259025
74912251073
74912252697
74842226713
74842226552
74842228772
74842225679
74842228900
74842228522
74842220300
74842229240
74842228593
74842221475
74842226789
74842229175
74842225667
74842222026
74842228536
74842228527
74842228457
74842229192
74842228693
74842220609
74842229272
74842228979
74955711487
74912764408
74842543845
74822342633
74822520056
74922402523
74955160311
74954675058
74842531997
74872307435
74955714270
74822445505
74872473333
74872324472
74842531678
74872321249
74932568420
74822380247
74954708003
74852559584
74872481505
74955740814
74953812952
74872502623
74842568260
74872492692
74922402056
74822453656
74822355041
74872303100
74822452628
74912265277
74953288160
74987775189
74872486134
74842228388
74957590026
74964172666
74852484935
74822356844
74842719007
74987777764
74922332583
74842533052
74822444096
74872320911
74842539796
74954678779
74872323970
74822356123
74842554455
74872464067
74953301814
74842718475
74955741496
74822332960
74842576717
74953833612
74953869259
74872456463
74842225800
74955161415
74955162616
74842726214
74872367176
74842225020
74997319906
74922329813
74987775528
74842572586
74822343934
74842220939
74842229154
74842546878
74822322332
74953810536
74955154789
74822523089
74822452218
74872364898
74987775480
74965750231
74872307817
74822520129
74822332953
74953832636
74912264212
74964173943
74964188289
74822343367
74953869855
74842226190
74822452321
74842224639
74822520119
74842229219
74957585665
74852436349
74872304891
74852432245
74822344627
74842225227
74987776181
74932555472
74822389019
74912351312
74872464939
74954231638
74997326553
74822532337
74852445603
74987775944
74912255755
74822441456
74842552039
74852465428
74954244852
74987775969
74852439489
74842731207
74954697648
74912256968
74874165972
74922327740
74822520555
74842578539
74842515675
74822520823
74822521491
74842562722
74997324528
74953374686
74912768630
74872509545
74842574023
74872495005
74955154307
74842573526
74842534754
74842590000
74912756777
74822440536
74987776168
74842228985
74822332454
74842563425
74842570175
74842570191
74822348679
74955725617
74822359355
74922412223
74955735555
74822333073
74955166497
74965750500
74912261106
74953354842
74842701954
74842220480
74822320266
74842221896
74852537318
74842220571
74842222401
74842719325
74953864731
74953872970
74953869421
74953867209
74997339255
74997349460
74842719676
74822364273
74955721015
74872312980
74953827998
74953286682
74822347375
74987777419
74953285429
74953367611
74953308579
74912761544
74922408442
74997320581
74872363460
74842573113
74872315990
74912324530
74922322959
74922401522
74922411426
74842228695
74912761415
74922402090
74955159456
74912768908
74842746756
74932539268
74932527232
74932551324
74852551863
74922323997
74922327563
74987775615
74842543738
74822536215
74872463955
74872451137
74822452613
74872360217
74842228877
74842228533
74842229045
74912265068
74842228489
74842701905
74822516055
74922404343
74953884626
74842563279
74953294090
74987775547
74922329166
74842221619
74842226426
74852479129
74842575754
74822532557
74822334157
74822452966
74822329820
74872303075
74872311034
74872458694
74842576402
74872304867
74872484511
74872476225
74842717078
74822380257
74842529511
74852442579
74912333018
74922323757
74987776110
74872456571
74872478370
74822510712
74842547994
74922332143
74872462626
74922336663
74987777176
74953289353
74922321402
74822364079
74842229332
74842578468
74872362780
74822444324
74842583316
74842701908
74922322437
74912366492
74874167873
74912263552
74842579145
74932568990
74872476440
74872362920
74872456750
74954672392
74987777050
74872360899
74822336563
74842546453
74842565092
74872377459
74912763564
74922338623
74852447907
74852538843
74872462380
74822524386
74842719463
74822521344
74922404913
74955727192
74842228838
74822358045
74955713039
74922323429
74965761541
74822333151
74912257196
74842228421
74872367237
74852435519
74932527703
74842716295
74932561204
74842705331
74912337533
74822322921
74842717074
74965744727
74965754324
74872304934
74922404929
74922404772
74922408235
74955169261
74842578495
74912766678
74872487561
74955169434
74955163444
74965733012
74932539929
74932563691
74852578170
74922337143
74922323800
74872302333
74872308283
74872313159
74872321444
74872323236
74872472622
74842228707
74842227058
74842228645
74842228544
74842229292
74842226850
74842228664
74842226640
74987777727
74987777255
74987777281
74822510773
74822532772
74822526267
74872464124
74822452626
74822452788
74822453984
74822453667
74822453807
74822446278
74822444561
74822452827
74872365631
74872373876
74912254680
74912259877
74912252813
74912253193
74912252484
74912250070
74912252279
74912252113
74912254931
74912258646
74842229054
74842221555
74842228458
74842229004
74842228460
74842220781
74852574860
74842228955
74822333164
74872323608
74965763986
74957575400
74957565457
74987777647
74957570117
74957585982
74852569814
74955708144
74957591287
74964187290
74842575566
74822453870
74912362725
74957584111
74957584063
74957580508
74842228427
74872473857
74922404955
74872456514
74822385117
74842563761
74872362309
74842228833
74872310415
74872309967
74852531123
74842220928
74842228905
74912253109
74953818348
74955712233
74872316061
74842701931
74922404735
74912259490
74842718164
74997324511
74957589147
74822353964
74987776481
74822532203
74872324651
74822514020
74842560866
74872323202
74842225915
74955150330
74852551546
74842555595
74872456915
74842578789
74997322615
74912340401
74957563613
74822528314
74842228901
74954525973
74842733598
74822323237
74987776884
74954231211
74954223800
74872501004
74987777731
74822348832
74872456416
74822445413
74822359658
74987776674
74954685434
74872306361
74922334097
74922408479
74842718585
74842713644
74842227749
74872464960
74954244635
74954243838
74954690031
74932527142
74842718653
74955152564
74954705616
74954686077
74954704496
74997318659
74997341006
74997329649
74954542513
74957570702
74957567801
74822364019
74872321022
74957595581
74997348588
74954244661
74872316226
74876324708
74872306132
74965769051
74955941629
74957572377
74965747118
74872321075
74955917544
74872773497
74966123023
74966128158
74872469490
74955930571
74822371400
74966163709
74872230217
74966123350
74954694762
74922540501
74955916984
74997322430
74955906940
74955934273
74922332155
74922522230
74872321184
74842718141
74966157807
74852439798
74872480460
74922530558
74957572954
74955938248
74822346171
74842731405
74872314740
74872301829
74957576082
74872485044
74955908988
74852473184
74912415517
74922324620
74852486400
74872770095
74955768049
74872316123
74922422594
74852488182
74965755333
74966122826
74872310384
74842574383
74852440306
74955960178
74822348315
74872309387
74954695364
74966135268
74965755610
74954224706
74842719004
74872773227
74842554031
74966132065
74872323421
74912411069
74922323561
74965733609
74966134052
74922344818
74922535603
74965769908
74842719724
74852482891
74842720888
74822341838
74922339224
74966151955
74842719231
74872505084
74966154452
74966125570
74922545622
74955776164
74955769654
74842702446
74872307644
74954234693
74872505182
74876324378
74922522141
74872505369
74965733374
74966150888
74822341622
74872324734
74872773512
74932527544
74965742787
74822332501
74842535142
74872486493
74852404493
74965742259
74842705367
74997339640
74965744042
74822321312
74842575640
74872216270
74955963017
74822343977
74842718178
74912413329
74922323450
74822360435
74822353564
74965746631
74955932738
74852487388
74872469856
74965742012
74872492351
74852450979
74966122856
74965763649
74876323600
74872468810
74852443161
74852544073
74922529563
74966154353
74872303412
74872223802
74955762500
74922347075
74872313148
74932533020
74842747384
74872773175
74922332313
74822356268
74954675592
74966163318
74954690006
74842723022
74872304803
74912416150
74842713704
74842725891
74953866884
74842713378
74997323301
74852553433
74872238950
74922542941
74872217329
74872216302
74872219576
74932551133
74922540352
74822364231
74966163727
74842708252
74953308167
74955949722
74953351477
74922310502
74822332529
74922324643
74932527615
74842511717
74842554608
74955963383
74842726714
74852541904
74842719019
74842715747
74842719755
74922535070
74922525830
74922534413
74922534256
74922547283
74932545823
74852555362
74955941606
74955943023
74955932014
74955947696
74955943710
74955934487
74955962250
74955931006
74955930196
74822347367
74822353706
74822356312
74822370004
74822364200
74822321894
74965746906
74965743214
74922326261
74966163437
74966163814
74852451109
74922534055
74932542090
74872313903
74872316570
74872316279
74872306011
74872323253
74872320522
74955764975
74955775311
74955772201
74955767001
74955763400
74955759426
74955768835
74966121064
74955765938
74966134271
74966122594
74966127272
74966128476
74872778211
74872774997
74872773113
74872770185
74872773419
74872773090
74872770207
74872774988
74872777617
74872773518
74872773077
74872774996
74872773325
74872773308
74872770251
74872773517
74912418275
74912415896
74912410114
74912414756
74912417253
74876320130
74876323745
74876323283
74872318511
74922420546
74876327696
74876323289
74953347802
74953297957
74953281533
74953302478
74922542314
74922549537
74953877811
74953349196
74953369791
74842713757
74922531337
74842733661
74953885942
74966121008
74953814956
74955765166
74932552691
74852435036
74852438701
74852458942
74922326782
74822386080
74852432031
74955960762
74922324537
74872301915
74922532620
74922321334
74955935703
74872488592
74955961697
74922338670
74953887425
74872312407
74842704373
74955758960
74953884518
74872217439
74953836269
74955776369
74922311471
74872223371
74912413016
74965760371
74872304024
74955962092
74953303935
74872770103
74822329451
74872770217
74922527203
74872311064
74932520691
74966129437
74932548425
74955770005
74872480226
74922327287
74872230772
74822327905
74822368232
74842719896
74953860292
74932539540
74966129085
74822328271
74966127811
74872324801
74955931925
74953361111
74872306200
74842515716
74966160030
74822321727
74872322245
74966151674
74872319123
74842522702
74955933287
74822345121
74852571056
74966163316
74966163367
74872308846
74852429237
74872318544
74922325538
74953347114
74872313771
74922330026
74965770065
74872325202
74965746449
74957585669
74953283496
74852454210
74953361517
74953375845
74872232011
74922527215
74953348341
74872311455
74953347159
74955965599
74966147257
74872306112
74922533089
74822358333
74966128650
74922328289
74953815902
74852453661
74852485978
74953283076
74852570002
74822339801
74953363565
74872319680
74966154654
74953308708
74872320819
74822383720
74966131353
74822388551
74953372402
74822331202
74872478516
74872473149
74955767355
74922535772
74922531779
74932527784
74965742365
74822342383
74872224113
74872324800
74872497765
74966129612
74966133156
74966123942
74872771026
74966133112
74872773468
74876323647
74876324987
74953350870
74852439653
74876326349
74876327007
74953355551
74842716465
74953296080
74957576238
74922344235
74994572129
74922530174
74966133032
74822329352
74842713736
74966163020
74953864025
74955764221
74965746735
74955945453
74842703930
74922529939
74872217689
74822360279
74955932523
74872321635
74822332913
74852437439
74872303663
74852569131
74822342953
74822342652
74955763987
74955764088
74842532230
74852431908
74852558962
74842548153
74822333038
74922532707
74953349946
74842577810
74965763048
74822322376
74922322531
74842542757
74932528672
74842702170
74955934495
74822354112
74852428328
74852472877
74822359957
74852553244
74822321441
74932565926
74922545846
74872216038
74872227352
74966163576
74842546388
74842714106
74842535678
74842747032
74842542202
74842746469
74842702054
74842725628
74842740070
74922520518
74922547833
74842705471
74922545541
74922533919
74922520480
74922530415
74932527574
74932527459
74932528682
74932562226
74932564380
74932535716
74932526295
74842749344
74842719558
74842718597
74842743671
74842714580
74842701073
74842716276
74842701510
74852443357
74922537299
74922538991
74872214550
74922533972
74872233525
74922533256
74872216046
74872215945
74872231602
74872222544
74922520931
74872216080
74932537205
74955949737
74966163564
74965733143
74822364046
74932561221
74852441689
74932532493
74842512295
74842715734
74842705517
74842701074
74842722974
74922542657
74922535501
74922535384
74922532289
74872230052
74872242728
74872212604
74872221574
74872230498
74872211421
74872223255
74872218881
74872217557
74872212206
74872242840
74932527856
74872219749
74872216034
74932565510
74932553450
74932542088
74922520460
74932527183
74852457090
74922331528
74922540103
74822344117
74852459437
74932526808
74852450577
74955932805
74966155424
74966157231
74966155120
74966155646
74852447274
74852453655
74842578238
74872216390
74966163106
74966163583
74966163253
74922546220
74852552864
74842570775
74842542681
74842579044
74822370071
74965750918
74822364244
74922540287
74922325458
74842574675
74852458711
74842554487
74842554819
74842576060
74822330405
74842713729
74842701918
74842749696
74842718150
74842719764
74842718532
74842702330
74922552370
74922522149
74842701099
74922522280
74922531785
74922522225
74842732607
74922546522
74872212389
74872225402
74872223406
74932563371
74932530418
74932526323
74932564767
74932552228
74852442991
74852490392
74852438605
74852436555
74852450414
74852486999
74852547515
74852570870
74852558580
74852559969
74852543948
74852550274
74852550707
74955943371
74955942025
74955947848
74955962386
74955941915
74955961603
74955935790
74955962607
74955962155
74955930760
74955939294
74955962262
74955937144
74842531679
74872216254
74822350211
74822360981
74822329387
74822353571
74822346598
74822333072
74822333328
74822329485
74822332990
74822380090
74822321376
74822329263
74822320222
74822330892
74822323886
74822332547
74822322874
74822353596
74822332585
74822344301
74822355678
74822360992
74822320511
74822344271
74822327002
74822321148
74822332567
74822360584
74822320377
74822346448
74822322084
74822353315
74822358835
74822353314
74822343332
74822324113
74822362901
74965744158
74965756173
74965749135
74965736700
74965753756
74965744182
74965746060
74965738344
74965745554
74965743697
74965744447
74965732692
74965768169
74965750832
74965751155
74965740046
74965737051
74965760368
74922327213
74922338477
74922336011
74922322302
74922348387
74922314618
74922320037
74922315846
74922324517
74922338725
74922322231
74922331582
74922322861
74922331041
74922329405
74922331597
74922323897
74922323658
74922321846
74922338704
74922317209
74922348570
74966163117
74966163381
74966163348
74966153846
74966149877
74966155793
74966163654
74966151317
74966163155
74966150128
74966163584
74966163420
74966163531
74966150287
74932545675
74955930156
74922329478
74922544332
74922326411
74966146543
74872306211
74966163861
74966145265
74872308969
74872323896
74872322734
74872322030
74872321714
74872311994
74872318873
74872305871
74872322744
74872310638
74872303848
74872323836
74872320585
74872306585
74872323410
74872303764
74872308743
74872309656
74872306095
74872321087
74872306975
74872322740
74872312306
74872310532
74872323434
74872316223
74872321081
74872321144
74872321419
74872323376
74872323707
74872301587
74872323442
74872325415
74872320945
74872304287
74872315618
74872312534
74872317364
74872304951
74872318660
74872324473
74872317779
74872324991
74872469507
74872320424
74872497449
74872478306
74872476852
74872476228
74872480090
74872505501
74872475279
74872485860
74872470688
74872472363
74872502803
74872469576
74872471775
74872489048
74872470138
74872478028
74872469496
74872489051
74872469833
74872489009
74872469682
74872468059
74955776453
74955761132
74955774879
74955776554
74955772719
74955765447
74955773550
74955775525
74955767642
74955758574
74955767709
74955770729
74955762233
74955764278
74955762036
74955761232
74955770574
74955775675
74955772559
74955763947
74955771065
74955770669
74966122725
74966126148
74966129548
74966135266
74966130739
74966130156
74966124402
74966122029
74966120220
74966122569
74966121113
74966133064
74966128297
74966132877
74966122213
74966133053
74966124148
74966131213
74966132152
74966124022
74966120463
74966135745
74966129517
74966127504
74966124182
74872773236
74872770453
74872771031
74872770162
74872770102
74872771011
74872770440
74872770286
74872773065
74872770178
74872773072
74872773198
74872773059
74872771888
74872770169
74872770552
74872773324
74912415621
74912415003
74872770161
74872770236
74912413065
74912411431
74876322825
74912414070
74912413588
74876326121
74876324047
74872480510
74876320347
74876320972
74876322824
74876322946
74953828108
74957573100
74957597923
74953288184
74953368415
74994578821
74953301111
74822331372
74957580328
74957562148
74957569192
74957594250
74953302211
74953304256
74953307231
74953287154
74953308338
74953283616
74953304401
74953307307
74994596616
74953282754
74953308848
74953294016
74953283647
74953295865
74953293123
74953293652
74953306300
74953298181
74953300171
74953301083
74953308438
74953287713
74953355884
74953359874
74953358844
74953375310
74953373333
74953360115
74953373809
74953347291
74953349335
74953349340
74953355933
74953347847
74953356382
74953367109
74953374574
74953869502
74953863538
74953870318
74953880506
74953884700
74953865002
74953872268
74953887766
74953864525
74953884882
74953827240
74953817132
74953811500
74953833001
74953815152
74953815831
74953811788
74953815235
74953828106
74953832724
74953823451
74953813591
74953817530
74953813830
74953818795
74953811734
74922538595
74953837510
74912412627
74872320411
74872321161
74822360411
74966121874
74955776419
74966132254
74932550686
74922535392
74872301546
74822368409
74842701540
74852450265
74852559045
74872233271
74852530679
74842701811
74852486648
74922327893
74965733686
74922332315
74872314440
74953347388
74957591719
74966129023
74872320550
74953287001
74872215109
74852579693
74852466980
74872320900
74965742452
74872473595
74822368645
74852551533
74872474420
74842701816
74966163364
74953359806
74852567412
74912412554
74953372280
74872472330
74822361783
74872502020
74842714029
74822348241
74842701921
74872301942
74922534942
74822360577
74922340523
74922324770
74966131086
74822349105
74852533954
74953347805
74953874609
74872478352
74932530203
74965743228
74872319101
74822353370
74922533332
74822343939
74872773020
74822320852
74922532972
74932531162
74852552863
74966133225
74852552845
74922548522
74872490112
74932527879
74953351100
74965730735
74912414220
74955936094
74966123245
74822366666
74842713253
74966155004
74872770404
74872500032
74953349151
74872311479
74852564857
74953298388
74932536769
74955965642
74822353901
74872324702
74872307515
74872321068
74965736518
74872502088
74852573321
74953300874
74932531406
74852553763
74872777052
74872311256
74966125685
74822364192
74912414196
74842728590
74852490206
74922322474
74872478459
74852550573
74842722228
74822342818
74872310833
74842714963
74822341564
74822349900
74953835597
74955935114
74872214142
74852471545
74852470953
74966123801
74953814867
74842734651
74822323442
74852436666
74822347171
74922522187
74955768778
74953288325
74842594389
74852557694
74872304857
74822327232
74922545193
74872481730
74872321255
74953355195
74852442490
74852467267
74842711020
74872490084
74822321220
74872469482
74852555064
74822380640
74953370430
74932555400
74922330097
74966132228
74822322585
74872313255
74822386645
74822343371
74842577226
74842724540
74922322161
74822322668
74966163140
74822324194
74822330350
74953360450
74842548706
74822343710
74822358620
74922531988
74822323209
74822333113
74822321053
74922322678
74922326668
74842747449
74852458076
74922324842
74966147513
74922530910
74822368545
74872323577
74852556274
74872222440
74922324237
74852440507
74842734386
74953886400
74922522183
74842508342
74922336193
74955776010
74955767545
74842554843
74872469858
74842718426
74842701178
74955762173
74922324261
74852450746
74953814541
74822364182
74966147986
74842749638
74966163408
74955758020
74966120448
74852446534
74966163380
74872306666
74822330403
74953827730
74966152370
74872473139
74872219041
74842748689
74932541484
74852550620
74932538577
74842700575
74922531023
74965767449
74852561135
74852480550
74842723652
74872216283
74822364105
74922530556
74872241124
74842715730
74966163206
74922338687
74842531341
74953866125
74822333325
74922536729
74872312270
74842701553
74842701522
74966163124
74872322422
74872321903
74822331253
74932537245
74922542877
74922522180
74842594957
74842535535
74842719585
74842548410
74842582777
74842700638
74842719354
74932561650
74932527297
74842719043
74842702487
74922520635
74842588309
74872217226
74966163790
74852486653
74852441604
74922533135
74842554781
74966163871
74842556502
74852540795
74852546183
74922530493
74842721459
74852440116
74852459481
74852552677
74932556598
74822355814
74822366253
74822333156
74822344529
74822344847
74822360529
74822329636
74822357147
74822327814
74822327950
74822320893
74822333617
74965769462
74965733600
74965742323
74965768062
74965759464
74965754158
74922330033
74922326446
74922324530
74922322852
74922321166
74966163673
74966161791
74966163720
74966163333
74966163729
74966155203
74852457345
74852490246
74922546406
74872323405
74872307918
74872324926
74872323933
74872324825
74872321697
74872320471
74872317307
74872320795
74872312207
74872306446
74872312787
74872321169
74872309662
74872313232
74872322250
74872481311
74872471080
74872495104
74842738102
74953298093
74953308650
74872216445
74953360655
74953356370
74852442001
74953365956
74953351742
74842749290
74953870742
74966150169
74953876909
74953881759
74953872785
74953834245
74842571181
74872315071
74922334443
74953821170
74953816161
74953816879
74842713914
74953820010
74922333322
74822320731
74842719447
74852550495
74872323427
74872300711
74842741224
74822342440
74872473592
74822349784
74922331844
74922323668
74822345030
74822343920
74822344613
74872324826
74822339382
74953878402
74922522314
74872304727
74872499481
74872490258
74953303233
74965742088
74842746297
74922540629
74965736888
74842585178
74965742189
74872321877
74922324705
74852476692
74953815923
74822380323
74872241352
74922545660
74965733355
74842738533
74922530298
74822345552
74932550612
74953357977
74822348606
74872304810
74822368431
74872211298
74872237153
74822325351
74922320388
74842536133
74922523707
74852457848
74852457439
74953371677
74822320600
74822359604
74842734370
74872476439
74822360291
74872476212
74872472947
74822348193
74842551869
74872312918
74852548458
74872471684
74852474877
74822355046
74965759811
74852475964
74852432030
74953863857
74822370157
74822346134
74932569228
74822339478
74852451723
74872475861
74953888146
74932520322
74852435037
74932528673
74852429872
74842721721
74842550593
74932558110
74965750605
74965734552
74966163635
74966150373
74965735764
74872307943
74872325110
74872306008
74872324533
74922326564
74872306840
74872321055
74852438237
74872325117
74822356063
74872320917
74822346384
74872211335
74842717015
74953833084
74922323280
74955035060
74955039236
74955038456
74922323428
74955031382
74922404638
74922407119
74922404398
74953818528
74953884681
74822344617
74965754555
74922331924
74953306610
74953875649
74953301156
74953285223
74953305877
74953284820
74953287940
74953351389
74953375166
74953362244
74953366618
74953871020
74953877971
74953836601
74953376017
74953814536
74953831365
74953829923
74922324633
74953359507
74965745006
74822320560
74822348593
74822343829
74822379671
74922321708
74872323551
74953282285
74872321009
74852457065
74842713846
74852534084
74872307955
74822361724
74872499640
74872471263
74922400120
74965768109
74872312926
74955155420
74822332425
74953295114
74965754241
74955038683
74872214445
74872476159
74953356967
74842704473
74966150233
74912334294
74955166105
74955036714
74955034113
74955035136
74955032332
74955031802
74955037654
74922402802
74922404921
74922401000
74922402754
74922408438
74922402752
74922404954
74922404724
74922406131
74874162002
74874165946
74932235013
74932240021
74932241299
74932232747
74932231944
74822349538
74872216055
74842745241
74842713240
74822369618
74842721479
74852477081
74852466263
74872225372
74872242388
74966163416
74966163912
74966158202
74842712573
74872216484
74842511401
74872234192
74932527234
74852546681
74852576123
74842719863
74822330282
74822357989
74822358811
74822341482
74965759031
74965753868
74965753223
74965746474
74965760905
74922334799
74922322790
74922324704
74966163222
74872321143
74966146348
74872219423
74872312039
74872325233
74872307827
74872307120
74872304328
74872322768
74872321033
74872321044
74872322158
74872307913
74872324518
74872309444
74872323375
74872486390
74872501200
74872478393
74872478406
74872470409
74955033738
74852490329
74842578189
74912357285
74872302500
74912313491
74872320625
74955037472
74872478779
74852576298
74922407116
74874166498
74872502903
74822342520
74822357997
74953353436
74932234169
74872316980
74922402516
74953877517
74852550109
74922403195
74965744272
74953861077
74874163529
74912331730
74966159342
74953375004
74874165943
74912330329
74932554425
74912753381
74953817727
74872225032
74955037633
74822371323
74852531315
74953306320
74852428775
74842714967
74822360250
74872321831
74822341041
74872475617
74953350704
74955160682
74953375227
74953304850
74953880888
74953870074
74953348993
74953837501
74953366670
74953886505
74953359622
74953864125
74953304624
74953822281
74953295786
74953308210
74953287652
74953305366
74953301896
74953294361
74953300961
74953299461
74953295464
74953294393
74953299658
74953295025
74953289288
74953300474
74953363990
74953281792
74953305449
74953291613
74953303341
74953292572
74953302615
74953308855
74953287981
74953289529
74953302181
74953295036
74953303882
74953309232
74953295411
74953293008
74953285020
74953304274
74953303447
74953303421
74953299627
74953303774
74953296704
74953303665
74953304209
74953302848
74953306044
74953285555
74953285974
74953282332
74953285327
74953301424
74953288330
74953305400
74953290027
74953375344
74953309374
74953289101
74953289074
74953294645
74852448352
74953298531
74953303237
74953348717
74953355143
74953358912
74953370883
74953350102
74953352566
74953374687
74953375147
74953366433
74953371338
74953360744
74953373857
74953363016
74953370036
74822355849
74953356542
74953375090
74953367022
74953370241
74953348817
74953374503
74953363266
74953374444
74953355011
74953354128
74912334827
74953359114
74953348201
74953363119
74953358861
74953372590
74953370154
74953351275
74953363224
74953368101
74953374238
74953355298
74953368903
74953364175
74953371550
74953350833
74953367783
74953373432
74953365122
74953372203
74953367441
74953366677
74953363767
74953367849
74953364225
74953355573
74953358128
74953359223
74953353638
74953365502
74953366567
74953352237
74953359364
74953374177
74953359652
74953372752
74953352702
74953361889
74953347145
74953860286
74953879030
74953865977
74953882912
74953860842
74953864103
74953881545
74953885400
74953861831
74953879945
74954520419
74953861457
74953886712
74953869194
74953873588
74953888561
74953864524
74953869571
74953885758
74953881252
74953860285
74953873537
74954518891
74953879942
74953870909
74953888414
74953882175
74953866629
74954542040
74953878890
74953881658
74953863876
74953871773
74953886259
74953872783
74953887717
74953878534
74953885509
74953863997
74953874556
74953884454
74953864991
74953867608
74953861151
74953886288
74953860007
74953883058
74953877378
74953869734
74954553737
74953878698
74953881003
74953873743
74953885455
74953813150
74953827354
74953823385
74953827269
74953810170
74953820144
74953816716
74953817238
74953828943
74954590102
74953818691
74953816385
74953810843
74953825700
74953810423
74953825456
74953820071
74953823431
74953822674
74953826010
74953813456
74953817398
74953819138
74953836310
74953836938
74953811188
74953813984
74953815736
74953829470
74953827236
74953821143
74953832707
74953810131
74953817029
74953825681
74953830489
74822353268
74953821295
74953815567
74953829763
74953820712
74953825237
74953832653
74953818698
74912373703
74955157541
74842718437
74955165853
74922335436
74965745012
74953351133
74954521810
74872224993
74922321447
74955160807
74932536488
74852443342
74822347094
74852453852
74922402598
74852462273
74955158044
74822333133
74872478751
74822324880
74872315665
74932559848
74922349510
74822343863
74955166200
74822364061
74965739936
74852450949
74953874847
74966163129
74872304342
74922349714
74842573400
74912373707
74842714343
74912360234
74922400005
74852566676
74922323653
74872306091
74842712526
74922407067
74922407156
74852553308
74872489018
74872311266
74953352741
74953353500
74872320647
74922404887
74872301130
74852577930
74965736741
74953372461
74955035024
74932237892
74852470976
74912351880
74912346748
74912350883
74912328288
74912350666
74912333399
74912321404
74912324438
74912345536
74912341943
74912334991
74912348058
74912334408
74955163561
74955152588
74955165409
74955152491
74955155312
74955163533
74955157220
74955150234
74955155169
74955154403
74955167151
74955150499
74955167606
74955150396
74955038542
74955035598
74955031770
74955034488
74955038260
74955033300
74955034566
74955034576
74955030488
74955032154
74955034068
74955037142
74955030259
74955038733
74955035395
74955030712
74955037122
74955039671
74955034782
74955031045
74955035344
74955037825
74955034426
74955038434
74955036710
74955037666
74955036713
74912765437
74955031811
74912757592
74912765422
74912757414
74912766169
74912766467
74912761674
74912760589
74912761056
74912758971
74912754974
74912762416
74912767063
74912762662
74912758490
74922407217
74922408427
74922407007
74922415474
74922402561
74922402878
74922401817
74922401719
74922410053
74922402053
74922404341
74922404627
74922402369
74922404632
74922401576
74922408400
74922400400
74922402715
74922402047
74922401809
74922400598
74922402637
74922401570
74922414514
74922408430
74922402142
74922405691
74922408261
74922400681
74922400041
74922402827
74922404924
74922412363
74922404991
74922406586
74922402016
74922414958
74922407037
74922402074
74922407095
74874161909
74874163053
74874162055
74874158152
74874161439
74874165338
74874160924
74874161694
74874157734
74874159525
74874163302
74874157218
74874157034
74874167774
74874162481
74874162269
74874163474
74874160136
74874160032
74874161018
74932233334
74932235884
74932233707
74932232694
74932237912
74932238089
74932241238
74932234704
74932235476
74932234370
74932237830
74932236511
74932237006
74932237055
74932234283
74966140962
74922327364
74966163521
74842748580
74852465577
74852490374
74842720554
74852442940
74852451934
74842731431
74922324950
74842719462
74842549057
74842703914
74842738086
74872325260
74872312384
74852542327
74932527419
74842702450
74965750404
74932558422
74965751100
74922312708
74822354815
74966163126
74932548271
74842509005
74852578179
74852456365
74822360255
74922331373
74842705004
74842564032
74852470723
74932527623
74966163194
74842715711
74842578822
74842575824
74842515182
74965738097
74922329024
74842745354
74842729753
74852472963
74842571522
74842574650
74965754963
74922329625
74872478554
74932554911
74922321555
74852459676
74852442519
74842702453
74842713225
74842717049
74842713637
74932551097
74932567598
74932528116
74852444040
74842737587
74842743606
74852486404
74852478965
74852431842
74852463746
74852466336
74852436999
74932527149
74932527736
74842591664
74932565636
74932535879
74852451708
74852475792
74852440128
74932568377
74842572056
74842519907
74842701826
74932557900
74932527246
74852449176
74966163304
74852457396
74852447386
74852457061
74852448684
74852488411
74842591778
74852539132
74842555609
74842550284
74852560706
74842745009
74852551636
74842560856
74842520034
74842554215
74932541656
74842563422
74842726265
74842749487
74842701549
74842719113
74842730460
74842702459
74842737233
74842725106
74842714953
74932527481
74932535755
74932552435
74932560546
74932526655
74932533366
74932564744
74852431905
74852441495
74852449939
74852439655
74852460754
74852550863
74852551514
74852575737
74852569714
74852561183
74852555719
74852575154
74852549545
74852542036
74852556214
74822331336
74822353865
74842562875
74822320367
74822347152
74822354631
74822343492
74822333326
74822345113
74822368464
74822329863
74822383456
74822339638
74822347415
74822320543
74822364119
74822355527
74822358106
74822343161
74822346261
74822342510
74822329251
74822343122
74822347651
74822320214
74822351960
74822348773
74822358862
74822328669
74822364175
74822383568
74822329459
74822322438
74822323687
74822343111
74822360519
74822321701
74822349161
74965736944
74965746088
74965745035
74965750209
74965765632
74965747999
74965769511
74965736090
74965742939
74965739701
74965736657
74922348991
74922323418
74922323555
74922335658
74922333022
74922326223
74922320621
74922312599
74922321550
74922316604
74922320617
74922327367
74922343891
74922325493
74922341928
74922325375
74922327047
74922326251
74966142323
74966157555
74966141760
74966163352
74966163544
74966139644
74966163494
74966150059
74966163959
74966150154
74966163784
74966150654
74966163378
74966154796
74966148000
74966158285
74966163875
74965742999
74922322931
74872321250
74872306382
74872323139
74872324843
74872302497
74872301320
74872323542
74872303880
74872312762
74872312791
74872323019
74872321621
74872320483
74872315296
74872304167
74872301819
74872318540
74872321674
74872321246
74872323277
74872316541
74872308126
74872319788
74872322280
74872323227
74872323880
74872317370
74872321658
74872324485
74872311146
74872306970
74872324312
74872307611
74872322385
74872323418
74872310293
74872314049
74872312585
74872321174
74872324486
74872304577
74872304603
74872304835
74872323658
74872322439
74872322806
74872306951
74872321248
74872320918
74872322880
74872316384
74872321953
74872312232
74872312847
74872325096
74872310197
74872319259
74872321062
74872304772
74872301305
74872312364
74872322772
74872321188
74872301218
74872322792
74872317363
74872309222
74872478338
74872321074
74872324497
74872476165
74872468011
74872478829
74872494746
74872469431
74872471610
74872509612
74872507386
74872484957
74872468308
74872470169
74872484972
74872500595
74872471712
74872506080
74872469895
74872491485
74872492771
74872481503
74872502519
74872478027
74872483814
74872468816
74872471000
74872469366
74872476712
74872505147
74872485972
74872473952
74872481238
74953879102
74872502944
74872478750
74872486613
74872506301
74842575968
74912763693
74955037151
74912347538
74874163313
74852578830
74874165909
74872325003
74922401150
74955156136
74872485676
74822323618
74822342324
74953860121
74912762021
74842509942
74852442724
74872476413
74872322374
74822343272
74872306198
74822343284
74922334004
74872315426
74955033912
74953368692
74912755111
74822331692
74872304546
74852433101
74922408376
74842511138
74872311657
74922404975
74872469624
74872308037
74822343094
74822331521
74966139162
74822339403
74932569572
74852555565
74822332599
74822364026
74852480045
74822389001
74922320828
74955164576
74932234314
74872324090
74852535825
74852453559
74852472712
74922402794
74842702733
74912760398
74912329793
74822344602
74922404562
74822360985
74912751985
74852558164
74872469466
74912333466
74922408423
74852431812
74822329087
74955162667
74852432252
74953821681
74922344099
74922407065
74953305973
74932541994
74955158116
74922329013
74872486315
74953837479
74852574258
74955161243
74966143732
74922326386
74822348728
74822380494
74872303363
74922331058
74842738109
74872468000
74953297208
74874161754
74822370898
74953283464
74953826954
74872316456
74955159873
74965731727
74922402429
74852438019
74912751681
74872320443
74874166215
74922321619
74822349615
74842584402
74872506702
74852550953
74852550945
74822321933
74842731695
74852456985
74872308140
74912764086
74872307245
74852553363
74955159710
74965753764
74822343973
74822378545
74822334152
74966152027
74822374873
74822355988
74852433903
74953865218
74852443223
74822323656
74874163048
74922410252
74932561983
74953294165
74842719986
74822359824
74953300136
74932535050
74822386697
74912767506
74872304436
74822349001
74872304660
74852448224
74874163344
74912335279
74874163725
74852563437
74965764405
74852440390
74852450365
74912358557
74953301753
74872476850
74842524060
74852575707
74852551336
74872469170
74842546238
74955168888
74966140426
74953374454
74842741376
74966159731
74872310959
74872322164
74912332525
74912762346
74912335802
74932542460
74852569585
74966140749
74912764230
74955034337
74872470051
74822341347
74965750011
74852551966
74822355896
74912373078
74932542262
74922326575
74842719580
74953362465
74842509590
74912332124
74822324735
74912334703
74955153322
74872495367
74822342619
74953360055
74922410784
74852475483
74852476068
74822329859
74822320801
74822322263
74842732322
74852455688
74912373592
74872316521
74953817501
74953358821
74872321799
74822328315
74922410412
74852555631
74852448204
74852442454
74912414029
74842547023
74922321585
74955987646
74822336308
74872565591
74872301069
74954683512
74999080118
74999081525
74852757284
74872227046
74999078917
74999056670
74955961366
74955541610
74999061631
74999081796
74852735754
74842713229
74843960851
74852765751
74966122500
74954661507
74955573383
74999064037
74954702092
74932417558
74999062233
74954678428
74999062148
74954668219
74954695850
74954678330
74999076048
74922335378
74999071426
74999072600
74999076326
74999075919
74922323085
74852576759
74842547282
74954673857
74955553797
74872370876
74999057101
74999082395
74922530888
74999069297
74842568824
74955568344
74872362599
74954660957
74954141687
74954146034
74954697465
74954124411
74991372321
74955547552
74991383491
74991370977
74991378343
74955548245
74843943686
74843953509
74955544354
74843967283
74955572291
74955571250
74955572110
74955541362
74955546165
74955561361
74932412108
74932414888
74954144976
74954133534
74954146277
74954141114
74954128870
74954125436
74954132357
74954142881
74954141237
74954142039
74954142787
74954126384
74954143465
74954141105
74999067886
74965737296
74842594711
74954659137
74954689261
74954678269
74954667680
74954669213
74954709893
74954677591
74999068093
74999060707
74999067860
74999056730
74872495353
74999070879
74999065800
74872470480
74999057878
74999070385
74999077929
74999058218
74955947742
74822360455
74999076410
74999080698
74852745502
74954130367
74954143434
74852740800
74872770542
74872306010
74966125903
74932563183
74999075614
74955572083
74991381814
74999075643
74954143340
74876323452
74872468821
74999079501
74843963709
74966129014
74954671161
74991371951
74852735739
74842574912
74842560855
74932371205
74932374396
74932373759
74999060612
74954132872
74954138450
74999085020
74954127127
74843968480
74954142418
74912552363
74912550784
74912559227
74912550100
74912558268
74954137144
74991378497
74991372132
74843966979
74842562470
74922264001
74842277279
74842277032
74955568382
74964166005
74999062175
74954663993
74954132400
74843936357
74964127827
74964166316
74842714912
74842702164
74955521486
74912552410
74822709984
74954139174
74932346199
74922449799
74955540221
74955569767
74955118176
74954660283
74822709953
74991371271
74991370339
74912551826
74912557110
74991376639
74991376235
74991377122
74991377472
74991382318
74991376105
74991376091
74991375107
74991371754
74991382634
74955545531
74843928426
74932412368
74932415957
74955571964
74955542786
74932428966
74872360103
74872362932
74852725813
74955571136
74932423665
74852721594
74852738249
74852723889
74872362212
74843960990
74872361282
74843966130
74843963260
74955547117
74955555693
74955556319
74852725138
74852736126
74852759467
74852725744
74852714967
74852755245
74872374407
74872360211
74955569114
74955572144
74955549253
74955549587
74955553288
74955560111
74842574767
74842518641
74842584240
74842522420
74842520113
74842574882
74932413117
74932411677
74932412318
74932419392
74932411615
74932417611
74932415013
74872371161
74955547504
74842702449
74932375751
74932378709
74932378591
74822709907
74822564308
74822553443
74822557608
74822563830
74822559059
74822559360
74822557135
74822555431
74932373664
74822557479
74842714550
74842737400
74842703941
74842718492
74842749229
74842719044
74842712617
74842705440
74842719263
74922536067
74922540470
74922537169
74922542346
74922547292
74922532527
74922260262
74922260605
74922263387
74922262513
74922263168
74922261914
74922260248
74922262333
74842277450
74842277088
74842278153
74842277001
74842277121
74842277808
74842277002
74842279770
74842270936
74842278405
74842277435
74842277422
74842273283
74842277683
74922445003
74922444400
74922445535
74922457035
74922447581
74922451627
74922458410
74922459008
74922444999
74922450008
74922451914
74922449307
74922441186
74922451064
74922450418
74964166627
74922443938
74964139225
74964166754
74964166273
74964166276
74964140004
74964166467
74964141116
74964153492
74964165525
74964137670
74912551603
74912552495
74912559389
74912559045
74912550306
74912557229
74912558272
74912550164
74912559286
74912557131
74912551527
74912557296
74912552490
74912550810
74912559382
74912557276
74912558289
74912550069
74912552488
74912559789
74912557025
74912550781
74912550275
74912552470
74912552375
74912559278
74912558295
74912558300
74912559665
74912552494
74912558297
74912559271
74912558901
74912551828
74822700749
74822700826
74822709978
74822709929
74822709957
74822702548
74822709938
74822709323
74822702480
74822709297
74822709914
74822700687
74822700820
74822707183
74822705740
74822709964
74822709943
74955125001
74955115181
74955129744
74955115817
74955129735
74955120413
74964122636
74964122303
74964123637
74964118057
74964120181
74964121828
74922383002
74922386598
74922386543
74922382216
74922381454
74932346224
74932345901
74932346108
74932345578
74932348312
74932347985
74932345613
74932346737
74932345975
74932346181
74932351545
74932345942
74932346741
74932346049
74932345881
74932345917
74955526483
74955527881
74955524862
74955526471
74955529593
74955529723
74955520763
74955529776
74955521556
74955523557
74955529644
74955529537
74932378686
74932371956
74932374335
74932373815
74932377403
74932377207
74932373794
74932374648
74964145882
74991387989
74932371429
74912559202
74954142292
74912550073
74922538608
74999080943
74932345861
74912558274
74954124351
74852760438
74922543002
74954142037
74955552850
74842278507
74822553156
74964140662
74912550554
74999085038
74955116195
74964161307
74912558267
74955114900
74954125423
74922523568
74843964112
74842719400
74954126343
74957598166
74997339300
74953092191
74922449318
74852727458
74965755224
74872557085
74872217561
74932300325
74955909212
74997331530
74912272969
74912377413
74932299196
74842719103
74822359157
74922777519
74922336662
74955961301
74958512555
74955944075
74957574025
74965753258
74955114956
74955118324
74922779492
74852409241
74852498201
74997343108
74953105543
74922447285
74953116752
74957572121
74932554594
74842701884
74955766143
74922531653
74922523556
74922777682
74912289287
74922454400
74984840204
74955934000
74965753505
74965745064
74842586088
74958508342
74922327234
74872352730
74922537793
74932304896
74922530297
74852758639
74852739059
74957576064
74953120607
74984844534
74955932112
74852514558
74922527158
74997339847
74957568060
74922778906
74932520324
74965753644
74912274778
74964160710
74965749111
74922520500
74932295812
74955115141
74872240050
74922212275
74852498466
74872478374
74872554100
74922532505
74842702178
74922532429
74953118865
74922778741
74822323113
74822366257
74997350501
74852440789
74822360518
74852420539
74965643653
74997320494
74966158069
74852733433
74957583340
74953109842
74922773870
74964149447
74852740812
74935145151
74922529580
74822342298
74912965651
74953120575
74922771977
74922445656
74997344975
74955768118
74997342214
74984848341
74955987441
74822332980
74966148481
74852409002
74852425130
74912416543
74852573639
74822346162
74852404890
74997340512
74955992043
74955998170
74922210913
74957567768
74922773423
74965765464
74852552224
74822358500
74912960179
74852499026
74912274853
74912278117
74822559181
74922441258
74932299101
74955771105
74852402723
74842714040
74922445001
74852498383
74822347583
74955984694
74852536094
74872489026
74922773881
74822553489
74966151429
74872565359
74822333202
74958502488
74922778904
74912279716
74922535785
74997351077
74822321680
74822336363
74953114690
74958508139
74852558320
74922532463
74872567652
74957590000
74922450168
74955933381
74912384758
74822336545
74912963416
74852721966
74955110311
74953109143
74912272303
74852746337
74966152600
74852450713
74964167667
74922522977
74958502393
74922540925
74922324501
74966157351
74922777604
74822328846
74822341060
74955930400
74935142142
74842557502
74872240922
74852425089
74922447191
74852440042
74842718517
74997349073
74842514536
74957564357
74822356020
74997330422
74957576557
74957571001
74997322677
74997346364
74872774060
74997339781
74955770522
74922323170
74957599955
74953116661
74997348338
74997351318
74997348205
74957595263
74957567641
74957564601
74957582945
74957569796
74957579318
74957560785
74922331417
74872472427
74852444549
74957564826
74965759647
74852423219
74957574556
74966126262
74957577183
74957584292
74957586000
74872319990
74852441605
74872304208
74842557031
74852561170
74852556194
74957585316
74922333757
74966120092
74957582405
74957573515
74957576515
74872312782
74957564758
74957595742
74822345233
74997340692
74957578958
74957588746
74842575591
74957564952
74957579036
74822368387
74957588564
74999067593
74957569450
74922325383
74955765188
74957583929
74822344417
74852550225
74822343522
74957587537
74957578360
74957593047
74842740544
74953110858
74957569653
74872215448
74957584798
74957576513
74953096707
74953090137
74953092665
74953124034
74953090289
74953098821
74953094781
74953106394
74953104606
74953091810
74953110743
74953116124
74953116935
74953114721
74953102740
74953092119
74953124050
74953120261
74953094180
74953110154
74953107097
74953099893
74953113177
74953091349
74953117289
74953091357
74953121933
74953093003
74953111934
74953093930
74953092130
74953119706
74953112441
74953109606
74953100139
74953104526
74953092515
74953100026
74953110411
74953113634
74953116385
74953092923
74953113797
74953121958
74953102338
74953090776
74953111110
74953101251
74953098212
74953121169
74953122394
74997336446
74872321478
74953113409
74922531670
74997345578
74997327100
74932569535
74997349520
74997349592
74997341838
74997326012
74997327470
74997318356
74997338791
74997339576
74997344313
74997350936
74997326520
74997342042
74997321067
74997341858
74997340060
74997319686
74997325614
74922535646
74965739985
74997346748
74997332642
74822330670
74997326029
74997325220
74966131597
74997343502
74997334595
74997326062
74965745068
74997336374
74997333277
74997320890
74997350506
74997351338
74997340912
74997331572
74997340921
74842701304
74997349197
74997341671
74872470170
74997333990
74997334957
74872322418
74922532968
74997324606
74997342071
74997330344
74997318303
74997325424
74997350510
74997323353
74997333317
74872773409
74997321923
74997337170
74997342787
74997318891
74997325042
74997338289
74997334255
74997318440
74872480480
74997345706
74872568738
74997335692
74872323887
74922546615
74852408011
74852402800
74842717038
74997323797
74852728915
74852499064
74935149447
74966151565
74852407234
74852400342
74852403391
74935147493
74922450828
74922777816
74852403518
74852404998
74842541899
74852745603
74852404205
74852748101
74852731155
74955120253
74922217338
74964167351
74852419190
74852443951
74852499201
74842588298
74872211626
74955941692
74984848343
74955949802
74852401690
74852400395
74852404654
74852403782
74852405916
74852403670
74852406204
74852400343
74852406384
74852403344
74852407002
74852401480
74852405104
74852405142
74852728392
74852732211
74852731554
74852739620
74852728900
74852731108
74852740014
74852757185
74852714281
74842713816
74842719343
74842713362
74842713705
74842740516
74922538378
74922521052
74922543207
74922533400
74922534226
74922538719
74922450737
74922441106
74922451504
74922450336
74922446320
74922458153
74922458558
74922450758
74922459038
74922454407
74922447906
74922452227
74922456317
74922451082
74964166026
74964166960
74964160772
74955117933
74955110545
74955116753
74955111076
74955127209
74872216096
74872216498
74932527525
74872565275
74872565703
74872568579
74932308931
74932305853
74932293463
74932304398
74932290744
74932308760
74932300555
74932300176
74872345767
74922212677
74955936672
74852462804
74852429152
74852448274
74852534959
74852575028
74852498398
74852513563
74852518913
74852498515
74852499063
74852512887
74852499468
74852503000
74852505048
74852499442
74852420951
74852409785
74852420991
74852424959
74984847907
74852425188
74852420837
74852425001
74852420842
74852409062
74852412586
74852409996
74852412036
74852420813
74852409713
74852420786
74955930358
74955932222
74955961778
74955960111
74955935054
74955941904
74955931468
74955944262
74955937618
74955949709
74955941993
74955931803
74984847331
74984848882
74984843117
74984837081
74984847027
74984846727
74984849810
74935143092
74955764424
74955769011
74955768523
74935147502
74935144550
74935143049
74935145071
74935142745
74935147530
74935148485
74935142046
74935142200
74935142690
74935143607
74935143491
74935143219
74935148492
74822348354
74822360945
74822331840
74822342720
74822329284
74822336516
74958508679
74958504212
74958510727
74958519746
74958504208
74965754655
74965737263
74965732018
74922323461
74922312562
74922322075
74912288811
74912290212
74912289096
74912279927
74912286158
74912290742
74966150126
74966163160
74966163547
74966163118
74966163130
74966139340
74966150336
74955916685
74955909032
74955910703
74955907387
74955906005
74955909134
74955912976
74955987393
74955985015
74955987010
74955983773
74955987107
74955988286
74912386798
74912382379
74912378884
74912377497
74912383346
74912377774
74912963201
74912963144
74912962236
74922777850
74922778701
74922777609
74922779129
74922777840
74922779128
74922770548
74922771061
74922777488
74922777619
74922773407
74922770619
74922779705
74922773037
74922773869
74922773295
74922778823
74922779703
74922778961
74922778409
74922779605
74922540288
74922216445
74922773927
74912961588
74842713332
74922217263
74852438253
74997317778
74912274441
74953102409
74822342203
74852422823
74922779268
74842728245
74842532845
74922779373
74872238571
74997324675
74997317600
74912275126
74997320037
74922450979
74872216051
74852570366
74966163759
74842713633
74932302672
74964165698
74842568478
74852498569
74955916365
74822356682
74852498602
74852404965
74912276306
74966151334
74955962698
74922549220
74997322590
74922443162
74922779576
74912274028
74953096068
74842740073
74852471524
74955190800
74822331863
74997346516
74932561052
74966152852
74922523990
74852485615
74852732839
74964153891
74966147377
74852567684
74852505760
74852728788
74842578369
74922331307
74953091752
74852403592
74958510103
74922531966
74997323421
74922771835
74935142552
74842749335
74957563740
74922441339
74953090306
74922779050
74922346581
74953120701
74852490269
74842735909
74966158907
74922443184
74872558631
74852554193
74935148580
74922779516
74852468851
74922531050
74922344075
74997340665
74842591739
74852498206
74955911214
74966163752
74872240708
74955942996
74922459429
74965742874
74852514469
74842747988
74922520505
74953107208
74955965136
74912288477
74852442739
74955906830
74958510159
74842701213
74955190040
74955930411
74955985707
74955988360
74852406852
74872303404
74997340226
74955964710
74953103106
74957593662
74922522866
74997326194
74822354144
74852450635
74955982255
74997326217
74957562433
74822339905
74966125835
74997346367
74965733225
74852431929
74922324359
74852505606
74957563140
74912289757
74932527733
74922777974
74957595530
74852498986
74955941628
74965755343
74852744172
74932535444
74955932234
74922325316
74955930920
74955983517
74822320597
74922455007
74955982507
74872567769
74922538617
74935144601
74822382149
74852571315
74822342541
74842591892
74955940303
74822331329
74822364054
74842701513
74964166647
74957570893
74872216039
74922324669
74852759070
74912283460
74957564650
74957587088
74957599576
74984842922
74955930630
74965733188
74957578971
74852445394
74822344661
74955997425
74922778163
74852553534
74852463653
74872556493
74966154718
74922325183
74822380434
74922778778
74822344741
74912289971
74965733569
74912962110
74822321987
74822349711
74922330836
74912279530
74852426768
74922540217
74872211267
74842700295
74852540365
74955997004
74852406205
74872231140
74922330755
74912969272
74842718663
74822330353
74872554922
74965760422
74922778557
74822331580
74955914023
74842719879
74957596949
74822331292
74822368401
74822346687
74872555424
74922545896
74852737702
74852409776
74964163555
74852425165
74872348065
74912961888
74932294702
74872221368
74872553253
74912284095
74966163085
74852401733
74852404689
74852407004
74852403684
74852402725
74852401083
74852403928
74932305650
74852405010
74852403589
74852731277
74955126045
74852759973
74964166867
74872554042
74955113775
74852425164
74852404044
74964166781
74852404034
74872345781
74955765400
74852498548
74852401067
74852409190
74955760090
74852404721
74852407054
74852407144
74852404004
74852749640
74852736056
74852738364
74852725466
74842534577
74842702055
74842714095
74842728028
74922540083
74922529876
74922540298
74922447786
74964147820
74964149196
74955111239
74955124398
74822385597
74872216468
74932527240
74932526329
74932528220
74872568701
74872554808
74932305533
74932300976
74932299520
74932300430
74932290686
74932301701
74872354990
74852446373
74852467777
74966140585
74852474246
74852461022
74852437366
74852439205
74852569505
74852535285
74852568938
74852511184
74852498531
74852498568
74852498015
74852409928
74852409414
74852423370
74852409909
74852409789
74852425223
74852412420
74852409772
74852423743
74955937983
74955930027
74955940013
74955941623
74955932268
74955941636
74984843857
74984845072
74984847156
74842721542
74984843803
74955765968
74955764725
74984848782
74852744897
74955763300
74955760533
74852765473
74822343387
74822330192
74822333531
74822369007
74955982648
74822336609
74872318186
74822321564
74822329368
74958510221
74958518364
74958510032
74958504282
74958515171
74958511100
74958508048
74958508204
74872778843
74922335079
74922325335
74922330303
74912270262
74912282277
74912290966
74912275795
74912276869
74912290664
74912290521
74912290939
74966143401
74966151798
74966163104
74955917229
74955908154
74955913194
74955911305
74955906568
74955907365
74955915180
74955987692
74955911080
74955909126
74955910819
74955987001
74955991709
74955992644
74955999097
74912382822
74912378200
74955987301
74912376502
74912967642
74912960693
74912964290
74912965875
74852422836
74922449784
74822331481
74872234285
74842527409
74912267401
74842719122
74852409907
74852540707
74912277300
74822348214
74852516953
74955982463
74872352243
74872240363
74922326199
74953110901
74955764272
74922447453
74955965973
74852498653
74852578243
74852400868
74912969920
74872560093
74966163798
74912388288
74922332347
74912274836
74822342864
74966158828
74822347207
74922532594
74852484257
74932303292
74958514558
74922545389
74922522176
74852404123
74955112444
74922534041
74822348636
74966150718
74842574038
74922540016
74872230579
74964140968
74922533426
74984848801
74872554767
74852498188
74852429419
74822336300
74872563538
74932560062
74955906090
74955110062
74912286281
74822322929
74852755794
74922459476
74822332671
74852552395
74955907877
74842701165
74955987266
74822321487
74872242517
74912969899
74922349886
74922334130
74852499052
74922535145
74984848001
74842742468
74955989903
74852569695
74842743268
74822349357
74852408122
74842571037
74852419802
74872217429
74965736040
74912286959
74955937666
74958512226
74953124308
74822336352
74912285371
74852459318
74842701953
74852406257
74912266262
74997343026
74955126633
74842749474
74822362393
74922329375
74872561317
74932532962
74822347335
74953113534
74997329739
74822342642
74932378700
74964166973
74954144960
74954130803
74999072153
74954133220
74954143565
74954139616
74954143472
74852539004
74954136550
74852745602
74954125181
74954140818
74954142834
74999056511
74999076787
74954701629
74954709795
74954703170
74872323569
74999070340
74964136770
74999076788
74842529183
74999068715
74999077318
74822558908
74964115811
74999063788
74954667406
74999064418
74955546281
74842733459
74954143837
74822553537
74954134381
74954132114
74932374988
74954142599
74954663004
74912551533
74954144864
74954134828
74954663766
74954131921
74954144388
74852744161
74954127712
74842721313
74912558298
74922261532
74999061618
74999069992
74954684325
74954131439
74999057633
74954658299
74842718424
74922457327
74922454145
74964139977
74922385047
74954142336
74932373624
74955528693
74932371265
74912550601
74872367912
74922540282
74955521517
74922449778
74954125076
74954241421
74954660960
74922442010
74822560759
74999057304
74922530927
74954143663
74842717608
74912550989
74872371109
74955529549
74872304410
74953839744
74932346252
74955529635
74932373795
74842579897
74991370659
74922454471
74922386565
74822559170
74842702003
74922261871
74822554888
74954130922
74922450748
74954141098
74955119171
74991378787
74991382141
74953837837
74953841201
74955117574
74842741297
74922541641
74991374174
74954245229
74991373706
74955552118
74955543474
74842512432
74954243264
74954223685
74953854890
74954144712
74954140707
74954141795
74954143314
74954143975
74922459493
74954144911
74954141905
74872778385
74954146616
74954135270
74954146276
74954137289
74954144950
74954137853
74954144948
74954141038
74954129402
74954142727
74954129908
74954130332
74954131548
74954133956
74954137911
74954130608
74954133706
74954138659
74954123866
74954142808
74954137882
74954128400
74954141000
74954140490
74954136636
74954146090
74954129336
74954135152
74954139681
74954136940
74954143057
74954134937
74954140173
74954141120
74954124309
74954141456
74954141451
74954124001
74954138660
74954142577
74954131434
74954137316
74954144782
74954134341
74954136265
74954131365
74954145050
74954131030
74954144947
74954142443
74954141517
74999060466
74954694374
74954703855
74954694092
74954693128
74999065014
74999057977
74954147261
74999066888
74999070688
74954703258
74954687494
74954691200
74852490389
74954696818
74852570207
74852467246
74954670641
74954703793
74922313306
74954666908
74954675432
74954670344
74954682819
74954701653
74954709581
74954669226
74966147083
74954675314
74954664713
74954681697
74922537137
74999066300
74999079356
74999064289
74932555555
74999058330
74999081802
74999068379
74999084186
74954236134
74999084310
74999071085
74999062990
74999083231
74852429643
74999062154
74999064436
74999056011
74999084565
74999059715
74954224559
74999075291
74999062817
74999069759
74999079330
74842721379
74999056143
74999069367
74999061821
74999070935
74954704210
74954240804
74872486392
74954228024
74954244427
74954235786
74954245655
74954230532
74954242490
74954225786
74954236495
74954232523
74954232999
74954242629
74954227450
74954235014
74954230046
74954238071
74954233281
74954238343
74954232374
74965764355
74954234011
74954223379
74842718578
74954225491
74954234574
74954236130
74954234222
74954229750
74954245284
74954226293
74954227972
74872483662
74954230271
74954234847
74954231891
74954234211
74954245802
74954243531
74954224088
74954224333
74954235822
74954240011
74954229594
74954244240
74953850134
74953842530
74953849047
74953847284
74953841295
74953843349
74953846665
74953838029
74953837627
74953852236
74953840416
74953840527
74953843135
74953839297
74953849055
74953847734
74953841790
74953850612
74953851215
74953839634
74953841337
74953845122
74953844656
74953850193
74953838888
74953846395
74953847243
74953841011
74953837917
74953853032
74953838800
74953848243
74953848523
74953852167
74953840613
74953850977
74953841626
74953846636
74953849103
74953850858
74953852736
74953844918
74953844400
74954125237
74922447659
74954694465
74955529348
74842550077
74842551202
74953854178
74954139003
74964115982
74953850288
74922538664
74922523564
74922261998
74954223595
74922443839
74955521274
74954238907
74842724391
74842723640
74932370385
74955115545
74932345862
74954227846
74922533443
74954230124
74991385770
74953851654
74954141545
74999078873
74953839800
74955126250
74953850893
74999076090
74999066382
74922451745
74954138871
74965743292
74822327687
74954699116
74842591352
74842271010
74842277499
74964122222
74842277024
74954142469
74999079907
74954237003
74991388697
74954143634
74932539031
74953843481
74922542629
74922535957
74842548621
74922441033
74991384666
74922448711
74991375996
74922540541
74964127511
74932426322
74999078163
74954143032
74954229107
74999082557
74842512963
74954671383
74954128493
74842701018
74822339424
74922536075
74822700314
74842713802
74991381853
74872480191
74954235298
74954138585
74912550850
74954137944
74954225764
74954139916
74842724012
74954687547
74872306885
74954243823
74955525972
74872469947
74922447231
74999083500
74955114155
74953843679
74872372827
74991383512
74991381500
74991388377
74991387344
74991374100
74991372577
74932413096
74852727570
74955554411
74955548305
74842534407
74932415313
74822556564
74822557340
74822564682
74842713355
74922522224
74922530496
74922532643
74922260389
74922535985
74922261525
74842277029
74842277092
74842277136
74842279741
74842277120
74842277691
74842277848
74922446838
74922451854
74922451451
74964150683
74964166746
74964139549
74912559313
74912559753
74912559944
74912552422
74912551844
74912551648
74912559018
74912551834
74912550552
74912559503
74912550079
74912550401
74912559387
74912552415
74912559295
74912559695
74822700276
74822700001
74822703002
74822700406
74822700462
74822702450
74822707449
74964113189
74964123800
74922382452
74922386569
74922383076
74922384832
74932345976
74932345864
74932345865
74932345914
74932345932
74932345609
74932345635
74932345549
74932346316
74932345723
74932346885
74932345854
74932345704
74955529094
74955522458
74955526395
74955523656
74932345960
74932378666
74932370067
74932374255
74932374476
74932370512
74922451672
74955529057
74912557267
74954663371
74954240101
74955520061
74955559790
74922530522
74842749591
74954144940
74932376684
74955529574
74842701896
74842557203
74991377785
74922530265
74953844424
74991375745
74842278565
74954231773
74822565866
74922532894
74953850170
74842560503
74822557194
74932421048
74922521939
74852733003
74932376633
74822556253
74922546020
74953853592
74932378839
74922542369
74964166298
74964148148
74922541190
74955526228
74999057850
74922529878
74953852177
74922451443
74842719089
74932345518
74912551874
74999076917
74822701060
74991375436
74955126137
74822556444
74852720886
74872773284
74912559374
74842715085
74852714641
74955528581
74842278513
74822709857
74842733418
74842715792
74954139226
74922545293
74852757705
74912558283
74955115823
74955120255
74954141066
74954231426
74964139903
74842278131
74991389312
74842701955
74964166956
74922541509
74922446867
74953845085
74852733447
74964127036
74932426624
74999061573
74912550178
74822346434
74912411711
74912550172
74842712565
74954144051
74955548004
74922423358
74953849076
74842701189
74822563150
74842738838
74964145175
74912559556
74932371234
74964150232
74955521847
74842719445
74912551536
74922456048
74922544630
74922450817
74922452535
74955540045
74822555245
74922450070
74842279981
74922531225
74822700113
74955115025
74922442005
74842553628
74954141505
74955526616
74955548238
74842736792
74842278796
74932376274
74912559268
74822563526
74842585331
74852744425
74852744167
74852739299
74852728789
74852744847
74955542325
74842570130
74842521918
74932416890
74932410533
74932412550
74932417726
74932424130
74822566903
74822553590
74822558444
74842746842
74842713815
74842701098
74922522241
74922540723
74922531324
74922260306
74922263677
74922262232
74922264436
74922261918
74842277141
74842274486
74842279620
74842278492
74842277413
74842279105
74842279699
74842277448
74842277675
74922454414
74922451742
74922447225
74922451520
74922459492
74964139313
74964160171
74912550510
74912557207
74912559547
74912551789
74912559310
74912550171
74912559582
74912551455
74912550413
74912558279
74912550090
74912559088
74912557243
74912550240
74912559100
74912552483
74912559952
74822709976
74822706536
74964120086
74912552442
74955118479
74955117338
74955110081
74964126373
74964122575
74922386891
74922386942
74922383585
74932345728
74932345667
74932346157
74932346563
74932346066
74932346405
74932350614
74932345894
74932345811
74932345774
74932346320
74932345839
74932345988
74932350801
74932348309
74932350879
74932350633
74955529571
74955528989
74955529062
74955521564
74932376421
74932374548
74932370701
74932378030
74822704003
74932410046
74842740013
74932345887
74922260825
74932424038
74922384069
74922260418
74852767138
74932345902
74852743601
74842521741
74842702017
74955544877
74955521520
74955562378
74922522946
74932376223
74822559787
74922443525
74954704444
74954704880
74852737054
74954689011
74955557284
74922522770
74922385241
74842531242
74852764830
74955525650
74932373600
74842701332
74954673824
74912550475
74842701910
74842577457
74955527039
74842525169
74999056790
74922536079
74955126414
74852759141
74964123572
74822550060
74922534296
74922524033
74842705052
74842733815
74822553805
74922459499
74922385177
74932350218
74922538669
74955116613
74932346037
74954228283
74953850305
74822555515
74842701130
74964113597
74842569551
74964140303
74842278417
74955125085
74852757019
74922540647
74842592764
74822554772
74852739635
74842579702
74842515186
74822559416
74955525430
74842540566
74932347168
74852736209
74852735544
74955562232
74852720716
74852720425
74852743600
74852759593
74852733109
74852759930
74955547135
74955549435
74955554068
74932412179
74932417138
74932412153
74932423123
74932411538
74852727287
74822553337
74822562613
74822552022
74822552536
74822556169
74842701122
74842701848
74842702000
74842722556
74922532565
74922534094
74922532800
74922532087
74922531843
74922260451
74922263087
74922263594
74922260927
74922262321
74842277323
74842277286
74842274722
74842279894
74842277807
74842273454
74842277556
74842279775
74842277854
74842278222
74842270148
74842271521
74922450780
74922459447
74922445559
74922447520
74922444646
74964163745
74912550075
74912559540
74912550326
74912559542
74912552399
74912552373
74912559591
74912559134
74912552339
74912551872
74912552381
74912557258
74912558293
74912552432
74912557303
74912558074
74822700821
74822706451
74822700057
74822707679
74822706138
74955125727
74955112329
74964113521
74964116966
74964111503
74964127228
74922383963
74922383642
74922384659
74922380029
74922380324
74922383394
74922382244
74922381448
74932345884
74932345977
74932350881
74932345835
74932346455
74932350452
74932351441
74932346082
74932345800
74932345638
74932345660
74955529032
74955528870
74955524256
74955529761
74955523633
74932376809
74932376365
74955521818
74932374516
74932378885
74842271277
74922260985
74842277274
74822564551
74852733639
74842279209
74842558180
74954225023
74842724895
74965744266
74822355063
74955525976
74922443152
74842575381
74842279600
74955118279
74842717360
74912552389
74964124354
74922530206
74842557522
74852732920
74822565247
74964145801
74922451125
74842726138
74852739729
74912552475
74955126289
74842719293
74932374785
74922442727
74842558091
74922542797
74922260211
74842550018
74822356825
74922533888
74955549036
74912550016
74922447721
74822563420
74964116575
74822709024
74842571391
74842718212
74964112195
74922531695
74842743381
74954667803
74922552320
74922547099
74922261419
74964153194
74822555239
74954133184
74842587249
74922442172
74932425535
74964144112
74955123245
74922531588
74842279679
74954702138
74964150509
74842553838
74842514915
74842517295
74954695687
74932347616
74822709730
74852443240
74966163590
74872490043
74955770118
74852756497
74955277369
74966158336
74923259835
74852766733
74955286777
74955286015
74932567566
74955768013
74922410335
74955274712
74872395354
74912361095
74955218417
74912350830
74955282554
74955761409
74912349399
74842731006
74872427600
74966157674
74842704174
74842718388
74912366084
74955236047
74923236682
74842725140
74966163669
74852720342
74955236204
74842719062
74872404292
74955239545
74955216504
74842719587
74955287794
74955270045
74955273598
74912217606
74912210468
74842505676
74955211532
74965672733
74852745409
74842501971
74842501628
74842505902
74842502430
74923231109
74966155817
74842502053
74923242267
74965673930
74955215883
74965678554
74932530980
74932530276
74852739160
74852721390
74852746401
74852746878
74852732145
74955277121
74955277243
74955282982
74955286202
74955295335
74955298816
74955293316
74966150525
74966142108
74966142013
74966152798
74966163136
74923240815
74923230687
74923227093
74923258196
74923245193
74923245110
74923253686
74923232323
74955771212
74955773549
74955766034
74955765282
74955762593
74955775272
74842708366
74955768580
74842708310
74842738050
74842718057
74842714048
74842713571
74842714217
74842723173
74955227564
74955227138
74955215106
74955214944
74955227874
74955215558
74912349914
74912372632
74912337161
74912337492
74872400497
74872436670
74872410920
74872416892
74872436567
74872400422
74872421518
74872408216
74872410174
74852729372
74842502759
74842501639
74842502729
74842504024
74842501651
74842501144
74842505631
74842502660
74842505550
74842500574
74842503099
74842504637
74842506401
74842502465
74842500540
74842502943
74842501129
74842505598
74842500646
74842504649
74842501961
74842500687
74842501652
74842505148
74842505602
74842503238
74842505153
74842502292
74912259313
74912252610
74912255573
74912252059
74912253917
74912252526
74872355301
74872351610
74872346629
74872341806
74912210248
74912210019
74912210274
74912209612
74912211895
74965672761
74965668866
74955879904
74955860539
74955870765
74955888033
74955870466
74955869000
74955870278
74955889254
74872370167
74872365296
74852535849
74932550430
74955888298
74852721255
74955297777
74923243273
74872367021
74912257850
74955238331
74955880754
74965678167
74955275537
74955231393
74852551465
74955292774
74955867920
74852712244
74912219090
74912369097
74842501452
74872363068
74912360017
74872425321
74912324554
74966142551
74955229823
74872408014
74923260633
74912258260
74923233730
74955868000
74966163153
74842502624
74852578587
74842502434
74852756745
74852542734
74955862889
74852738159
74965664282
74965674187
74852720595
74955246581
74965691198
74852750303
74912210280
74965660657
74955882050
74852553322
74912338919
74965666390
74912217282
74955765984
74966148205
74955282147
74932557401
74932528303
74852755822
74932533853
74852727316
74932526042
74932562518
74852720807
74852755252
74852753601
74852738055
74852738332
74852721406
74852750603
74852734578
74852764139
74852732350
74852765369
74955273030
74955280135
74955289570
74955282292
74955276078
74955274121
74966163668
74966155902
74966163284
74966139526
74923242890
74923232461
74923231191
74923243733
74923252617
74923235516
74955760336
74955763234
74955772924
74955765481
74955768295
74955767265
74955768397
74955762521
74955770224
74842719012
74842716468
74842715704
74842721615
74842701886
74842713224
74842740754
74842731236
74842701202
74842714197
74955248005
74955236444
74955229113
74955247870
74955244335
74955212883
74912337769
74852720634
74852744524
74955268554
74842505986
74842503013
74842502613
74842502186
74842500702
74842501727
74842501979
74842501202
74842505588
74842504633
74842501603
74842501214
74842502216
74842502712
74842501394
74842504780
74842504626
74842501312
74842501165
74842500528
74842500709
74842502705
74842500596
74842502685
74842503095
74842501150
74842502856
74842501306
74842501540
74842506055
74912263431
74912254030
74912258116
74912256685
74912257211
74912255306
74912265104
74912265046
74872347586
74872345677
74912212705
74912210860
74912210770
74912208803
74965673928
74965673970
74965665440
74965669527
74965667769
74965676563
74965696079
74965672388
74955885249
74955870330
74955863493
74955877305
74955873302
74955861867
74955875020
74955889611
74955889830
74955875181
74955875110
74955864532
74955866335
74852557682
74872375901
74912355883
74842734210
74955775358
74955860634
74912256824
74966146428
74912208228
74955228111
74955868937
74842503080
74872363312
74852534914
74955211346
74965674529
74955293675
74965669958
74965678883
74966163402
74852743791
74852553394
74842505717
74852717339
74955270484
74912251383
74852568423
74955884675
74912330370
74955275245
74842719443
74955213898
74852747843
74852532045
74923246006
74912218356
74912252570
74955289738
74955228692
74955211877
74955244415
74965664633
74912361972
74955221616
74955292021
74872344595
74872367323
74955234447
74852710110
74912208208
74842502683
74965679118
74852735349
74923248966
74842718299
74842502391
74912215026
74965698855
74852781100
74852784875
74852788041
74852788301
74852784828
74852785650
74852780222
74932563097
74852781931
74852721391
74966163095
74912329759
74955238783
74923244106
74923235533
74923253084
74842715758
74842745333
74842727790
74842713573
74842715040
74842738194
74842726512
74955238839
74955215287
74955227565
74912332905
74912345616
74912335555
74912340149
74842502411
74842502192
74912216331
74842502085
74912210300
74842506173
74842502545
74842501378
74842505245
74842505929
74842502231
74842505691
74842505504
74842504557
74842505272
74842501634
74842501249
74842502730
74912252627
74912265121
74912252269
74912265138
74912265158
74912258528
74912253398
74912256938
74912250443
74912253492
74872353017
74872345095
74872340340
74872355375
74912219191
74912217770
74912218839
74912208316
74912210636
74912219998
74965698800
74965661922
74965669196
74965663201
74965661431
74965663975
74955886107
74955863444
74955868132
74955875099
74955874167
74955876078
74955880799
74955877219
74955869400
74955879998
74955867627
74955861160
74955884443
74955868413
74955878019
74852780755
74852781374
74852780760
74955773233
74852785838
74852786399
74852747433
74852745810
74932557700
74932520393
74932566674
74852745291
74852733132
74852735744
74852727534
74852726175
74852713230
74852727858
74852725685
74852743884
74852724125
74852714098
74852728226
74955296454
74955292154
74955291015
74955270187
74955280518
74955280432
74955292446
74955296586
74955272594
74955275071
74966163125
74966150300
74955290299
74966150323
74966152879
74966142918
74966151911
74852728405
74966140064
74966141319
74966144171
74966163200
74966142221
74966163414
74966163781
74955774140
74955771943
74955772888
74852766435
74932565094
74955769638
74955776559
74852731372
74955270101
74852722284
74842745123
74965698919
74912333204
74842500595
74872340387
74842504620
74955878688
74872340359
74932534303
74923247926
74966149276
74842729349
74852720084
74923256823
74852757439
74852546515
74912256389
74966158139
74955217126
74852725252
74955867100
74852568815
74955274271
74966159242
74912330683
74912368097
74842500584
74955213939
74852759427
74955241520
74955863032
74852785551
74912252236
74852727319
74842506029
74965672397
74965666710
74842500705
74872343676
74912559138
74955296872
74912559388
74951229959
74951229954
74951222857
74951229900
74951229982
74951222119
74951224222
74951229973
74912551875
74951222807
74951229962
74912558273
74912559699
74912552447
74912552300
74912557245
74912557260
74912551817
74912552302
74912557250
74912559598
74912558270
74912559391
74872410384
74872359496
74852780221
74852784724
74852781552
74852785683
74852784899
74852784973
74852780961
74923232917
74923238813
74923241667
74923249117
74923260683
74842715781
74842740763
74955218432
74955237065
74912214771
74842501718
74842502971
74842505711
74842502732
74842504033
74842504375
74912253878
74912255070
74842502331
74912259306
74912265255
74912216998
74912216532
74965673978
74955861049
74955861405
74955870114
74955878462
74852562194
74852726931
74852745437
74852742871
74852737008
74955276683
74955283054
74955294474
74955295847
74966157502
74966163569
74955766023
74955772646
74852746606
74912363948
74966144915
74842714122
74912213627
74955283227
74951229926
74955241085
74966150550
74912211012
74955770270
74912550300
74872409738
74912335324
74955225878
74965666140
74842713948
74965664594
74955292876
74923231316
74923243168
74842705545
74965665280
74955282618
74842562039
74852549185
74965696670
74955285438
74872410166
74955776265
74912265160
74872422844
74965669325
74912328021
74852553703
74965674842
74955225115
74872376781
74872374292
74852719846
74842562681
74912550011
74842718637
74923258716
74965665754
74852737990
74842556054
74951221773
74951229928
74912557257
74951224243
74951222780
74951222190
74951221943
74951222160
74951222449
74912551680
74912559393
74912559320
74912552497
74912559757
74912550600
74912552481
74912557226
74912559464
74912559750
74912552222
74912552394
74912559896
74872436740
74872412397
74872413175
74872375403
74872379058
74872375021
74852782000
74852785705
74852784916
74852781593
74852786468
74852788788
74852785556
74852785668
74852785883
74852780235
74852785748
74852781376
74923261780
74923244777
74923241831
74923243970
74842745425
74842700112
74842704552
74842714130
74842748723
74842735813
74842727798
74842725896
74955212297
74955228009
74955227019
74955242538
74955236542
74912353923
74912331398
74912360252
74912210927
74912252934
74912252245
74912264908
74912264876
74912257498
74912209047
74912218136
74912213874
74912217699
74965669727
74965661144
74965678797
74965666998
74965665858
74955887522
74955869038
74955889120
74955880015
74955884235
74955863303
74955863588
74852764847
74852734139
74852726955
74852723231
74955287194
74955283629
74955293281
74955291127
74955272060
74966142581
74966163349
74955764572
74966150301
74955765326
74955772670
74955875238
74955299536
74872366483
74842741013
74966143124
74912250553
74872374925
74872378185
74912252805
74955239262
74955765232
74955217521
74955245871
74955888821
74965676104
74852738286
74872413333
74955869011
74852736203
74955231486
74965664627
74852788672
74872364897
74852727555
74912250450
74955281097
74955271329
74955224947
74872411199
74852732450
74912550029
74852739873
74955247145
74852732602
74852730470
74872429821
74966140505
74872400064
74872416031
74872411531
74872413179
74872405003
74842740258
74842721990
74842720882
74842739140
74842736422
74842720182
74842713376
74955215829
74955234600
74955230122
74955220616
74955237568
74955216146
74955241847
74912328334
74912346224
74955219502
74912356076
74912339362
74912324653
74912354418
74912322751
74912350959
74912350271
74912355918
74912326552
74912349003
74955299892
74852715145
74852734779
74852745973
74852725273
74852755874
74852720369
74852731720
74852742028
74955275140
74955296841
74955276151
74955277920
74955287755
74955283088
74955277066
74955287263
74955275250
74966140394
74966145012
74966163403
74966154655
74966150520
74966147182
74912336898
74872390482
74955294287
74955213394
74955280291
74872407520
74912322019
74852729588
74872422309
74852737038
74966149600
74852746463
74955225121
74852714000
74966151908
74955248029
74852498102
74955907742
74852436043
74822345259
74872343899
74843920101
74822349391
74852429168
74932565494
74842723024
74965755147
74842549690
74852463635
74932569827
74872215506
74922323957
74932304130
74843920504
74965759368
74965736029
74965750540
74965750017
74965742130
74843933397
74965768933
74843922112
74965760472
74965730869
74965743311
74843923356
74965755478
74843967443
74843940400
74965745023
74843934664
74965755939
74965733455
74843970585
74843962494
74965758809
74843968805
74965745030
74965759760
74965746117
74965763662
74965752322
74843929436
74965739125
74965746301
74965737176
74965745021
74843937969
74965750225
74965755408
74965756744
74965750252
74965735226
74965745220
74965732250
74965745038
74965746097
74965750001
74965754883
74965759522
74965764651
74843950227
74843925875
74843927878
74843938448
74843921889
74843964518
74843960580
74843931912
74843934220
74843927349
74843944119
74843943383
74843929880
74843929552
74843959286
74843923444
74843922561
74843952366
74843935550
74843926905
74965753554
74965761010
74965732037
74965730970
74965740155
74965738413
74965750276
74965744726
74965751982
74965753945
74965753268
74965734390
74965734786
74965759528
74965744016
74965735534
74965768111
74843935660
74843960553
74965752222
74965770018
74843940014
74843937371
74965744204
74843959531
74843931552
74965743277
74843922714
74843928555
74872236556
74852402737
74966182219
74923421235
74852402719
74922450829
74955995139
74922458024
74922441778
74922449790
74922453047
74842573215
74852405614
74967721608
74922773848
74922443724
74922442307
74852404321
74956358591
74956352448
74852405845
74842560627
74923433260
74955638989
74964145731
74842544482
74956357314
74955548261
74852405120
74852400872
74955544508
74852404647
74967723027
74956351005
74852406395
74964166031
74922451015
74967721867
74872223914
74964168344
74932415602
74922449913
74964146500
74956353483
74956359671
74956352366
74955621758
74872215734
74955990939
74872222566
74842576024
74932412536
74956351815
74955632602
74842573811
74955987806
74955543185
74964140930
74964161676
74955985051
74872234152
74922450013
74932427778
74852405476
74955623555
74852404384
74842590895
74922451042
74852403345
74956356569
74932412249
74922524007
74842591844
74872214387
74955975869
74872236792
74955549578
74956353190
74852403791
74872222344
74852400597
74956357773
74932371440
74965767191
74955629037
74954089915
74872230635
74955620054
74967529083
74852406252
74852590330
74954084877
74954083272
74956355069
74955993505
74852592916
74842554055
74956353478
74852500303
74965639230
74954087622
74955645480
74852404627
74852406813
74842556798
74964166244
74955978055
74956351196
74955632815
74955623402
74852404507
74955633820
74964141256
74955996323
74964166345
74956353699
74852404981
74956356870
74955987844
74964139925
74964166294
74842507836
74842554187
74842556357
74842549515
74842519828
74842561821
74842531017
74842534325
74842520242
74842588847
74842577302
74842551232
74842513295
74842569401
74842573066
74842574538
74842517073
74842511162
74842565949
74842587885
74842507933
74842540055
74842507878
74842515612
74842551372
74842560626
74842509703
74842554284
74842574275
74852404634
74842508303
74852400416
74852406632
74852401047
74852404604
74852406863
74852407067
74852407670
74852401834
74852408287
74852404773
74852401776
74852400701
74852406624
74852405194
74852406238
74852400369
74852402742
74852400273
74852404499
74852403561
74852404389
74852406195
74852407108
74852405082
74852406183
74852403981
74852405454
74852404502
74852405058
74852402333
74852402689
74852401461
74852403954
74852403322
74852402151
74852405711
74852404985
74852405207
74964139685
74852404636
74852404317
74852401784
74964160499
74964135003
74964166740
74964146552
74964136701
74964162005
74964166325
74964149822
74964166618
74964138815
74964166427
74964166585
74964139264
74964139964
74964166571
74964161134
74964166284
74964141734
74964166442
74964162162
74964166344
74964166637
74964166866
74964166269
74964161429
74964160527
74964166529
74964167376
74964149371
74964138693
74964139226
74964146520
74964166061
74964166840
74964141631
74964166629
74964162345
74964144670
74964146521
74964142588
74964143020
74964151842
74964165209
74955987415
74955984987
74955980412
74955987926
74955985826
74955976842
74955984701
74955987036
74955978112
74955979848
74955995077
74955985754
74955987968
74955987417
74955992054
74955977687
74955996834
74955992937
74955985984
74955985134
74955996164
74955987862
74955977368
74955987955
74955979620
74955984808
74955993527
74955977952
74955987839
74956356382
74955987894
74955987571
74956352141
74956353672
74956351110
74956354210
74956355398
74956357540
74956357597
74956351389
74956354001
74956352890
74956358186
74956355025
74956357985
74956356981
74956357158
74956353317
74956353982
74956359215
74956351529
74956351128
74956355271
74956358877
74956359830
74956353068
74956354306
74956354539
74852458735
74956351368
74956351352
74956351471
74956355688
74956351639
74956355853
74956352531
74956357361
74956351651
74956355348
74956354257
74956356800
74956357293
74956359218
74956354628
74956354597
74956351886
74956356226
74956354147
74956355365
74956358602
74956357115
74956353803
74956359886
74956353172
74956359647
74956356425
74956353477
74956354986
74956354426
74956351466
74956352608
74956353781
74956356268
74956352151
74956353795
74956352932
74956356246
74956356101
74956352454
74956354637
74956359698
74956354681
74956351418
74956359346
74955638413
74852404380
74872216369
74872227309
74872213062
74872237706
74872212919
74872224485
74872216449
74872242580
74872227084
74872218388
74872242290
74872214224
74872216413
74872240384
74872218992
74872224366
74872238892
74872240751
74872215472
74872216330
74872225285
74872227308
74872218949
74872231830
74872225064
74872222505
74872221187
74872214321
74872219524
74955631463
74955628025
74955622199
74955632543
74955625312
74955639218
74955620475
74955625010
74955644097
74955629750
74955636990
74955631973
74955628821
74955630845
74955641573
74955638487
74955646401
74955622798
74955623093
74955620400
74955631213
74955633100
74955627204
74955645606
74955620386
74955623226
74955624010
74955639504
74955632852
74955623149
74955626933
74955543498
74955647540
74955620078
74955641494
74955639680
74955636954
74955549478
74955548051
74955561963
74955542075
74955549051
74955555134
74955553681
74955559925
74955561752
74955545458
74955562137
74955553466
74955550903
74955550390
74955543872
74955546321
74955559840
74955562461
74955550083
74955562941
74955546591
74955550157
74955543202
74955547010
74955546501
74955554638
74955562107
74955562566
74955542329
74955553974
74955541031
74955548043
74955541597
74955548177
74955541018
74955545407
74955541174
74955560735
74955543390
74955542178
74932426676
74932416826
74932419378
74932416258
74932415584
74932419682
74932410902
74932429412
74932414972
74932424700
74932414465
74932419231
74932414501
74932427039
74932424834
74932415362
74932417226
74932410030
74932427113
74932413504
74932423142
74932416125
74932411336
74932415170
74932422735
74932419411
74932428543
74852590916
74852590840
74852591323
74922525545
74852591922
74852591572
74852591917
74922530277
74922541088
74922534287
74922541620
74922542919
74922531400
74922531125
74922537481
74922530694
74922547047
74922534258
74922536294
74922534581
74922529880
74922530959
74922529978
74922523071
74922532343
74852590923
74852591343
74852590832
74852591960
74852590842
74852591393
74852590702
74852591362
74852591043
74852591039
74852590871
74852591223
74852590878
74852591038
74852590533
74852591046
74852590886
74852590803
74852591464
74852590876
74852592919
74852590910
74852590918
74852590849
74852590865
74852590942
74852591473
74852592929
74852591042
74852591333
74852591599
74852592915
74852591047
74852590743
74852591950
74852591698
74852591019
74852590516
74852590930
74852591967
74852591925
74852590895
74852590901
74852590938
74852590852
74852591033
74852591036
74852591032
74852590948
74852590458
74852590943
74852590931
74852591011
74852590947
74852590893
74852591949
74852591910
74852590704
74852590888
74852591670
74852590904
74852592901
74852590007
74852592908
74852590855
74852590000
74852591037
74852591585
74852590425
74852590934
74852591548
74852591031
74852592910
74852591048
74852591040
74852590921
74852591041
74852590778
74852591034
74852590864
74852591615
74852591184
74852591976
74852591538
74852590875
74852499174
74852517205
74852591245
74852505854
74852502045
74852516451
74852516191
74852499076
74852500337
74852498843
74852511166
74852515867
74852500019
74852513112
74852501364
74852500343
74852514135
74852510753
74852498258
74852515477
74852512029
74852498458
74852499319
74852516794
74852515644
74852498638
74852517842
74852499394
74852498354
74852500329
74852500635
74852511005
74852499314
74852503517
74852517204
74852498091
74852511009
74852515041
74852499300
74852502438
74965764890
74965766873
74965760785
74965759971
74965759506
74965751079
74965743207
74965738597
74965758106
74965732721
74965742252
74965730008
74965733622
74965764377
74965749203
74965749161
74965766083
74965733566
74965744535
74965762725
74957994982
74932377283
74932374756
74954081207
74954086466
74954084618
74932378237
74932371714
74955261216
74955257549
74955257307
74955257528
74955260716
74955257313
74955260000
74957995184
74955257548
74955256566
74955255389
74955258838
74955257168
74955254736
74955253211
74955257706
74955252749
74955258842
74955257009
74955258839
74955252237
74955251508
74955257704
74955255132
74955260110
74955253428
74955257562
74955252175
74955258836
74955255680
74955253846
74955251011
74955257390
74955260796
74955251638
74955254067
74955257015
74955255681
74955251063
74955254735
74955257336
74955257017
74955251005
74955260455
74955257022
74955252145
74955257767
74955250726
74955257527
74955257008
74955257023
74967529007
74967545980
74967527608
74967545981
74967541394
74967526001
74967527505
74967544205
74967541661
74967530419
74967545410
74967546334
74967535134
74967541520
74967542440
74967538259
74967547080
74967548473
74967544557
74967530198
74967547441
74967529983
74967535294
74967542256
74967544871
74967541650
74967540112
74967548146
74967545889
74967527612
74967544863
74967544888
74967540377
74967544875
74967527638
74967547415
74967546123
74967548738
74967544994
74967528591
74967535473
74967545907
74967545513
74967548116
74967534030
74967541253
74967534180
74967543081
74967535203
74967529348
74967534119
74967545086
74965633149
74965629900
74967533378
74967547212
74965627177
74965629990
74965639213
74965629998
74965623954
74965635844
74965639232
74965622357
74965630066
74965628341
74965635604
74965627258
74965629552
74965635226
74965627200
74965620054
74965627807
74965630000
74965625356
74965624575
74965627744
74965639284
74965621233
74965625271
74965639220
74965623555
74965623244
74965639233
74965625318
74965621955
74965623427
74965636004
74965639211
74965625440
74965630383
74965639252
74965620635
74965635340
74965627666
74965629977
74965621288
74965622908
74965628981
74965628872
74965635984
74965625658
74965630109
74965622178
74967350527
74967367581
74967375004
74967350145
74967357494
74967375687
74967353878
74967355106
74967355419
74967358082
74967358118
74967357945
74967371612
74967360744
74967355839
74967360486
74967352171
74967357353
74967355119
74967358000
74967367167
74967355317
74967371852
74967374335
74967352844
74967355619
74967378370
74967353335
74967353539
74967360203
74967366108
74967359115
74967355232
74967379046
74967366657
74967351580
74967354496
74967360382
74967377335
74967360130
74967355206
74967378295
74967353050
74967375026
74932372931
74932376191
74932378216
74932375889
74932371720
74932375387
74932372655
74932377837
74932376177
74932370186
74932371224
74932375834
74932371962
74932377118
74932377030
74932371855
74932370950
74932370368
74932372082
74932378010
74932376777
74932372725
74932371919
74932372324
74932373454
74932377982
74954086238
74954083298
74954088528
74954081181
74957992807
74954086738
74954080585
74954088318
74954088430
74954082811
74954087736
74954086956
74957994340
74954083890
74954082331
74954085042
74954087661
74954081336
74954083733
74954084411
74954088766
74954086351
74954083400
74954087860
74954087983
74954087227
74954086397
74954086874
74954083909
74954081486
74954088272
74954085264
74954086292
74954086910
74954081330
74954089945
74954084590
74954087222
74957993685
74954082627
74954087324
74954087772
74954085177
74954085453
74954080554
74954088810
74954082739
74954087669
74954081152
74954083878
74954084566
74954086444
74954086206
74954083933
74954080934
74954085744
74954085193
74954080707
74954086200
74954087171
74954083928
74954083209
74954083544
74954086211
74954081150
74954085088
74957995285
74954086138
74954086900
74954088397
74954085677
74954081305
74957990458
74954086440
74957994647
74957993733
74957992027
74957994450
74957991569
74957990830
74957993575
74957991057
74957992997
74957991333
74957991810
74957993080
74957990377
74957991288
74957990561
74957994998
74957994597
74957990206
74957993871
74957994009
74957995321
74957990662
74957993899
74957991723
74957990954
74957995400
74957990335
74957991455
74957990747
74957994409
74957995452
74957991305
74957994119
74957994050
74957993720
74957990838
74957993538
74957994432
74957991204
74957990541
74957992300
74957994191
74957992855
74957992490
74957992123
74957991379
74957992365
74957992286
74957991142
74957992633
74957993481
74957992164
74957993229
74957990946
74957994588
74957993820
74957991688
74957992229
74957990766
74957990516
74957992676
74957990963
74957990131
74957990126
74957990663
74957993208
74957990019
74957994642
74957991278
74957990937
74957993695
74957994735
74957992295
74957994398
74957993005
74957991336
74957992735
74957990806
74957994523
74957993234
74957993201
74957990211
74957994449
74957990800
74957994743
74957990579
74957993426
74957991420
74957995420
74957992693
74957992985
74957994559
74957993844
74957994222
74957994879
74957991786
74957991811
74957991019
74957994443
74957991801
74957995131
74957994760
74957994346
74957994509
74957994285
74957994280
74957990755
74957993217
74957990624
74957995099
74957995463
74957991515
74957991080
74957993779
74957994779
74967978718
74967978400
74967972676
74967973126
74967974566
74967977132
74967978429
74967975426
74967974634
74967972914
74967975454
74967972811
74967978306
74967972407
74843972119
74967978639
74967972976
74967974602
74967974635
74967975236
74967974197
74967972885
74967978216
74967976139
74967975638
74967977262
74967974141
74967974637
74967977046
74967977126
74967973086
74967970599
74967974776
74967975323
74967972211
74967974620
74967973141
74967975258
74967977527
74967977122
74967978969
74967978716
74843972117
74843972455
74967974979
74843974037
74967973198
74843973286
74843972454
74967978711
74843973288
74967972837
74967976235
74967976421
74967971085
74843973502
74843972118
74843972123
74843972414
74843972142
74843972379
74843972217
74843972139
74843974000
74843974093
74843974012
74843973255
74843973641
74843974083
74843974064
74843973631
74843972115
74843973910
74843974063
74843972576
74843974008
74843973433
74843972252
74852400614
74852406747
74852591397
74843974060
74956356126
74967542396
74967353588
74955638540
74843972350
74843972110
74957990999
74967544681
74957994577
74957990278
74852592926
74843974058
74922534217
74842512946
74932373270
74956359597
74852516166
74842562036
74967530433
74954087154
74872214580
74852500327
74872217313
74852498588
74843972567
74967357300
74932370889
74956353568
74957992259
74872214726
74955252442
74965746694
74852513871
74955639887
74964144444
74955553836
74957990220
74965758828
74955561943
74956352418
74957993600
74932422037
74965754055
74957991310
74955254367
74967360017
74957994571
74932428154
74957993885
74965760483
74842574827
74852499371
74922532268
74954087927
74955548851
74872215443
74843972168
74872212398
74852400332
74955252030
74967371772
74852591151
74955641318
74842508363
74852404373
74967541037
74965744720
74842549641
74842507826
74932371322
74954081492
74872216386
74957995092
74852591425
74932375198
74957994077
74955641313
74956355814
74922533050
74956351146
74956352656
74852590748
74852402184
74965743959
74954082500
74852515151
74957992360
74852590937
74922532591
74957991873
74922532521
74922549326
74842554458
74955620514
74967545781
74967351932
74842571021
74912387701
74967527597
74852590779
74932412233
74842576153
74965636618
74957993184
74852591016
74852590818
74922536228
74964167761
74955623445
74852512555
74955980837
74842509004
74967544886
74842550383
74965635347
74932375235
74852592920
74965625090
74852404805
74852591010
74842551880
74954084088
74955621291
74852400065
74922539433
74872225689
74842523782
74956356402
74852405169
74852405242
74956354155
74932378103
74842575242
74967549222
74852498716
74965635784
74955620402
74964153805
74852407676
74922533738
74966148373
74955556227
74954087840
74852591049
74852498413
74922544358
74967528888
74955255039
74957990238
74964149133
74852519494
74965627954
74842543625
74965763210
74967976680
74842562978
74932373545
74955552472
74957993345
74955256028
74922530640
74932370330
74955251770
74852500606
74852502039
74932410335
74922538359
74872240000
74956353082
74872217188
74932424626
74922530323
74852443681
74966131445
74852409411
74872565318
74966121869
74955555455
74852410991
74872559210
74872555080
74872567818
74872566970
74872555323
74872554004
74872552588
74872564682
74872559509
74872566785
74872567792
74966134550
74966129434
74852423177
74966132411
74966128781
74966134143
74966123509
74966124491
74966127842
74967732441
74966124499
74966133276
74966127692
74966127400
74966129734
74966134007
74966120652
74966120337
74955541560
74955545388
74955558072
74955548788
74955555293
74955544182
74955556477
74955552649
74955547382
74955547191
74852420762
74955559160
74955549027
74955542576
74852422817
74852422808
74852425240
74852409279
74852422841
74852425126
74852421014
74852409916
74852420547
74852415685
74852426360
74852420796
74852420869
74852425265
74852420993
74852420753
74852425189
74852410911
74872560888
74852413078
74955560756
74852426044
74966122494
74955542494
74872554033
74955549090
74955548529
74872555734
74966124602
74852426407
74872557930
74872557933
74872562542
74872560470
74872556405
74872553027
74872565659
74966123159
74966129056
74966130922
74966133026
74966133372
74966127176
74966125818
74966131315
74966123173
74966132502
74966131285
74955560282
74955549152
74955548407
74955551041
74955555553
74955547066
74955544303
74955561355
74955540136
74955554267
74955551281
74955541052
74955540283
74955561961
74955547877
74955548033
74955544804
74955547461
74955540218
74955556070
74955544577
74852423155
74852420776
74852420967
74852409700
74852419138
74852420815
74852423789
74852423381
74852423050
74852422802
74852413514
74852425085
74955562113
74955550316
74955560218
74955540291
74966134032
74872561113
74872557460
74955556689
74966121298
74966134188
74966121134
74955545252
74955540233
74872553228
74872558540
74872555242
74872558687
74872557693
74872565862
74966130719
74966125798
74966131024
74955562825
74966131130
74966126275
74966128705
74966133395
74966130323
74955562225
74955542308
74955544280
74955540342
74955543861
74955554306
74955548226
74955546072
74955556627
74955548115
74955555480
74955546119
74872568010
74955541133
74842718169
74842279817
74842700675
74852731182
74842729177
74922384171
74922544833
74822550335
74822559370
74932345899
74953851390
74954697772
74954141531
74954143051
74954140213
74954141275
74954132984
74954144958
74954147270
74999058700
74954228797
74955529629
74912551873
74964166609
74932346098
74842279766
74954228098
74954143433
74954138186
74852764819
74954666545
74954676734
74954140841
74999056274
74999066667
74954141883
74954144880
74999082668
74954131958
74999065229
74954123891
74954144657
74954137991
74954132837
74954692386
74954126554
74954706762
74954660087
74954144849
74954145873
74954692325
74954144871
74999074117
74954141742
74954133197
74954683506
74954670849
74999083344
74954144845
74954142345
74954133621
74954144600
74954224278
74953847497
74954683293
74953841997
74954660417
74954132462
74954136870
74953851818
74954134655
74954144980
74954143137
74954144010
74954141827
74954144686
74953839067
74954144982
74954146724
74954132592
74954136949
74954142556
74954141363
74954127622
74954144504
74954144552
74954144739
74954141402
74954133954
74954144903
74954145945
74954135106
74954139417
74954130266
74954130075
74954130157
74954139504
74954127984
74954138723
74954135496
74954133562
74954129098
74954132884
74954134114
74954136661
74954145803
74954140001
74954144444
74954126520
74954141211
74954132826
74954141060
74954141745
74954139488
74954130892
74954142038
74954138643
74954131732
74954142131
74954146022
74954678729
74954145032
74954139121
74954141124
74954125196
74954126783
74954137092
74954141844
74954139360
74954145695
74954131213
74954139204
74954137039
74954129850
74954134862
74954136066
74954141415
74954142016
74954138134
74954133441
74954141743
74954138993
74954137815
74954133032
74954129297
74954135728
74954142019
74954141088
74954127538
74954139521
74954139974
74954137545
74954133242
74954141150
74954134555
74954145547
74954145241
74954132124
74954145322
74954126253
74954127545
74954142725
74954127250
74954130304
74954138805
74954139154
74954138102
74954144449
74954141130
74954141450
74954134437
74954137417
74954141057
74954137906
74954127496
74954128516
74954129235
74954132610
74954141256
74954141846
74954134139
74954131947
74954142819
74954142474
74954125037
74954138574
74954138492
74954124072
74954135971
74954130333
74954127964
74954141174
74954134188
74954138035
74954127900
74954139087
74954139393
74954143223
74954135325
74954144754
74954141233
74954143207
74954135647
74954132685
74954131896
74954123608
74954134193
74954137063
74954679315
74954125310
74954131178
74954136135
74954144170
74954127032
74954133943
74954132632
74954144846
74954684756
74954142823
74954684697
74954706030
74954677672
74954691166
74954707777
74999072527
74999084690
74999065971
74954688437
74954691539
74922530547
74954708702
74954665820
74954695337
74954699865
74954709140
74954676186
74954667295
74954659048
74954674878
74954666361
74954672945
74954659328
74954669917
74954679933
74954678217
74999080507
74954691651
74954673960
74954666392
74954673240
74954692895
74954703073
74954674114
74953850922
74954688158
74954690413
74954703678
74954663092
74954689543
74954670065
74954660800
74954674321
74954668593
74954659273
74954680840
74954701877
74954681118
74954707727
74954685688
74954696456
74954678636
74954699526
74954693546
74954703178
74954694329
74954684776
74954224017
74954697566
74954688483
74954686563
74954694540
74954685676
74954662793
74954681442
74954700012
74954676095
74954709305
74954705450
74954709438
74954692369
74999079306
74954663484
74954669614
74954679627
74999082273
74999082482
74999068476
74999063428
74999079647
74999056789
74999080454
74999064279
74999065867
74954236366
74999079903
74999068095
74999057146
74999057113
74999069790
74999073625
74999083133
74999084288
74953843084
74999082252
74999070992
74999070780
74999070255
74999071263
74954691111
74954706206
74954233813
74954233210
74954233237
74954226945
74954224330
74954233723
74954233141
74954243258
74954223973
74954236965
74954226098
74954235044
74954227705
74954228109
74954236973
74954224847
74954237591
74954224852
74954231918
74954230022
74954236043
74954245488
74954245683
74954224986
74954238582
74954241162
74954239972
74954223806
74954240250
74954226663
74954226371
74954245363
74954242429
74954237654
74954245199
74954228602
74954233756
74954229527
74954244260
74954226995
74954232722
74954230561
74954227762
74954241981
74954224794
74954243694
74954242984
74954232535
74954245469
74954225118
74954224280
74954241935
74954223552
74954235200
74954242568
74954228081
74954225810
74954227111
74954229375
74954229218
74954237610
74954228639
74954234014
74954229058
74954235863
74954223754
74954244771
74954242345
74954233150
74954241998
74954242171
74954242377
74954244469
74954232845
74954242743
74954237433
74954227315
74954237990
74954233718
74954235122
74954230619
74954235914
74954243574
74954230922
74954227825
74954232816
74954241198
74954236909
74954244134
74954237031
74954235422
74954224983
74954228353
74954226311
74954240997
74953848851
74953851932
74953841821
74953840722
74953842294
74953851009
74953850918
74953848107
74953850356
74953852446
74953840900
74953843183
74953840336
74953845483
74953852717
74953851006
74953849504
74953843461
74953848401
74953843673
74953841620
74953853459
74953839180
74953846843
74953849609
74953839477
74953846991
74953843553
74953839224
74953840992
74953840147
74953851193
74953850438
74953854252
74953838977
74953852337
74953846553
74953854535
74953853971
74953852331
74953837700
74953843091
74953839440
74953844642
74953840432
74953849119
74953854220
74953847915
74953839352
74953854020
74953838336
74953850129
74953853339
74953849372
74953838293
74953843684
74953840412
74953851180
74953839304
74953851230
74953852753
74953840784
74953851198
74953844818
74953844216
74953840292
74953847342
74953846031
74953850729
74953840712
74953838346
74953849418
74953843623
74953850964
74953838492
74953850710
74953852969
74953850648
74953846882
74953837940
74953854435
74953837883
74953848676
74953852724
74953840220
74953846777
74953848711
74953844984
74953846131
74953837664
74953852552
74953845877
74953854049
74953837703
74953838856
74953850398
74953841552
74953853321
74953840565
74953848623
74953843210
74953837929
74953848260
74953854518
74953849063
74953849551
74953850135
74953839942
74953845709
74953854621
74953847535
74953850543
74953845928
74852720010
74852744453
74955560713
74953849275
74912559509
74822550750
74912559090
74964125236
74964116794
74955118567
74955529753
74822561737
74842277040
74955529799
74932372238
74852743309
74852725407
74852727903
74852741243
74852729444
74955549343
74932420209
74932414183
74822554350
74822563889
74822551637
74822555237
74822557765
74822565447
74822556559
74922531240
74922530567
74922261742
74842277419
74922261611
74842277686
74842278391
74842278696
74842279805
74842276679
74922459456
74922522207
74922450707
74964143143
74964166875
74964167824
74912557317
74912552397
74912559069
74912559615
74912557265
74912552374
74912550056
74912559402
74822700335
74822709512
74822709840
74822709677
74912559672
74912559704
74955119991
74955124260
74955115228
74964110947
74964124061
74964113626
74964121052
74964115926
74955118620
74922384141
74922384576
74922383202
74922385238
74932345603
74932347640
74932345632
74932345594
74932345842
74955529727
74955525721
74955529662
74955529576
74932371607
74932378339
74932373282
74932377446
74932373540
74932374668
74912559551
74954123984
74954124562
74953848284
74842279813
74922456243
74954241926
74954239310
74912559837
74922535774
74842586248
74932374146
74964166190
74955522456
74953844661
74999081006
74964136768
74852730310
74999058200
74955521543
74822553747
74932412961
74954666784
74955551063
74954245142
74954142464
74954124863
74954237309
74999081500
74852738198
74955528224
74964121240
74955121055
74822559331
74954137029
74953844554
74964124154
74954125444
74954245533
74842704513
74922458074
74955129971
74932374321
74954240861
74842735809
74842717061
74955521415
74954682390
74954136792
74953848161
74954676361
74932413411
74822555420
74954133478
74954662447
74954240062
74953845028
74852722874
74954226605
74954670565
74955126566
74922536432
74872212543
74922531540
74922456137
74954137611
74872336401
74872555222
74872553431
74872216198
74842733498
74964110537
74872554867
74822707015
74955557188
74954226547
74872354610
74955529587
74954143467
74932345733
74953850855
74954131769
74852728712
74932345662
74912559629
74912551524
74912550170
74955529113
74932372423
74955527545
74964166859
74822700055
74912552433
74964124012
74852724738
74852720373
74932419198
74912550027
74912551534
74964110920
74932377674
74932375734
74955524633
74852745275
74852725275
74842579144
74842551065
74842717007
74852731624
74852731445
74852757383
74852730570
74852721226
74852725683
74852731756
74852738313
74852745475
74852742166
74852715087
74852730734
74852721379
74852733214
74852726277
74852736132
74852725649
74842579065
74955545266
74955546064
74955547540
74842563904
74842562843
74842573091
74842533865
74932417748
74932411802
74932412881
74932413310
74932417853
74932410822
74932373862
74822551823
74822564590
74822551891
74822560437
74822562998
74822555074
74822555362
74822550308
74822553516
74822555365
74822555138
74822554465
74822554342
74822559270
74822554560
74822559359
74822553387
74842701827
74842713941
74842719216
74842719084
74842713916
74842705358
74842714916
74842722233
74842745537
74842719759
74842718525
74842719802
74922530204
74922540023
74922520492
74922530698
74922528168
74922522810
74922532375
74922532846
74922535841
74922541958
74922531654
74922530741
74922531121
74922541293
74922533939
74922522763
74922546665
74842277406
74842271551
74842279625
74842277033
74842277030
74842279193
74842279761
74842278193
74842277860
74842277665
74842279753
74842277823
74842277673
74842278493
74922458212
74842277293
74842277839
74842277130
74842279873
74842277761
74922452631
74922442964
74922452411
74922454492
74922451004
74922449865
74922450813
74922455800
74922448184
74922447181
74922443800
74922445341
74922442800
74922459463
74922445049
74922447137
74922458050
74922450841
74922446431
74922454472
74964160066
74964150699
74964166234
74964166257
74964153619
74964146242
74912559780
74912559269
74912559287
74912550290
74912559296
74912559914
74912559604
74912559501
74912552383
74912558271
74912551838
74912558269
74912559519
74912550005
74912557104
74912559442
74912559291
74912550316
74912557242
74912552419
74912550160
74912559258
74912552409
74912551879
74912557294
74912557263
74912557235
74912550006
74912550162
74912557052
74912559053
74912551572
74912550057
74912557202
74822702482
74822709934
74822709392
74822709935
74822709912
74822709413
74822700817
74912559531
74912559411
74912557293
74912557237
74955529561
74955116719
74955116390
74955116720
74955117780
74955128363
74955126090
74932348154
74964126458
74964113643
74964125618
74964121511
74964124222
74922383762
74964127345
74964123050
74964120027
74964121190
74932345698
74922386998
74922383882
74922386895
74922382811
74922380108
74932346251
74932351646
74932346024
74932348299
74932346357
74932351188
74932345936
74932350001
74932345630
74932346048
74932345659
74932350407
74932346126
74955523546
74955520751
74955529501
74955520927
74955521149
74955520046
74955529324
74955521390
74955526140
74955524374
74955521252
74955529604
74955527676
74955520385
74955529771
74955521991
74955521345
74955529542
74955524688
74955529511
74955523661
74955520119
74932373150
74932378762
74932376538
74932373737
74932373784
74932374508
74932372558
74932371979
74932378996
74932374788
74932373411
74932372425
74932374568
74932373531
74872216320
74872230510
74872218799
74872215677
74872231280
74872212038
74822740406
74822744598
74932526063
74932560219
74932526051
74932527103
74932528324
74932526764
74932541651
74932552697
74932526277
74872329750
74872333755
74872329776
74872335374
74955195187
74955192928
74955190324
74955193197
74955196701
74955199302
74955195734
74955196705
74955554209
74955192006
74967723442
74967722010
74955552878
74955558350
74955553782
74955555246
74955557671
74955550281
74965651957
74965652516
74965644427
74965651050
74965652519
74965651234
74965651056
74872555389
74872568221
74872563685
74872555283
74872558531
74872568541
74872569194
74967728660
74967721459
74967726809
74967725412
74967727606
74932303930
74932308481
74932299125
74872341264
74872345637
74872352170
74872341563
74872342679
74872342700
74872345122
74872329862
74872331327
74872329164
74872329846
74872328221
74872327960
74872329573
74872331518
74872331683
74872335868
74872334374
74912444206
74912440681
74912441308
74922219219
74922213988
74922212142
74922219255
74922212549
74822744485
74822741272
74822743482
74822744556
74822743575
74953841683
74955556997
74954236910
74822741565
74955529556
74955558488
74932304552
74932554925
74822705888
74852757048
74932370445
74912557297
74955556612
74842277229
74872329889
74822744596
74922216603
74922214674
74842702803
74912559191
74872216427
74872331003
74955121277
74842277705
74922210252
74922545209
74842715912
74872224816
74932562318
74955129273
74922544241
74842717003
74999058378
74872330333
74872216123
74932376028
74954668606
74932303013
74932527460
74822555008
74922522933
74932345823
74955525661
74852754192
74922529211
74842509334
74842273113
74822557720
74954125397
74842713336
74964124637
74842551237
74999069590
74954708297
74967728630
74922443740
74922449780
74954704152
74922533448
74922535103
74964166252
74842725843
74954138152
74953839404
74955129085
74955193780
74922457044
74922522171
74842715776
74953845044
74852728811
74954228290
74872563724
74842517513
74872212735
74912550302
74932376051
74953844111
74954669247
74842741177
74912442956
74999058641
74912444949
74964147788
74932307079
74955192649
74964166356
74872215461
74852726400
74954687249
74955559314
74954674608
74965651659
74932306774
74922442277
74954672676
74822550732
74822703061
74822554849
74842278132
74954665376
74964150336
74999083663
74822705259
74922535441
74955553281
74872568725
74872222620
74967722693
74954244763
74955118008
74932527016
74842277272
74922452132
74964113820
74955521270
74967722918
74922215862
74922212232
74964131053
74922541642
74964120228
74842718196
74964166655
74932542017
74872224431
74955193861
74964166225
74922541567
74954129622
74932300521
74932562466
74912559938
74954688504
74954142200
74842561432
74912441676
74912446681
74872219453
74954133397
74954664142
74842721699
74872553199
74955197465
74964166848
74932290817
74955559106
74842745214
74852737088
74922450840
74954235701
74842739053
74822555581
74842543836
74964166831
74822555195
74912445235
74932527362
74912550093
74932560051
74842725658
74965643702
74922530133
74955547749
74842588383
74912442542
74964121001
74872333714
74955521218
74965651645
74922216483
74872222555
74967721602
74955551953
74955529750
74955198844
74964166665
74932370470
74912552358
74822776136
74822777149
74922219354
74922535834
74955122367
74955553022
74967931128
74967930272
74955193157
74842700634
74852405158
74852403372
74822765418
74852406799
74852401427
74852405124
74852400068
74852404097
74852400560
74852400766
74852404153
74852403374
74852405746
74852407588
74852401771
74852403366
74852400955
74852400665
74852404643
74852401741
74852404651
74852402661
74822769930
74822765390
74822777078
74822777234
74822765749
74822776162
74822777489
74822769370
74822775348
74822776112
74967933309
74967935188
74967930370
74967933384
74967933037
74967930110
74967930359
74967930900
74852741893
74852736193
74852735558
74852747642
74852730319
74852725088
74852765703
74852732778
74852721474
74852755553
74852715115
74852739087
74964131880
74922450197
74964140000
74922451819
74912551823
74922442251
74922540043
74912550410
74955524928
74842574936
74842555094
74955557688
74955549498
74955540488
74955546031
74955555355
74955561243
74842559925
74822553401
74822562059
74842701025
74842723680
74842719988
74842701952
74842746416
74842732343
74922532841
74922529943
74922533963
74922545240
74922545743
74922540046
74922450911
74922443595
74922442900
74922449774
74922453283
74922453791
74922450370
74964166012
74964148015
74964160955
74964166192
74964161369
74912551920
74912559538
74912558290
74912559308
74912550176
74912559988
74912550553
74912552462
74912559921
74912552403
74912551700
74955116094
74955121398
74955116232
74955112608
74955125326
74955114378
74955118645
74955118131
74964126703
74964127535
74955529781
74955527590
74932376627
74955521205
74955528295
74955520924
74955523293
74932373863
74932374728
74932372231
74955522840
74955529030
74955521007
74932377051
74932377609
74872216358
74872212405
74872227747
74872211082
74872214723
74872240477
74932528908
74932559959
74872331180
74955199086
74955194803
74955190414
74955197354
74955191972
74955198342
74955197763
74965651388
74955191091
74955192301
74955198506
74955196679
74955557581
74955192119
74955552671
74955556209
74955550877
74955555593
74965651133
74965649826
74965652484
74965645216
74965641539
74965651343
74872558705
74872554375
74872561332
74872565792
74872560550
74967725813
74967728671
74967726232
74967721588
74967721454
74932303166
74932298286
74932300685
74872352622
74872344501
74872330302
74872329700
74872327900
74872331330
74872327969
74872330712
74872329894
74872333991
74872333344
74912444739
74912448759
74912444983
74912442429
74912445648
74922218376
74922218970
74822743495
74822743998
74822741476
74822743496
74955526668
74872216416
74955558066
74822744277
74955191164
74955543009
74822565774
74955559060
74967723792
74955557477
74852402376
74955529670
74822559993
74852721787
74822563342
74872329806
74954133532
74852721491
74922533941
74922532148
74852403329
74842555888
74842734492
74912441485
74932565447
74922210527
74842554648
74932308056
74922458303
74932551076
74842555486
74967933510
74955555011
74852404663
74822740208
74852403535
74955192661
74955124146
74872550387
74822746950
74932526947
74932541976
74852755282
74932535326
74932528990
74967938454
74922451586
74954144351
74922532214
74912552390
74842574041
74872344030
74822559333
74822777460
74912443679
74842742598
74872231529
74822555016
74967725753
74955129889
74852407020
74842713223
74872568469
74932536748
74842749867
74954670395
74842713750
74842593035
74842509691
74955193604
74955558465
74842531584
74872554425
74872569664
74967930092
74822773589
74842551565
74822564141
74852750197
74842565831
74922441144
74955114602
74964110666
74872240954
74852403362
74932304965
74967357568
74964166734
74842536890
74955557201
74955558203
74967543232
74957994535
74956352065
74967352580
74932412574
74954085355
74872240392
74957994054
74965733402
74965734495
74954083255
74967527119
74912440837
74842587773
74912502886
74965750006
74965740000
74956356282
74842531604
74967548797
74955545351
74955789070
74912448162
74922549981
74955826112
74912503921
74956352679
74967755532
74955549496
74852499108
74967540116
74912503858
74955784330
74852511273
74956351084
74956358109
74955255547
74965623638
74955785808
74932376990
74955836595
74852498076
74912503957
74956355957
74957991606
74955781014
74842547644
74955552217
74954088788
74964144903
74964166398
74956357728
74842563491
74964139567
74964166056
74956356347
74956354098
74956355324
74956352058
74956352751
74956352677
74956359659
74956355787
74956351593
74956357937
74956359237
74956355417
74955647026
74955623323
74955644486
74955541112
74955552072
74955551559
74955541152
74955541205
74955542307
74932418140
74932426646
74932410210
74932422279
74922522610
74922548680
74922530136
74922544561
74922530738
74852518355
74852500328
74852500302
74965730034
74852498151
74965745007
74954087855
74932372567
74955252179
74967527653
74967547887
74967531274
74967545267
74967540351
74967544960
74967547230
74967540360
74967535424
74967548145
74967549693
74967529189
74967542757
74965639139
74967534015
74965631807
74965621400
74965635658
74967367570
74967355234
74967376696
74967354303
74967357573
74967377766
74967357653
74932374147
74932377651
74954084681
74954087690
74954083286
74954088866
74954084366
74954084342
74954080533
74957994666
74957990931
74954085443
74957991404
74957993340
74957991718
74957993523
74957990506
74957992506
74957991058
74957992589
74957992209
74957993896
74957994287
74957992795
74957992805
74957992186
74957994045
74957994490
74957993090
74957994544
74957993119
74957991115
74843953463
74957990382
74843922470
74843951028
74965751163
74912447850
74912447709
74912445740
74912442511
74852314244
74852313637
74852311637
74912503945
74932374486
74955838122
74955826166
74967753322
74955833670
74955837291
74955251070
74955258844
74955260889
74955256006
74955257323
74912502846
74955257316
74912503860
74912503971
74912503962
74912500909
74912504962
74912500920
74912500599
74912501183
74912500218
74912503972
74912503985
74912503928
74912503913
74912503840
74912500306
74912503856
74912503924
74912503852
74912503917
74912503976
74912503977
74912500319
74912502864
74912503855
74912503980
74912502863
74912503912
74912500209
74955784829
74912500417
74967755704
74967751010
74912500516
74967753917
74967755291
74967758143
74967757099
74955787080
74955783356
74955785600
74955782642
74955783847
74955786057
74955789075
74955780340
74955782353
74955780014
74955789068
74955782130
74955781088
74955780161
74955789467
74955780519
74955787984
74955781608
74955789469
74955780535
74955781823
74955783723
74955782144
74955782175
74955781663
74955780997
74955784835
74955782069
74955781718
74843938069
74843960764
74957993301
74967535018
74842574434
74932417999
74842550479
74912502881
74957993237
74912503871
74842584769
74967753058
74912503920
74922531867
74965735101
74912415709
74965627878
74967753250
74964151450
74967527671
74955833953
74872211032
74965632472
74954083816
74852498411
74843920093
74965627945
74967377180
74912503904
74957992384
74955623420
74967371435
74965753872
74965749333
74956359091
74843958535
74967753478
74955780278
74955782855
74965756100
74955781164
74956354056
74912500769
74954087545
74842562594
74932410984
74852498163
74912502525
74955832435
74965770017
74965633095
74842576079
74965754339
74842575539
74957993034
74843936232
74967753049
74967543323
74965737667
74965629294
74912503958
74912500423
74842549850
74964166874
74965749310
74872212090
74912441856
74965631902
74967360069
74955836004
74912503075
74852314271
74965629437
74957994482
74872211587
74964149173
74954088991
74842508300
74842591567
74842594850
74842564414
74964161404
74964152533
74956358712
74964167473
74964150234
74964166890
74956354320
74956356736
74956359735
74956358296
74956358699
74956352906
74872211026
74872230064
74955638317
74955647636
74955621972
74955625425
74955626652
74955646241
74955557905
74955542568
74955549035
74955552403
74932415626
74955540408
74932423660
74922541320
74852498555
74852515176
74852500311
74852499031
74852519058
74965753000
74965738320
74965732527
74955258835
74955257563
74955250360
74955250308
74955252027
74955257690
74955253041
74967544672
74967549483
74967534211
74967529554
74967545790
74967545991
74967541033
74967548744
74967546681
74967532301
74967540098
74967529727
74967545955
74967545522
74967526097
74965639201
74965625476
74965629944
74965628155
74965636781
74967543392
74965627388
74965635052
74965627518
74967354420
74967353585
74967354809
74967355176
74967358811
74967355885
74967374270
74967355914
74967360029
74967351420
74932376469
74932374021
74954089092
74954088865
74954087111
74954080413
74957992172
74954088677
74954086822
74954081903
74954084323
74954086953
74954080900
74954088887
74954084434
74954081374
74957992580
74957992159
74954084418
74957993809
74957994719
74957990698
74957991736
74957991179
74957995484
74957990609
74957992585
74957992344
74957990538
74957995444
74957990007
74957992792
74957991960
74957993639
74957993202
74957991675
74912411889
74957990112
74843958428
74843920754
74843969595
74843939077
74912446549
74912444879
74912447816
74912448187
74852313250
74852310950
74852310715
74932376443
74932372117
74932371520
74955838889
74955829949
74955831788
74955834401
74955827644
74955832767
74955827813
74955836343
74955826741
74955835504
74955833369
74955833431
74955251151
74955257570
74955257547
74955257006
74912500211
74912503986
74912503865
74912503919
74912503883
74912504704
74912502830
74912503922
74912502855
74912502845
74912503873
74912503872
74912502858
74912503857
74912503877
74912503940
74912503896
74912504449
74912502842
74912500470
74912505201
74912501152
74912503876
74912503969
74912503989
74912503864
74912502885
74912503964
74912504504
74912500000
74912502007
74912500440
74912503944
74912500057
74912502838
74912501750
74912503987
74912500580
74955788899
74912502850
74967750232
74967758420
74967758134
74967750002
74967752702
74967750149
74912502875
74912503898
74967752848
74955782362
74955783476
74955782206
74955782971
74955780308
74955782567
74955782106
74955781314
74955783400
74955781893
74955789125
74955783771
74955780022
74955788145
74955789498
74955781822
74955783850
74955788530
74955781655
74955784574
74955781831
74955780039
74955785053
74955782466
74955787738
74955785684
74922552405
74955562283
74912501947
74954080572
74955789172
74956359832
74955562766
74956351845
74967753949
74912502872
74912500151
74955786551
74852514426
74955784361
74843960744
74932372043
74967753294
74967751024
74843965729
74955784537
74955554575
74955783830
74955837755
74965740102
74843957684
74965742835
74955260005
74957990222
74967371851
74843931381
74932375425
74956355521
74912502008
74955788136
74965734039
74965754152
74965764480
74967353524
74967351417
74955781369
74957995323
74965734789
74932419537
74843969438
74964163543
74843922050
74912503914
74965749388
74967540081
74955641985
74957990856
74965745871
74956359586
74912505060
74965630482
74912503916
74965750301
74957994006
74842565647
74843949357
74967353785
74955548595
74965737577
74965759864
74912500043
74965732149
74965738297
74956357164
74843932875
74955787428
74964139224
74852498847
74955838440
74842524991
74955831232
74932376467
74912504600
74967374311
74956354905
74843923272
74852310995
74842588595
74964153570
74956356952
74956357027
74956354380
74956359554
74872221032
74932418440
74842512741
74955627285
74955540171
74955621952
74956351207
74955644054
74956356787
74956352395
74956355057
74842533869
74964166872
74842538918
74842531052
74842531831
74842584602
74842546376
74842546239
74842588967
74842593863
74842531332
74842566027
74842563308
74842550254
74842532334
74842531902
74842541000
74842579317
74842571206
74842551720
74842507880
74842507893
74842508400
74964161990
74842534357
74964161430
74956351993
74956351345
74956355816
74956359772
74956352469
74964146127
74956351252
74956353512
74956359370
74956357514
74956354821
74956359835
74956355677
74956354372
74956354317
74956359357
74956358340
74956358928
74956352134
74956357218
74956356908
74956354083
74956358336
74956351789
74956352782
74956355392
74956355230
74956355894
74956359374
74956357606
74956352113
74956356215
74956357126
74956356941
74956358103
74956352121
74872230011
74842546996
74872234252
74872216241
74872242656
74872240564
74872212326
74872234169
74872211525
74872216169
74872223891
74872211170
74872221954
74955628706
74955638530
74955620096
74955628530
74955637100
74955635707
74955633941
74955635314
74955641563
74955634330
74955623366
74955638822
74932411492
74955632590
74955639060
74955639674
74955638171
74955634552
74955645391
74955638376
74955622814
74955633196
74955635428
74955541639
74955545580
74955551255
74955541750
74955553309
74955562311
74955559351
74955540079
74932428991
74955556512
74932412311
74932423318
74932422562
74932413646
74932425929
74922547792
74922528498
74922537338
74922541227
74922552288
74922528566
74922532384
74922547251
74922538684
74922522295
74922533222
74922540903
74922531123
74922525812
74852501051
74852515557
74852498675
74852505207
74852498695
74852515253
74852498145
74852498682
74852517592
74852500323
74852511225
74852499252
74852500192
74852500666
74852498127
74852498659
74852499204
74852499641
74852502662
74852505402
74852500665
74852498152
74852517313
74852517053
74852499534
74852498778
74852510545
74965764988
74965746120
74965730121
74965745022
74965755677
74965733000
74965763511
74965763403
74965740266
74965742901
74955254666
74955257164
74955261598
74955257016
74955253426
74955257337
74955260101
74967529020
74955257314
74955255770
74955256318
74967544217
74967533322
74967546987
74967544179
74967544932
74967541792
74967546710
74967545862
74967543432
74967544867
74967529339
74967534017
74967529048
74967541163
74967533595
74967544696
74967540458
74967541494
74967530900
74967542646
74967540255
74967544600
74967540002
74965754611
74967545508
74965630455
74965634166
74965631079
74965635493
74965636231
74965621881
74965628274
74965625645
74965629301
74965620123
74965621010
74965630366
74965629385
74965624057
74965621775
74965620373
74965625727
74965628115
74965622997
74965627854
74965629671
74967351954
74967360013
74954084744
74967353193
74967360045
74954082536
74967358001
74967351169
74954088020
74967351552
74967353004
74967355115
74967362208
74967357341
74967355277
74967352792
74967353237
74957994108
74967351371
74967355910
74967350525
74967374755
74953301945
74912752341
74953293390
74953301925
74953825225
74922315436
74953352682
74842544528
74953860393
74912330202
74842592046
74922335375
74965755279
74842700204
74932548265
74912354791
74872500973
74953884885
74932563726
74953873460
74955163752
74852532515
74912765876
74822344088
74852552823
74953862392
74872312145
74822329851
74872321764
74822386357
74955151821
74953291053
74912768680
74953302992
74872493739
74932238243
74953864848
74953283654
74872483405
74872481225
74932550910
74932234964
74922322786
74822324015
74953821841
74852578888
74932230628
74955036196
74822343194
74955164175
74955154143
74912358373
74822329530
74872482598
74953371560
74852573311
74955032708
74922400207
74932537870
74953304411
74955150398
74842220719
74953371819
74842228727
74953821435
74955034003
74822510566
74953861272
74953286149
74872469683
74953875267
74842731021
74922404758
74872456108
74842225336
74955169440
74955169919
74955169646
74954567433
74955036846
74955039047
74955039320
74955033892
74955037698
74922402308
74922408457
74922405610
74912762329
74912766604
74932231478
74852441681
74922329929
74842507706
74842718148
74842713947
74852441355
74932564444
74842725899
74852431836
74822320573
74922324061
74872309432
74872313150
74954553389
74872320906
74872484364
74872508818
74872491493
74842554426
74955730716
74964187418
74842229189
74842229282
74842228825
74842229350
74842228944
74987777677
74987775253
74842574181
74822531830
74872456588
74822444681
74822442497
74822454011
74822443922
74822453511
74872372944
74872372336
74912265254
74912256640
74912265056
74912252898
74912265275
74842228882
74842229032
74842229134
74842228718
74842228579
74842229146
74852568912
74953829143
74842542659
74842229160
74922407177
74874167593
74822364106
74842562308
74922407002
74955033678
74842576219
74932537481
74842700082
74953869500
74872359252
74872441551
74922414346
74842541345
74912336363
74842228570
74822522906
74842509804
74953820316
74955153361
74842227011
74955037611
74932528488
74912767831
74922402325
74955716672
74852558304
74955158530
74912263867
74932232220
74912251646
74912253809
74852553253
74842229150
74922405604
74822452227
74955715656
74852458437
74964172052
74953874533
74842544879
74964174178
74842718053
74842574701
74955166614
74912337495
74964178307
74964180180
74842560435
74953832991
74852429375
74955038205
74953812319
74955153115
74842537776
74842557118
74987775931
74872362823
74842226672
74842229352
74822362107
74932234454
74822339206
74842593701
74842564809
74872470390
74953283768
74842220674
74953371509
74872311096
74922329419
74872323328
74872304807
74852553893
74822356075
74912754528
74842564849
74912254963
74842229280
74965731016
74994585193
74842538325
74842557649
74852441270
74842224440
74953372730
74842220055
74874160033
74964174187
74953863825
74872464152
74955038219
74922402388
74994576357
74994595740
74852546995
74874159291
74922404753
74964180442
74987776385
74842228580
74872492580
74953347558
74953297816
74842220107
74872364994
74994588806
74872456540
74842220000
74842228512
74842225067
74953307292
74994575538
74842228501
74822531500
74955730023
74822452710
74842708254
74932541165
74852533173
74953880944
74842582503
74922348986
74852476951
74874163897
74872303355
74953291247
74953303262
74842588520
74964184150
74987777501
74994588271
74842701814
74842705336
74852473561
74994597189
74932527410
74842562865
74872309026
74912372042
74955168156
74874160897
74842718471
74994586341
74842719390
74872469685
74912337561
74953501712
74912372980
74953490560
74953488847
74953495493
74912350732
74953488149
74953498215
74912355737
74953502908
74953504844
74953829848
74953304510
74953373163
74953373390
74953375883
74953350876
74953351335
74953347653
74955157544
74953365373
74953374144
74955153045
74955158867
74953371997
74955160912
74955159559
74955162605
74953836958
74912259597
74965737028
74994572227
74955742126
74842224486
74852449640
74822386698
74822442512
74912361071
74955150294
74842545110
74953497986
74922407059
74912252188
74852563435
74964178430
74842718205
74822335635
74954551748
74872443567
74955166066
74955160586
74922330442
74994587329
74955037722
74955161987
74955030096
74912751637
74872312859
74842581206
74872315889
74852575503
74922404961
74922321406
74912761265
74842560148
74852536834
74912768011
74912755632
74912758662
74922401841
74922401224
74922406588
74922401211
74922405658
74922408387
74922402143
74922407074
74922402078
74922402564
74922404639
74922402018
74994586814
74842531949
74874164963
74874164814
74874164425
74874165206
74852445721
74932236051
74932242544
74932235777
74932234525
74932234598
74852484575
74822336927
74822324003
74822356119
74822366295
74822370052
74842718319
74822353716
74872469889
74852573244
74965756249
74965735253
74922335086
74872321252
74872471949
74842555406
74842593538
74842718615
74932550259
74822357666
74922329596
74842719387
74822331133
74842708240
74965754666
74842702805
74922310973
74922342739
74852532280
74922323586
74922320904
74912764637
74922401568
74922310688
74842716336
74852476802
74842554511
74932554904
74872321048
74872323939
74842701971
74842701950
74872309300
74912354054
74872303912
74872312653
74872311472
74872321443
74842549420
74842714330
74842718870
74922402121
74842705014
74932531112
74852429285
74852450494
74922402367
74922408471
74912343013
74822344603
74852550683
74955160788
74842229015
74874163132
74822336242
74822332636
74822363797
74912766514
74912767744
74922408391
74922405603
74922407160
74922408422
74922402177
74852457030
74874167086
74842719410
74822356684
74965756108
74955166796
74955165222
74912760908
74822385589
74822386673
74842556919
74922322284
74965735444
74965763282
74965744498
74965759118
74932558414
74922326746
74852459872
74922333262
74842718255
74852432566
74922328833
74852444045
74842581871
74922327274
74922326789
74842560012
74932553777
74842719298
74842713346
74872321790
74852532721
74872304668
74852553744
74852561158
74872323113
74852551965
74872321705
74872322445
74872315538
74872323254
74872311689
74872321710
74872315351
74872311904
74872481912
74822344687
74994598267
74965733691
74965744263
74922323154
74822368248
74922323120
74872469379
74872322100
74872317369
74872313122
74872496877
74842557865
74872497279
74872478372
74842528689
74872485049
74872478380
74842228515
74842521210
74955718187
74955718035
74955725555
74955736077
74955736382
74955700088
74955726780
74955727770
74955721995
74955718993
74955726714
74964181820
74964178703
74842229254
74842222593
74842228511
74842228603
74842228567
74842224834
74842221614
74964177176
74842229239
74842228677
74842224454
74842228916
74842229349
74964182405
74987777643
74987775421
74842221556
74842228399
74842225706
74842228967
74842228763
74987776770
74842229130
74842229035
74842224188
74842229149
74842229076
74842229295
74842228906
74842226218
74842221573
74842225411
74842226089
74842228753
74842229334
74842228998
74842229037
74842224515
74987775206
74987776485
74987777456
74987777217
74987776012
74987777629
74987777263
74987777045
74987776829
74987776103
74987776144
74987777617
74987776744
74987776657
74987776227
74987776972
74987775787
74987777613
74987776729
74987775957
74987776357
74987776642
74842577155
74842548772
74842554163
74842575065
74842563471
74822536312
74822522507
74822539399
74822532672
74822520314
74872453502
74842591691
74822539321
74822528988
74822520954
74822532368
74872456336
74872464916
74872464271
74872456608
74822440931
74822452015
74822449971
74822440768
74822445664
74822532072
74822452249
74822525421
74822539176
74872364197
74872455256
74872370724
74872364455
74872451409
74872366348
74872464212
74912265283
74912258498
74872463217
74912258873
74912265213
74912263233
74912253944
74842226532
74842229196
74842228607
74842228467
74842228827
74842228636
74822452881
74842229351
74842227171
74842220084
74842220400
74822452424
74872375784
74842223215
74822447568
74822442640
74822452404
74822443625
74822452400
74822457180
74822440102
74822446170
74872455683
74822453565
74822452153
74954555787
74822320594
74965737397
74852543114
74822444443
74955741017
74953497809
74822445947
74842550474
74822453911
74822441872
74842220341
74872312388
74954547386
74842558311
74954567956
74872464785
74922325118
74954550297
74922404730
74955718105
74872377011
74822322865
74872372049
74987776759
74852440249
74955700528
74872369376
74822323718
74872360499
74955719522
74822513957
74872361616
74872366782
74872373682
74912254934
74912252009
74822389818
74912252422
74994583577
74954560684
74912265186
74987776728
74912255038
74912265278
74912265274
74912265282
74912257928
74954562181
74912255855
74912259314
74842574850
74912351435
74822526970
74912252666
74912252265
74912255550
74922326237
74872307911
74822326857
74912254493
74912253952
74912254884
74953501284
74842229082
74987777726
74842228586
74955726473
74842228500
74994570005
74912251555
74842228405
74842220286
74842228776
74987777123
74912369977
74842229140
74842228713
74842228416
74842229155
74987777357
74842228478
74842228698
74842226588
74842228807
74842229092
74842226559
74842228561
74842719435
74953295521
74953302347
74953369305
74842229133
74953833797
74953369294
74953359584
74953365344
74953827193
74953826147
74953818131
74953828081
74842725163
74953867940
74822326262
74912263197
74852434170
74842529508
74987777296
74872475525
74822537381
74872318661
74912265196
74912766192
74842592122
74872363389
74912354848
74842550646
74842729626
74987777437
74987776706
74842229051
74842226073
74872313030
74842520196
74872457858
74822364213
74953350576
74872469803
74872462317
74872304945
74953874706
74842228852
74822452189
74922320808
74953883473
74955036736
74842739321
74822382838
74953353715
74955155190
74955741529
74912373568
74932236172
74842228550
74842723599
74953828386
74842229163
74912265173
74822533452
74842559152
74872373034
74953350855
74953373810
74953882162
74953826883
74953882204
74955169739
74954569036
74953287556
74953300252
74953370801
74953347062
74953375427
74953366570
74953883650
74953871462
74953864627
74953351055
74953830589
74822380268
74912373551
74964185497
74964173184
74912250568
74955151616
74953309282
74852558800
74922326196
74872325252
74965766982
74822321295
74852578181
74967350526
74967352004
74967351110
74967351075
74967350132
74967378729
74967354803
74967377370
74967355110
74967350293
74967377484
74954089809
74967355674
74954086134
74954083090
74967355516
74954087141
74954083433
74954083036
74954088027
74954087666
74954089880
74954086790
74954082693
74954081310
74954088472
74954083397
74954087790
74954086869
74954084409
74954085148
74954084439
74954086073
74954084311
74954088411
74954084509
74954083060
74954086445
74954081277
74954088777
74954085161
74954082651
74957993737
74957994790
74957991870
74957992548
74957990145
74957993499
74957994142
74957990995
74957994686
74957993670
74957992368
74957995495
74957992486
74957995427
74957992565
74957991868
74957995355
74957991915
74957995255
74957991165
74957995496
74957994604
74957992844
74957995432
74957993166
74957990786
74957990409
74957993353
74957993415
74957993259
74957992092
74957991496
74957994536
74957993141
74957992030
74957992213
74957990714
74957994888
74957993159
74957990024
74957993178
74912416264
74957993008
74843963832
74843935821
74843964635
74843946066
74843964121
74843956480
74843929029
74843950339
74912416816
74912415176
74912413259
74965761748
74965765115
74965753643
74965738942
74965733732
74965750877
74965750568
74965746534
74965743812
74965734188
74965734444
74912440683
74912447897
74912447915
74912448618
74912447838
74912448449
74912444719
74912448401
74912441481
74912448636
74912442501
74912440286
74852310283
74852314511
74852313287
74852312730
74852310169
74852312486
74852310745
74852310868
74852313715
74852312154
74852313394
74932378290
74932377216
74932370210
74932374076
74932378247
74932371937
74932374946
74932372272
74955834358
74955825628
74967751035
74955829487
74955828014
74955827711
74955838615
74955838876
74955825615
74955835375
74955832543
74955830203
74955837872
74955827933
74955831588
74955835592
74955836716
74955827956
74955835692
74955828060
74955827583
74955837901
74955828442
74955831465
74955830090
74955257000
74955830700
74912502835
74955257002
74955254160
74955257319
74955257061
74955253068
74912502867
74955261212
74955256112
74955254713
74912503863
74912503866
74912502929
74912503884
74912503983
74912501450
74912500248
74912503927
74912503978
74912503967
74912502844
74912503902
74912503886
74912500807
74912500777
74912502948
74955255190
74912502852
74912500497
74912503948
74912502859
74912502849
74912505250
74912502857
74912503892
74912503862
74912502861
74912503891
74912500180
74912502871
74912502856
74912503996
74912500770
74912500152
74912503937
74912503959
74912503979
74912503963
74912502247
74912502833
74912500316
74912503947
74912503867
74912500212
74912502851
74912503995
74912502854
74912503975
74912503875
74912503934
74912500307
74912503910
74912503942
74912503432
74912502735
74912501660
74912504779
74912503000
74912501603
74912503961
74912502868
74912503994
74912500317
74912500213
74912503973
74955782031
74967752402
74955787856
74912503894
74967753979
74967753429
74955780137
74955781984
74955785344
74955782797
74955782097
74955782449
74967758802
74955783801
74967750142
74967751183
74967753751
74967755226
74967750386
74967750236
74967753293
74967753093
74967751253
74967751199
74967752227
74967758797
74967750360
74967759930
74967753412
74967757098
74967751238
74967758630
74955789354
74967754625
74967758197
74967751307
74967754312
74955782043
74967754320
74967750200
74967750260
74955784516
74955782224
74955781618
74955780991
74955784867
74955787232
74967750723
74955787143
74955780326
74955784309
74955784723
74955783504
74955782394
74955782637
74955782398
74955780120
74955780226
74955784172
74955780901
74955785973
74955781060
74955780023
74955780474
74955783414
74955782155
74955781435
74955783973
74955782000
74955784477
74955784122
74955787478
74955788296
74955787815
74955784000
74955787241
74955784932
74955788171
74955787515
74955786020
74955780377
74955780647
74955780981
74955787408
74955784720
74955782517
74955783657
74955787508
74955784757
74955784768
74955783056
74955781472
74955784400
74955780407
74955784177
74955789108
74955782912
74955787845
74955781030
74955780883
74955786136
74955785719
74955780254
74955786571
74955784945
74955780085
74955780444
74955787452
74955784168
74955780424
74955787061
74955783885
74955783496
74955787442
74955781723
74955781630
74955782460
74955780116
74954087818
74912440252
74912501442
74912503992
74956355122
74932429750
74965623413
74954086144
74955782548
74967750843
74912501911
74955549216
74957993331
74956351194
74954088083
74956353934
74954085336
74955784127
74967547536
74956359027
74957991406
74957991413
74965764980
74957991351
74852519949
74872241355
74955780876
74965746514
74967352154
74842550369
74955780360
74843926025
74965761774
74956353765
74965739691
74842554459
74955780438
74956358817
74955832400
74912504025
74967753096
74964166147
74967755512
74872224580
74922521850
74955256657
74965762853
74967527740
74842574804
74955825999
74967350244
74852512823
74922534551
74843957155
74967351017
74922542405
74955555389
74932415628
74965743335
74842551569
74922534865
74843932742
74912500315
74956358092
74964166112
74965747114
74967534284
74955626311
74964147545
74843957298
74956351935
74955556286
74843933477
74922544538
74967353427
74955782626
74967540503
74965629543
74922531401
74842589661
74955780052
74965749382
74912503997
74967548809
74956354415
74955780304
74967375405
74843947557
74955786759
74965760823
74912502002
74955836266
74932427193
74843944194
74955630705
74912447617
74852313472
74843930344
74965753770
74912500078
74965747122
74956358741
74843940101
74956353429
74912444400
74852310915
74932374252
74956359136
74842577946
74912500900
74967528543
74956353828
74955251526
74957992546
74967367578
74955257004
74843970487
74955784784
74965636059
74967528730
74956359013
74957994504
74955784237
74922548473
74957994417
74955784759
74842553724
74932372002
74852502895
74955623110
74872234035
74842541752
74967366026
74955788540
74955788617
74842550081
74965744981
74957992291
74955261310
74912500305
74956357768
74965758006
74957990006
74955782187
74872236200
74956358164
74957994744
74955782095
74957993161
74912500700
74965753060
74955787175
74912500255
74843944241
74872215105
74843927407
74955787424
74843937552
74843954247
74955837201
74967355840
74957990270
74957993501
74967545551
74912448997
74956353922
74872236730
74955784063
74843961438
74955624226
74967356039
74843966000
74967355904
74872221621
74956356355
74843955770
74843953936
74955834391
74922535183
74965750445
74955783485
74932371175
74843939586
74842558877
74965744108
74955836576
74967352788
74843930303
74843967301
74967548802
74965753527
74956355750
74954084881
74954082372
74965760542
74956352522
74965739713
74965632532
74912446830
74965636271
74955782103
74967759215
74965746470
74965733137
74956354015
74842571100
74956359944
74956357897
74956351480
74872217394
74852500663
74852518592
74967545527
74967544969
74967542857
74954086344
74954083430
74954087825
74843948222
74843957245
74965765489
74912446707
74912444738
74912440575
74912446723
74967751669
74932376678
74843921887
74955833592
74955251602
74955788098
74955787718
74955782451
74955782255
74955783715
74955780814
74955782001
74955788216
74955782032
74955780825
74843942590
74872240716
74954080811
74842550343
74965732259
74955780317
74954081229
74967351460
74842529181
74967547869
74955787498
74967549000
74932375949
74956351850
74852512785
74954087268
74955781891
74843957905
74955783745
74965744599
74965737866
74922540172
74967350814
74956358133
74967353220
74955637986
74955788102
74955784804
74843943972
74955783119
74956355328
74967541557
74956358657
74955835816
74932376608
74956353876
74956354598
74842551387
74872216452
74842559966
74956355744
74843945474
74956355292
74956355615
74956351498
74956358764
74956355161
74956351135
74956353942
74956351415
74956351908
74956357048
74872216450
74955632716
74955620487
74922546585
74922529565
74922541667
74852503245
74852502625
74852498844
74852500693
74852519456
74852498939
74965731333
74967350827
74967545553
74967544872
74965639239
74967546762
74967355171
74967360003
74967351079
74843922011
74843932797
74843927290
74965752492
74932371876
74955825622
74955832482
74955833303
74955837598
74955257172
74955254630
74967750603
74967753839
74955780548
74967753238
74955789388
74955783312
74967750120
74955780141
74955787931
74955782791
74955780020
74843943927
74922536327
74965762031
74965731998
74922524942
74852499409
74956355119
74955787407
74955780273
74955631564
74965734078
74955783010
74912412419
74965755690
74955638926
74965754720
74843920621
74965761888
74955834920
74842569223
74956353948
74967547808
74843935732
74967542620
74967357644
74872230382
74842570166
74956355270
74922531350
74922532133
74842571248
74965759733
74955626712
74965754606
74956355362
74956354431
74842537321
74922531884
74872230832
74956356494
74872238373
74967357474
74955827211
74955783645
74955829864
74955254375
74955255212
74852511342
74852498821
74955636326
74955785833
74955783578
74955255150
74842554462
74842545009
74842575100
74956356183
74956351679
74956358399
74842552230
74842557032
74842536057
74842512852
74842545934
74956355767
74956358516
74956357794
74956351977
74956354111
74956358447
74956352894
74956357151
74956351423
74842543268
74956353725
74956354835
74956353178
74956354214
74956358227
74956355433
74956351950
74956358666
74956351044
74956354266
74956358217
74956354652
74956352704
74956354976
74956357411
74956354474
74956351332
74956355947
74956357869
74872239613
74872224144
74872215417
74872223636
74872231017
74872218605
74872236977
74872224003
74872217320
74955645211
74955641234
74955626072
74955623248
74922533388
74922530279
74922539011
74852502854
74852498516
74852499365
74852516105
74852502020
74852518612
74852500601
74852515761
74852498589
74852499650
74965745448
74965730005
74965732784
74965759344
74965765386
74967547549
74967544864
74967533758
74967538370
74967546158
74967534100
74967547851
74967544957
74967357866
74967352848
74967360266
74967378740
74967357565
74843949781
74967355786
74967352481
74967357601
74967377050
74967370005
74967374970
74967353117
74967356770
74967354359
74967360066
74843951717
74843964916
74843947221
74965743364
74965734151
74955837454
74955830241
74955785842
74955826753
74955829613
74955830237
74955829173
74955839266
74955833800
74955785508
74955826610
74955829624
74955784571
74955250055
74955831953
74955833646
74955830861
74955257035
74955250198
74955254144
74955256248
74955254046
74955252198
74955253740
74955252025
74955789171
74955783741
74955257167
74955254177
74955783533
74955782946
74955785851
74955781761
74955783647
74955787556
74955782153
74955782226
74955780222
74955784198
74955784871
74955785516
74955784045
74955781623
74955781507
74955781622
74955788131
74955782850
74955785005
74955784259
74955783324
74955787425
74955785046
74955785100
74955780347
74955788024
74955782571
74955780192
74955785770
74955781001
74955782550
74955785982
74955780820
74955783330
74842554944
74843933558
74852501343
74956355795
74922520086
74965763181
74955637782
74956354920
74967750012
74842535430
74842546658
74967544556
74967366679
74967356994
74967350000
74967358083
74967351703
74852498023
74872238609
74922527157
74843965670
74843957745
74843921880
74965747133
74965746455
74955254153
74967374919
74965736450
74843959510
74843920005
74967356688
74965768468
74843930411
74922526447
74842547590
74872233138
74922539749
74955829815
74922537074
74965769856
74842579069
74965751053
74965735810
74967548165
74922540020
74852510177
74955786462
74842531527
74955782956
74965759273
74872478479
74932527891
74963430105
74852720286
74852750075
74955290041
74852736746
74852727523
74852723535
74963432038
74963438512
74872493140
74852738037
74872502918
74955292141
74955289510
74955275514
74872456742
74955286670
74955290307
74955284923
74963438291
74872441072
74963438385
74963433506
74872456059
74872472362
74872468202
74963433474
74872491845
74955270301
74852727400
74852730484
74955286337
74852726362
74955268315
74955280724
74872469566
74852728228
74872457920
74852745150
74872464290
74852720909
74872457013
74932548435
74932526690
74872456655
74852736269
74872475434
74932549524
74872493678
74852746687
74872473521
74872472392
74872443049
74872456379
74872456601
74872489032
74852737474
74955291615
74852723161
74872458505
74852742417
74872486504
74872508133
74932560169
74872499633
74955281635
74872499555
74852724521
74955291428
74955287826
74852726282
74852733797
74872474475
74955295595
74872486347
74872469116
74872486659
74872481984
74872469443
74932549209
74932527238
74932560789
74932527160
74932527621
74932555481
74852727260
74852744913
74955293346
74955291908
74955286312
74955276845
74955285191
74955276204
74955279609
74955277268
74872469548
74872478395
74852728443
74852726063
74852726122
74955273791
74852757052
74852760343
74955298968
74912446209
74932526686
74955274411
74872476055
74955293433
74955292793
74923239587
74872500502
74912364092
74955287430
74852739740
74922401518
74966155923
74955226275
74955270163
74932538100
74955243491
74923232289
74872401537
74872470261
74872473178
74852732781
74852721086
74932527614
74932528891
74872497159
74872472801
74872487355
74872487687
74955288243
74872495270
74872501300
74872502500
74872478838
74872470123
74872476589
74872498337
74872484293
74872470769
74872469426
74872508642
74872503003
74872484052
74872475540
74872505178
74872484645
74872494847
74872489055
74872500525
74872475616
74872494964
74872481496
74872469140
74872472002
74872479334
74872486323
74872469834
74872473583
74872502710
74872482128
74872503180
74932531056
74932537639
74932520166
74932526083
74932552902
74932557402
74932568444
74932531687
74932530280
74932533543
74932531157
74932527624
74932560568
74932562877
74932530766
74932552340
74932563746
74932564008
74932527178
74932565871
74852733235
74932561916
74932567080
74852756975
74852745547
74852765088
74852734901
74852726016
74852727609
74852730400
74852748631
74852746149
74852732055
74852744916
74852722796
74852735145
74852730593
74852745426
74852740750
74852756581
74852741278
74852760292
74852765219
74852750095
74852732177
74852722869
74852721278
74852755146
74852757200
74852746518
74852745143
74852739109
74852746115
74852730615
74852730483
74852739862
74852765472
74852719302
74852754149
74852741231
74852763115
74852720845
74955273193
74955283330
74955272588
74955280466
74955279103
74955283136
74955283899
74955273297
74955284108
74955280208
74955286538
74955281387
74955298349
74955296293
74955268806
74955286691
74955287313
74955283275
74955283408
74955282072
74955284024
74955290785
74955287606
74955292084
74955292332
74955280909
74955286698
74955280055
74955286782
74955283130
74955299160
74955288988
74955281961
74955271143
74955280314
74955292126
74955277400
74955270411
74955288739
74955272345
74955280004
74955281746
74955276054
74955292653
74955293388
74955285517
74955285134
74955287090
74955279413
74955274800
74955282372
74955298008
74955282581
74955295475
74955283011
74955271411
74912446631
74912446900
74912444336
74955774655
74912444754
74912443478
74912448720
74912440318
74912444630
74912447602
74912443950
74912440808
74912443743
74912448416
74912444584
74912442730
74912448609
74922401454
74912443540
74922402841
74922406891
74922406377
74922402180
74922404370
74922401462
74922404771
74922404399
74922404796
74922404740
74922402723
74922405675
74922402147
74922405654
74922407044
74922407058
74922402356
74922401449
74922404564
74922402796
74922402080
74922401229
74922401506
74922402427
74922401494
74922406872
74922406458
74922411302
74922402686
74922411696
74922402027
74922404945
74922401704
74966163218
74966150943
74966140796
74966151465
74966159842
74966163396
74966163778
74966151025
74966146811
74966163783
74966160688
74966140116
74966148004
74966151558
74966159450
74966163210
74966161107
74966163272
74966139394
74966146306
74966155262
74966139202
74966159271
74966163361
74966159037
74966139564
74966161837
74966143240
74966152121
74966155070
74966163098
74966153998
74966163469
74966163996
74966141916
74966145161
74923241777
74923261272
74923232389
74923235629
74923237416
74923235507
74923244238
74923251500
74923232226
74923244130
74923255336
74923248166
74923250657
74923255655
74923236766
74923242278
74923231571
74923242272
74923235618
74923231296
74923244098
74923255441
74923250315
74923244031
74923231466
74923255356
74923248638
74955767731
74955764677
74955766989
74955761340
74955764418
74955776502
74955768372
74955764676
74955772462
74955769605
74955771073
74955766542
74955761004
74955770928
74955770109
74955775445
74955769688
74955772967
74955763305
74955768728
74955771040
74955771090
74842713374
74872410537
74872428822
74872412124
74842704024
74842713416
74842719709
74842735409
74842714424
74842713311
74842745464
74842727631
74842703904
74842719711
74842726710
74842749144
74842749300
74842720567
74842712538
74842744278
74842746061
74842728553
74842719788
74842727320
74842722087
74955216361
74842713291
74842702488
74842733933
74842707216
74842702172
74842725782
74842740220
74842735621
74842713263
74842704324
74955247079
74955212329
74955231305
74955222663
74955215527
74955215512
74955243390
74955215874
74955239378
74955246686
74955240995
74955235663
74955240259
74955233231
74955216651
74955236340
74955231536
74955212054
74955241315
74955224220
74955233243
74955230111
74955229066
74955241008
74955234224
74955212109
74955248014
74955212321
74955221255
74955223918
74955212792
74955241205
74955211221
74955241763
74955234904
74955217526
74955213703
74955222265
74955220172
74955232251
74955229708
74955234338
74955233910
74955214111
74955216858
74912325466
74912360630
74912330207
74912349061
74912339688
74912327000
74912336424
74912360178
74912363228
74912327282
74912346771
74912344692
74912353581
74912365496
74912365940
74912338457
74912340492
74912368020
74912336712
74912333201
74912363181
74872421141
74872412315
74872393515
74872390514
74872400224
74872412720
74872425789
74872400655
74872409055
74872400387
74872392416
74872419315
74872410304
74872390103
74872423523
74872436611
74872402737
74872424593
74872407011
74872407054
74872405572
74872417021
74872408627
74966163368
74872392773
74872410491
74912441343
74842730586
74932537766
74955293843
74872502149
74966148718
74922401836
74912445987
74966143868
74923236686
74955229657
74912440517
74955222713
74955774866
74932552749
74872404244
74912445974
74912280484
74932569713
74912342181
74852746085
74955279322
74852746182
74966163166
74852731538
74842725038
74955227792
74872405514
74955764055
74955244112
74966154734
74923227063
74842718039
74955237250
74955286532
74852727448
74955211738
74872495243
74852755714
74852730007
74842727922
74922401746
74955218389
74852751010
74912325453
74912440470
74872393919
74842734789
74955212219
74955765656
74923244465
74852733619
74923243282
74932538976
74922415041
74842714025
74852729543
74923230261
74872395020
74842738575
74932569782
74872399833
74872474172
74912444629
74852735269
74872410380
74922407117
74955770062
74872508034
74852732722
74922407082
74955216104
74912351122
74912447373
74922402649
74932544599
74912448907
74922411526
74852721642
74955282107
74852721772
74932551006
74912443230
74852723562
74955248070
74842706072
74932569269
74912333580
74852719188
74955238112
74932550516
74852732588
74955241706
74842714110
74912331434
74997315327
74954581845
74954584881
74822502230
74954139506
74954142604
74843964344
74997298038
74954580633
74954133683
74842531368
74954130743
74954143475
74967938033
74842591059
74997298591
74825197763
74991376589
74822506699
74955776111
74954141522
74954709834
74955570022
74991371198
74991387683
74954683172
74954140317
74999081114
74954144443
74955166269
74954691279
74955150255
74954141156
74997298773
74954677127
74872365695
74991377885
74991381067
74843952755
74872363542
74991375862
74954146039
74999082945
74954680136
74872453159
74852755037
74954146056
74872378625
74954146949
74954691107
74999079548
74954135500
74954137620
74954135942
74954130090
74954141339
74954135252
74991374795
74954142215
74991389756
74991378363
74991375150
74954582096
74932413520
74822585119
74932419684
74825198114
74955772500
74954583017
74955573299
74822581336
74822514876
74852729113
74822521315
74822524263
74872462831
74872370277
74852743618
74872463724
74843958411
74843934133
74955570067
74955160781
74955160146
74955153556
74912988333
74912985537
74912984156
74932387938
74955569105
74955576961
74955579031
74955578663
74955572695
74955570392
74932385960
74984822201
74984829215
74872441938
74955553377
74997292137
74997286317
74954581351
74954581990
74954584277
74954584895
74954585869
74954586055
74954584563
74954580503
74955770496
74954579852
74825196905
74825195182
74842564917
74822502344
74822504593
74822503502
74822506061
74932425333
74932418103
74822581964
74822583758
74822588018
74825195482
74825197247
74822587586
74954583271
74997293009
74872362533
74997311118
74843952407
74999081480
74932380264
74954132824
74999064085
74999074737
74955163457
74852731255
74872373258
74954144557
74842555550
74991388587
74954136848
74991373841
74842576038
74954132090
74842544002
74997298132
74954130124
74822507538
74991374996
74954661044
74954665360
74999080229
74991370358
74852736702
74991377132
74999082906
74954697607
74954666624
74997314459
74991379171
74954137711
74842555150
74954582498
74999081924
74999084342
74999075738
74954662437
74822506027
74997300002
74954586539
74991378369
74999080865
74954146676
74954130495
74954143214
74954147267
74954131277
74999078073
74955568359
74954675029
74954692552
74991388323
74954706903
74825195466
74954669998
74954585831
74852728749
74954694968
74872456423
74872371246
74999059881
74852746346
74999084208
74872375500
74999061001
74997313053
74954659529
74954708469
74954694618
74999071649
74822525961
74954674133
74822587555
74997315252
74954679293
74999072303
74954682730
74954579248
74999057781
74999068967
74822587212
74843961551
74999070105
74954703866
74999066435
74999062170
74954660377
74999084767
74999075440
74954696835
74954672404
74954685977
74954682525
74954706404
74954681037
74954707715
74954704286
74954689117
74954682795
74999085151
74999073891
74999075511
74999070476
74999065477
74999077791
74999079006
74999081526
74999070119
74999064461
74999066127
74999083104
74999067801
74872369341
74999076096
74852737376
74822527564
74822528894
74822520169
74872441694
74872364668
74872361383
74955154318
74932381208
74955575211
74955571919
74984820786
74932379669
74932387911
74984822232
74955544318
74954585819
74954584388
74954582153
74822506640
74954583682
74822506618
74822504000
74822504515
74822582371
74822586998
74822583742
74825194927
74825198201
74822514322
74852732041
74999061929
74852749098
74852735888
74842593366
74999068256
74822507429
74954684609
74999071622
74842594838
74954690046
74954690971
74955580136
74954695413
74999081529
74954704301
74954690881
74822586959
74843932138
74999058453
74955160242
74822507576
74999069306
74955163826
74825197081
74955569002
74822533895
74955579314
74997314789
74999064928
74954683540
74954706795
74954676068
74852728416
74932427421
74822504284
74999066201
74822510131
74955556626
74955579347
74955162299
74954580043
74997294135
74872368830
74822588891
74822531211
74997303412
74932423163
74822505515
74955164412
74872376188
74822526548
74872464498
74872453287
74843960581
74852730011
74843920706
74843936183
74954584148
74997292406
74843962115
74955160838
74822533300
74822528768
74822513068
74822519175
74822521621
74872368095
74872377144
74872371468
74843926248
74955157671
74955166770
74955160524
74955150032
74955155113
74955160996
74955163708
74955151893
74955571493
74955574077
74955569800
74955568790
74872363885
74955559642
74955554405
74955545061
74955540588
74955541237
74997298228
74954582156
74954586434
74954583794
74954580059
74954581089
74954584355
74842563780
74842547838
74822583518
74932412143
74825198964
74825198794
74825194027
74842537555
74843964473
74954662202
74843923056
74852765876
74999069955
74954686440
74997292205
74999077908
74852746666
74997301505
74842576249
74997285589
74843967088
74954690613
74852760392
74955568061
74955547361
74852733577
74955547215
74999066137
74999082048
74997295530
74822527355
74872463661
74954659737
74852727734
74822584496
74932426798
74954673827
74997307936
74999073822
74955157327
74852732591
74842577470
74955550184
74825197466
74932410544
74822510296
74955545172
74852764810
74955544923
74852733098
74955542567
74999077597
74999070783
74843957212
74872374548
74872456616
74872456748
74842583897
74999083162
74999066593
74999056731
74999071500
74999059542
74954697188
74954668776
74999083204
74954659990
74954707863
74822534198
74954674541
74954677740
74954708235
74954676424
74954695632
74954672217
74954690214
74954658686
74954685225
74999071685
74954705345
74954668872
74954688503
74954661813
74954663465
74954690725
74954686589
74954677593
74954668727
74954685663
74954682163
74954683058
74999071198
74954707548
74954684595
74954689395
74954701983
74954673147
74954701053
74954659562
74954695875
74954678730
74954704135
74999077758
74954668285
74954706187
74852756008
74954669341
74954663656
74954664129
74954679035
74954668917
74954697519
74954693439
74954664983
74999070804
74999082298
74999079866
74999081919
74999084589
74999080930
74999066714
74999057626
74999070166
74999084806
74999082496
74999083058
74999058586
74999068529
74999070635
74999069330
74999080713
74999076922
74999071458
74999079361
74999069642
74999064069
74999077364
74999061505
74999056641
74999072488
74999078482
74999060296
74999072812
74999064830
74999068145
74999075035
74999085101
74999069018
74999060255
74999071497
74999059650
74999064324
74999060312
74999062530
74999073517
74999081001
74999076407
74999072469
74999071966
74999082228
74999073316
74999061277
74999062412
74999080464
74999077711
74999075013
74999073144
74999082092
74999080552
74999059777
74999070829
74999083726
74999078534
74999056013
74999056000
74999061333
74999080378
74999083983
74999080826
74999070595
74999080003
74999066868
74999081939
74997313565
74954579716
74999070158
74999064331
74999084836
74852742653
74997313006
74954682384
74954669143
74997313356
74999083197
74842583551
74999071327
74852739991
74954687661
74825196923
74955560286
74954689932
74852733101
74954709293
74955551586
74954680337
74955159587
74954585426
74932411550
74954663695
74842585315
74852744514
74872360151
74843929558
74843953888
74954582571
74852720908
74955568783
74852724396
74822522281
74872365333
74822516031
74872361663
74955568859
74955568850
74955569535
74955580444
74955558656
74955553912
74955561222
74955545883
74842577225
74932417157
74822506648
74822502054
74932416685
74932414815
74825197111
74825198517
74822589199
74822587831
74825198645
74932410556
74842510595
74999057826
74852737057
74999068131
74872464171
74825198604
74954685385
74872464639
74822585350
74954684961
74822527288
74999078890
74822527880
74954698768
74825198937
74954708824
74999056692
74999082354
74999066079
74842525346
74955544910
74954677730
74822520433
74954706953
74932417740
74955549453
74954660064
74954668673
74999057075
74825194937
74999076040
74954703930
74842583675
74999082768
74872462680
74955547662
74955578676
74843963229
74955579346
74932422847
74955574566
74852738888
74852725536
74852735917
74872451418
74843964434
74843928916
74872440817
74822532033
74822513795
74872455053
74872464452
74843923467
74843945381
74843946325
74843935331
74843966202
74843939302
74955573066
74955578947
74955543088
74852760985
74872362694
74852735278
74852735541
74822538689
74822520135
74822524833
74822536026
74872464945
74822531371
74872464268
74872362855
74872362208
74872370514
74843939610
74843955091
74955574629
74955573281
74955578143
74955571543
74955569277
74955573312
74955580511
74955568807
74955568312
74955569883
74955573307
74955569790
74955576267
74852739135
74955556901
74955542297
74955552807
74955557685
74955561871
74932413432
74932412223
74932418342
74932426458
74932416353
74932415788
74825196040
74955540120
74825197497
74825195165
74822537999
74932420156
74852726390
74954688446
74999071634
74822533099
74822515616
74955580604
74843920917
74999071970
74955558598
74954679571
74955546778
74954678334
74999056320
74955569069
74954690030
74842555154
74843963105
74842529708
74842548442
74852733836
74843925070
74842507790
74852764849
74842554872
74955580100
74954687000
74842515355
74872362200
74955544447
74842553225
74822528790
74842534567
74842556009
74872456523
74954685125
74872455155
74843941054
74842587785
74822515036
74954695030
74954693145
74954675490
74954695115
74852721090
74954694378
74954677932
74955562040
74954668707
74932410558
74852738523
74932410007
74852744841
74822527311
74843931587
74843957863
74843961771
74843949048
74843920034
74852759769
74852725942
74852754053
74955569676
74955573566
74955568082
74955547817
74842556186
74842583044
74842534381
74932425634
74932421212
74932429641
74932424363
74822533454
74955559015
74932412378
74852739175
74822537022
74842591687
74843920644
74852714644
74842513085
74954670004
74852732918
74842578077
74955568822
74842553978
74965667039
74872359376
74955238233
74852567183
74852566243
74852559426
74852550280
74852564770
74852551474
74852562682
74852537183
74852551522
74852538303
74852532604
74852532553
74852554677
74852530165
74852555778
74852537060
74852561151
74852552440
74852567677
74852558173
74852544872
74852563216
74852543314
74852553935
74852565337
74852559380
74852575844
74852573084
74852554664
74852550255
74852565677
74852550266
74852558908
74852568668
74852535080
74852538415
74852530784
74852540594
74852551234
74852564117
74852563243
74852564191
74852550403
74852559171
74852545039
74852569240
74852565688
74852544254
74852531127
74852538074
74852531297
74852573117
74852574357
74852552778
74852553940
74852561786
74852559999
74842568496
74842544985
74842562588
74842559326
74842546462
74842554930
74842569417
74842570168
74842579486
74842574081
74842564479
74842547595
74842512800
74842520618
74842538270
74842549614
74842555506
74842575681
74842572001
74842571167
74842574010
74842527320
74842562361
74842580059
74842565719
74842516844
74842508318
74842566708
74842542925
74842530966
74842565026
74842536947
74842571095
74842565527
74842584603
74842533143
74842565132
74842547377
74842547040
74842509107
74842512377
74842575451
74842573702
74842549700
74842541416
74842560309
74842514414
74842525205
74842591194
74842560812
74842565588
74842574117
74842593275
74842521865
74842550165
74842555901
74842531811
74842528030
74842547403
74842590104
74842579412
74842550048
74842531137
74842563775
74842537264
74842584649
74842552674
74842578246
74842538963
74842565603
74842591941
74842589130
74842547997
74842566545
74842576014
74842556205
74842575877
74842592201
74842527921
74842579010
74842556003
74842536697
74842579337
74842532425
74842531553
74965675497
74923242807
74842546881
74965671550
74965676564
74965692872
74955861287
74955889030
74955870775
74872378553
74955871822
74872372425
74872376599
74872359345
74965672361
74872366983
74872362605
74955869637
74955865389
74965665130
74965664119
74955865144
74872344953
74872376777
74872355418
74872364317
74872373082
74872374275
74872368847
74872367056
74872369592
74872367086
74872374130
74872366976
74872361911
74872377717
74872370495
74872359781
74872359010
74872359009
74872362414
74872372117
74872362836
74872363091
74872374685
74872370796
74872376365
74872361273
74872373204
74872371350
74872377460
74872367112
74872370768
74872358936
74872367882
74872373126
74872362127
74872370540
74872360093
74872367991
74872376821
74872378127
74872360123
74923231093
74923238383
74872363712
74872377006
74923241766
74923240743
74872353831
74872347572
74872352423
74872350130
74872348213
74872343302
74872351627
74872351316
74872349984
74872343678
74872351900
74872353813
74872355852
74872353527
74965674146
74965679675
74965694410
74965670093
74965666887
74965664815
74965669223
74965673748
74965679397
74965668470
74965669613
74965698877
74965667022
74965663636
74965692396
74965664701
74965670926
74965698653
74965667366
74965692135
74965674500
74965663504
74965678727
74965678059
74965665005
74965667315
74965666551
74965665755
74965668234
74965673893
74965665222
74965672324
74965668655
74965692113
74965695221
74965697012
74965676240
74965674478
74965673927
74965668488
74965673963
74965667280
74965670766
74965674326
74965671335
74965679399
74965695546
74965671920
74965666666
74965664794
74965669943
74965676453
74965698833
74965675127
74965672249
74965692973
74965674692
74965692685
74965698844
74965692333
74965674300
74965676109
74965676476
74965661427
74965679226
74965696614
74965668095
74965673937
74955881170
74955885269
74955861752
74965664071
74965698447
74965678114
74965693765
74965671144
74965695672
74955873392
74955870087
74955867444
74955870265
74955874263
74955863874
74955863076
74955889487
74955874159
74955874015
74955884032
74955868787
74955874183
74955870486
74955863215
74955885558
74955874040
74955873730
74955865155
74955860122
74955874148
74955863783
74955889470
74955885114
74955866565
74955213194
74852755878
74852740110
74852736740
74955216690
74955219870
74852744984
74852723005
74852732827
74955232317
74955240704
74955214335
74852715112
74852745265
74852710044
74852720726
74852725960
74852725522
74852731650
74852744544
74852735551
74852737777
74852735128
74852720754
74852717307
74852733784
74852739917
74852728694
74852767036
74852756535
74852727541
74852728555
74852725218
74852732779
74852763140
74852721052
74955210584
74955230164
74852728600
74955219932
74955216368
74955241474
74955225915
74955233174
74955223839
74955212560
74955237176
74955225503
74955211302
74955214624
74955241791
74955232391
74955216810
74955241486
74955248032
74955214471
74955240938
74955236905
74955215034
74955217428
74955231019
74955226622
74955234552
74955210692
74955240610
74955234430
74955232734
74955220157
74955215600
74955248050
74955221472
74955243257
74955242402
74955232812
74955247007
74955219044
74955211500
74955219238
74955237240
74955230178
74955216063
74955226387
74955243288
74955241196
74955226598
74955210110
74955218397
74955211751
74955246548
74955212952
74955230168
74955246644
74955227912
74955212454
74955210731
74955246081
74955235231
74955232193
74955236119
74955210946
74955229070
74955240627
74955212456
74955242974
74955219500
74955211872
74955234811
74955231602
74955215432
74955245408
74955228400
74955237929
74955229185
74955238666
74955215602
74955239807
74955219643
74955215476
74955227229
74955219247
74955211693
74955230815
74955211113
74912331982
74912353975
74955248004
74872436709
74912367431
74912348722
74852574317
74852733318
74852730771
74955213186
74852763131
74955889395
74872410336
74965671874
74955248031
74955863428
74842576254
74872423700
74955889445
74965674810
74923260767
74852741175
74872346661
74872366550
74965672903
74955874195
74842581143
74955888378
74842563050
74965673962
74923252627
74955213639
74923251236
74852733927
74923261007
74842546809
74965667069
74923232066
74852730692
74842532472
74842513759
74955210243
74852572543
74965665250
74842578621
74872355861
74872340026
74842568081
74852571927
74955248099
74852571153
74842507825
74852548120
74842588225
74955217197
74955861220
74842560732
74965660173
74842563360
74842530331
74965669486
74852727301
74842576613
74872344820
74955219636
74842545194
74955867144
74955874074
74842552416
74965678919
74852530091
74955239531
74965664812
74955226119
74872373600
74842513612
74965670239
74955221144
74955243639
74852565256
74965660333
74965676355
74965664480
74842577472
74965696909
74852543961
74852562441
74872362025
74965675097
74842533578
74842564941
74842551222
74842563566
74852540647
74955219902
74965673960
74955235419
74872363874
74955213534
74872365565
74842564195
74842508830
74842530675
74842551311
74965675523
74842576121
74842550085
74842553794
74852573230
74842575728
74842551128
74842591966
74842562012
74852568464
74852555103
74852562407
74852564777
74852564216
74852537647
74852542005
74852552795
74852549581
74852569778
74852566646
74852532974
74852576254
74852530585
74852536600
74852567961
74852565841
74842528035
74842543808
74842567751
74842531422
74842562779
74842550043
74842586764
74842583001
74842573872
74842584958
74842531586
74842538279
74842576491
74842563667
74842582007
74842591164
74842576102
74842563438
74842555266
74842558707
74842531366
74842562822
74842591554
74842578268
74842573503
74842549268
74842510096
74842532822
74842593463
74842563637
74842559340
74842578808
74842562638
74842555095
74842564315
74852532177
74852563595
74842591353
74842572439
74852555705
74842575699
74842593273
74842559386
74842531035
74842564879
74842565858
74842576797
74842589662
74842590379
74842575101
74842507887
74852549807
74842551225
74842576551
74852549656
74842524229
74842585660
74852577895
74842545987
74852550414
74852561196
74842548533
74912202847
74912202732
74912203348
74912200901
74912202830
74912203064
74912202885
74912200908
74912202554
74912202359
74912202939
74967721636
74842224132
74932230989
74852537307
74967725780
74912202506
74923435409
74842543966
74852562337
74852542190
74852541984
74852530928
74852549803
74852559042
74842541263
74842523893
74842520308
74842578230
74842561857
74842549769
74842578522
74842520002
74842516757
74842558285
74842577271
74912202555
74912202087
74912200770
74912202321
74912202067
74967682806
74912200627
74912202869
74912202883
74912202790
74912202933
74912202671
74912202714
74912202680
74912202570
74912202951
74912200930
74912202860
74912202755
74912202361
74912202806
74912202055
74912200938
74912202668
74912202573
74912202859
74912202717
74912200927
74912202735
74912202659
74912200906
74912202967
74912202678
74912202423
74912202768
74912203203
74912202810
74912202632
74912202547
74912202700
74912200624
74912203184
74912203175
74912203054
74912202988
74912202317
74912202183
74912202807
74912202690
74912202944
74912202336
74912200921
74912200918
74912203173
74967682134
74912202681
74912202757
74912202770
74967680634
74967680011
74912202672
74912200780
74912202695
74912202937
74912202052
74912202634
74967680089
74912202658
74912203314
74912202673
74912202846
74912203334
74912202411
74912203085
74912202665
74912202875
74967680359
74967680132
74967682115
74967680632
74967683146
74967683371
74967680406
74967682476
74967681509
74967681972
74967680294
74967681437
74967682513
74967683354
74967682904
74872247131
74967681969
74872245194
74967680438
74872247530
74967683258
74872249139
74872249980
74872249990
74872245316
74872249824
74872249865
74872245154
74872245191
74872245334
74872249871
74872245308
74872249922
74872246705
74872249801
74872245331
74872248372
74872249124
74872248333
74872249036
74872249840
74872245269
74872245374
74872247043
74872249848
74872246104
74872249920
74872247958
74872246631
74872249923
74872245399
74872248393
74872245168
74872245273
74872249598
74872245195
74872245283
74872245271
74872248359
74872248388
74872249049
74872245390
74872249946
74872245145
74872249121
74872245327
74872327955
74872245385
74872330147
74872249105
74872249942
74872327976
74872329749
74872329328
74872329861
74872328246
74872329837
74872332015
74872328092
74872327959
74872328002
74872329735
74872329774
74872330198
74872333267
74872327923
74872329342
74872329764
74872329515
74872329808
74872330757
74872329804
74967726603
74967721809
74967721051
74967727879
74967721470
74967720000
74967720636
74967723402
74967720865
74967720828
74967721878
74967725378
74967722686
74967726684
74967725859
74842229278
74842224340
74842228428
74842226186
74842229138
74842228666
74842220363
74842228823
74842229115
74842228674
74842223592
74842228873
74842220375
74842228683
74842228691
74842222694
74842229171
74842229173
74842228752
74842226183
74842228990
74842228721
74842228694
74842221695
74842229016
74842229048
74842228646
74842229156
74842228703
74842221615
74842226203
74842224919
74842220500
74842225869
74842220368
74842228831
74842228869
74842220191
74842224713
74842221611
74842229025
74842226520
74842229101
74842228871
74842220002
74842229328
74842228620
74912751711
74912763834
74912762563
74912752370
74912761722
74912758550
74912757524
74912759639
74912766530
74912767374
74912763244
74955161929
74955158506
74955150286
74955156101
74955154385
74955169488
74955158247
74955160220
74955161575
74955151925
74955155845
74955165451
74955160282
74955158235
74955166736
74955160138
74955168211
74955168377
74955158888
74955154574
74955151844
74955159651
74852206159
74852206450
74852205680
74852200926
74852204171
74852206114
74852205096
74852205842
74852201108
74852217028
74852217927
74852201236
74852206232
74852204240
74852211711
74852208333
74852201010
74852213755
74852205155
74852212697
74852222080
74852218387
74852209236
74852222183
74852228150
74852205651
74852208161
74852209051
74852205940
74923447415
74923429094
74923433132
74923427003
74923440020
74923446936
74923433236
74923436381
74923421350
74923432185
74923426885
74923435582
74923431488
74923441450
74923433906
74923420540
74822440677
74822447918
74822456966
74822452026
74822451838
74822446165
74822448076
74822444239
74822453576
74822452365
74822450266
74822442468
74822444222
74822453831
74822442981
74822447366
74822453883
74822444679
74822453581
74822457177
74822452431
74822448424
74822441288
74822447618
74822449144
74822452602
74822452703
74822449484
74822452208
74822452952
74932230660
74932238440
74932233057
74932236285
74932234367
74932231136
74932241237
74932241206
74932234577
74932237701
74932234713
74932240476
74932237753
74932232501
74932240570
74924128862
74924135819
74924127463
74924136880
74924136756
74924136917
74924135920
74924136821
74924136962
74924125547
74924136919
74924131593
74924136851
74924125106
74924130248
74924136747
74924120236
74924136861
74924136749
74924122146
74924128224
74924121935
74924126536
74924136949
74924136810
74924136722
74924126666
74924136783
74924133117
74924133470
74924136820
74924139198
74924136939
74924136887
74924136937
74924136966
74924131063
74924136970
74924136921
74924136901
74924136614
74924135806
74924136765
74924136705
74924127512
74924136800
74924125660
74924127650
74924123467
74924126312
74924136788
74924138194
74924131074
74924136828
74924123422
74924133301
74924120418
74924136991
74924136983
74924123543
74924136977
74924123425
74924125746
74924135077
74924138207
74924123793
74924132602
74842228497
74842229132
74924136869
74924121590
74924136873
74912202670
74872249429
74842554486
74852206162
74923420250
74872249957
74967724480
74967727344
74912753511
74924136738
74912761342
74924137090
74872249113
74872245329
74842222412
74955157883
74852208445
74872245225
74842224415
74924136968
74842532678
74924136882
74872329232
74912202715
74924124554
74955163216
74852200504
74842576681
74822454575
74924127354
74842561138
74955158236
74912759407
74842220287
74924136735
74955156932
74924134739
74967724661
74842226212
74924134858
74912763960
74852214657
74842563031
74924127611
74924121876
74852204157
74923429021
74822450101
74822450221
74822449119
74872328295
74912203330
74842578598
74842555236
74932235939
74923433736
74924127673
74923422900
74852203045
74967728237
74842510955
74822453613
74932233431
74852200593
74912758100
74842549068
74923433992
74912202160
74932235284
74924125360
74822456607
74955156145
74872249928
74955155043
74852576210
74852212436
74924121397
74924123370
74852200210
74842229060
74924136897
74924139001
74924136956
74842547302
74924124662
74955153214
74967682864
74822452612
74842515079
74822443947
74842544054
74924137742
74852208140
74923422399
74912202966
74912202430
74852219106
74842534350
74842564457
74922330796
74922326702
74872469822
74986842055
74962130292
74962122524
74872473970
74962123480
74955744490
74955746074
74872480150
74951222574
74962193079
74955749384
74955902164
74872502028
74852781243
74962197229
74951229994
74922346200
74964173984
74955516137
74962120184
74962131431
74986844817
74986843860
74955752621
74955749275
74955903027
74962192235
74852787800
74872500946
74826137103
74826135290
74955901474
74955113472
74962194361
74962131428
74964185489
74852781295
74852788332
74852785649
74872488780
74955129263
74912552349
74912559274
74912550559
74872470831
74922347766
74922321266
74922311247
74922323675
74922326905
74922342401
74922330079
74922323083
74922332381
74922323098
74922348333
74922335282
74964175698
74964180256
74964178585
74964172902
74964182915
74964180000
74964182140
74964178760
74986844806
74955516079
74986842687
74955516654
74955513052
74955516679
74955514179
74955510645
74955510609
74955512512
74962126983
74955513380
74962124940
74955516109
74955510373
74955514388
74955516127
74955516002
74955510485
74962127252
74962126970
74962127928
74962122874
74962123896
74962128909
74962130085
74962123955
74962121337
74962122719
74962128991
74962126898
74962127822
74962123816
74962129859
74962127598
74962120976
74962126993
74962132642
74962130347
74962123978
74962131977
74962122544
74962133859
74962123758
74986844961
74986844812
74986848678
74986844918
74986841987
74986844811
74986847685
74986844919
74986848357
74986842525
74986849192
74986844172
74986843599
74986844369
74986844992
74955749546
74986844890
74955750313
74955752298
74955751040
74955749279
74955751923
74955746176
74955750103
74955749599
74955750527
74955752341
74955746184
74955746432
74955752445
74955744786
74955752255
74955750381
74955900500
74955900508
74955900308
74955901390
74955900246
74955904284
74955902685
74955904025
74955900679
74955904618
74962193095
74962193750
74962196929
74962193046
74962197226
74962195220
74962192049
74962193579
74955116726
74955114757
74955122510
74955112487
74955117351
74955112491
74955126792
74955113969
74955111536
74955110750
74955110546
74872478325
74872490796
74872484136
74872469642
74872469598
74872497312
74872481189
74951222705
74951229939
74951222042
74951229906
74951224223
74951221897
74951229987
74951222834
74951222508
74951222516
74951222068
74951229970
74951230003
74951224221
74951222050
74951229924
74951222800
74951229977
74951222847
74951229971
74951229988
74951229904
74951222291
74951222718
74951222793
74951222237
74951221002
74951222032
74951229952
74951222207
74951229909
74951229981
74951222201
74951221493
74951222356
74951222387
74951222560
74951222083
74951222722
74852781225
74951222468
74951229993
74951222192
74951221925
74852788163
74951229985
74852788294
74852781303
74852780804
74852781190
74852781614
74852781018
74852781939
74852786417
74852781629
74852788153
74852781340
74852781643
74852781246
74852780114
74852786330
74852786229
74852781079
74852785684
74852781935
74852785726
74852781136
74852786235
74852786321
74852787295
74852784719
74852781109
74852785704
74852786467
74852787497
74852788591
74852785731
74872470803
74872469690
74872505185
74872468881
74872476575
74872478722
74872489044
74872495107
74872478515
74872494088
74872509601
74872488506
74872473498
74872478315
74872500790
74872499983
74826126237
74826135323
74826137467
74826135417
74826136882
74826133149
74826136583
74826135743
74826135150
74826135698
74826135398
74826125901
74826135941
74826133169
74826129177
74826133250
74826135344
74826135381
74826135157
74826135774
74826135112
74826135270
74912558287
74912550193
74912551824
74912557252
74912558100
74912550078
74912550561
74912559046
74912557310
74912550014
74912552471
74912552356
74912559751
74912555551
74912558276
74912557201
74912550018
74912552491
74912557254
74912552420
74912557239
74912550156
74912552407
74912557298
74912552479
74912551050
74912550065
74951222551
74951222171
74912551065
74912559526
74912557320
74912559505
74986843258
74922325425
74826135984
74962195050
74955110919
74872469459
74955113191
74955904382
74951221327
74955749276
74964183025
74852781144
74912557290
74964172767
74964175969
74872506365
74872469137
74872472042
74986841258
74951222074
74962120633
74955125566
74962132876
74955115144
74964171348
74962134839
74872486113
74922333508
74912551816
74826136337
74962125545
74955751717
74986842013
74962128487
74872494309
74872487349
74962192100
74912550084
74922326522
74951222062
74826136238
74872492043
74872502129
74872473383
74964175882
74962121536
74872495742
74852781074
74951229953
74951229974
74951222315
74951222076
74951222268
74951229965
74951222178
74951221201
74951229940
74951222254
74912552458
74912557214
74912555555
74912552392
74922327045
74922338789
74922332011
74922331750
74922314587
74922326725
74922320430
74922331576
74922343684
74922326798
74922321114
74964174463
74964179006
74964173932
74964181771
74964172963
74964183545
74964174121
74964184337
74964171904
74964172903
74964173555
74964173995
74964177609
74964184222
74964182716
74986843701
74986842307
74955516479
74955515317
74955511848
74955516464
74955514000
74955512564
74955510038
74955511181
74955511568
74955510812
74955514213
74955513828
74955510290
74955510036
74955513588
74962129540
74962122822
74962128967
74962130899
74962121642
74962122255
74962130569
74962130264
74962120272
74962130541
74962126246
74962122297
74962131568
74962129936
74962122790
74986841492
74986847092
74962126987
74986844922
74986844803
74986844893
74986849742
74986847653
74986841532
74986843096
74986842944
74986843119
74986844813
74955744405
74955748146
74955749291
74955750430
74955750755
74955752700
74955901955
74955748907
74955745212
74955749293
74955751806
74955752046
74955748108
74955750105
74955748704
74955749800
74955746464
74955746477
74955750318
74955744044
74955903103
74955750491
74955904212
74955748103
74955904281
74955900015
74955903130
74955903083
74955900601
74955903068
74955904401
74955900988
74955904802
74955900664
74962194287
74962193091
74962193896
74962193289
74962197232
74962193586
74962194089
74962196983
74962194513
74962194999
74962196285
74962196323
74962193094
74955123207
74872478502
74955112747
74955116965
74955113025
74955115216
74955112771
74955123745
74872500817
74872478350
74872479687
74872469589
74872489035
74872472569
74872478433
74872468894
74872489037
74872469539
74872490134
74872497979
74872491025
74872510642
74872489054
74872476528
74872484683
74872500350
74872498386
74872478335
74872503503
74872468800
74872478429
74872471287
74826135141
74826135372
74826136008
74826135419
74826137133
74826127209
74826126126
74826135789
74826135338
74826125735
74826136445
74826135759
74826136106
74826127510
74826135755
74826135401
74826126248
74826126108
74826136646
74826133406
74826135462
74826135669
74826129101
74826125802
74826125763
74962193636
74826135971
74826135164
74872494494
74872489023
74872491914
74826133305
74962130633
74955900170
74986841254
74872478462
74962193410
74955511041
74962122176
74955120406
74872502503
74962128814
74964183114
74955900530
74826135834
74872490022
74964178559
74826135953
74964174502
74872470385
74964189395
74955111213
74955114014
74826136786
74955516078
74872500370
74955124545
74955110198
74962195786
74955903233
74872469451
74962192102
74872476235
74962192038
74872497029
74922333387
74826135561
74872470116
74955511336
74955904985
74962121535
74962193550
74964185181
74962130553
74822534036
74962129031
74964181649
74955510118
74955516424
74955515143
74955516902
74955904416
74962192101
74872482982
74872492112
74872478581
74872500053
74872469902
74822536087
74912286264
74912291903
74912290053
74912290226
74872304719
74822514448
74955510777
74955752244
74932545659
74872323228
74932542554
74962131371
74932537659
74962122093
74922333400
74962121913
74955750993
74922349386
74872487330
74955114784
74962123102
74932545809
74872308398
74922325985
74922322979
74964183903
74955514688
74955511033
74962121406
74962129913
74955748877
74872469481
74872478721
74955128492
74912284427
74872323650
74872472605
74964187999
74912271657
74822515179
74955903433
74955515577
74872507101
74955513818
74922327384
74822533308
74962130363
74955511144
74872486348
74822522837
74962122734
74822525790
74962124933
74955122253
74912283678
74872475773
74822510914
74872502153
74932534218
74962192053
74932552530
74922324557
74922335077
74922327859
74922317066
74922334981
74922330437
74922326754
74922320401
74922310063
74964174393
74964176104
74964177662
74964185000
74964176903
74964174783
74964187296
74964181445
74964181843
74964185411
74964187127
74964176999
74964185749
74964172373
74964175730
74964177820
74964182441
74955516150
74955510190
74955510745
74955512018
74964177217
74964177840
74955514066
74955510701
74955512416
74955516363
74955516655
74955513528
74955510634
74955516570
74955512784
74955511581
74955513411
74962124669
74955515880
74962130351
74962122656
74962126850
74962126334
74962131202
74962120175
74962134676
74962124939
74962123974
74962122145
74962122061
74962121939
74962121424
74962125465
74962127071
74962126738
74962121601
74962128341
74962123982
74962121999
74962124866
74962122543
74962120676
74962129998
74962132374
74962125244
74962121323
74962122097
74962126995
74955749031
74955752210
74962130823
74962131133
74962193058
74955903223
74955902345
74955114290
74955111532
74955118388
74955122496
74955118128
74955111765
74955114501
74955113210
74955120879
74955116683
74955117088
74955115922
74955124630
74955110103
74955116418
74955116441
74955122307
74955119213
74955122820
74955122956
74955118815
74955119470
74955110862
74872473499
74872471058
74872478362
74872478418
74872469574
74872469648
74872489016
74872477003
74872478577
74872472130
74872478837
74872489049
74872469486
74872476731
74872492028
74872481184
74872502708
74872478817
74872476434
74872502980
74872469899
74872508167
74872487592
74872480170
74872478501
74872485354
74872478827
74872500373
74822526349
74822529400
74822528926
74822539190
74822527944
74822528652
74822524243
74822520940
74822516349
74822539124
74822537834
74822521709
74822516741
74822527448
74822522470
74822532981
74822525909
74822527587
74912286243
74912290021
74912279128
74912280555
74912284888
74912280535
74912288183
74912277472
74912285760
74912290070
74912274989
74912276406
74912291618
74912280436
74912291516
74912275223
74912287816
74912286944
74912281584
74912280595
74912279651
74912286246
74912276155
74912289813
74912290151
74912273491
74912286577
74912277329
74932548269
74932533960
74932527813
74932528800
74932527601
74932564331
74932534597
74932556496
74932567674
74932527205
74932532408
74932534804
74932565247
74932558143
74932555689
74932567312
74932562431
74932535945
74872321700
74872322551
74872311552
74872324477
74872303999
74872323213
74872303400
74872317365
74872323671
74872324192
74872325102
74872302715
74872312569
74872317914
74872322221
74872317367
74872312813
74872301129
74872300715
74872323830
74872301107
74872321954
74872322400
74872311435
74872316463
74872324999
74872313618
74872307335
74872322160
74872325367
74872313700
74872323814
74872316338
74872323838
74872313521
74872301504
74872323190
74872324832
74872301981
74922324648
74872324879
74872322458
74872307230
74955514176
74962192288
74962134431
74872319679
74955118661
74872486281
74932528436
74932533161
74962130999
74932549488
74872318144
74912283727
74912290156
74962129833
74932539879
74962133459
74872475101
74932560698
74912284957
74872498293
74955511185
74964174544
74872475087
74964181569
74872499998
74922322177
74872316390
74872311312
74922349787
74922336628
74962127797
74932542082
74872311990
74872480171
74964181552
74932536535
74872218299
74843940268
74922529984
74965764519
74842582443
74965746770
74842579280
74843937736
74843922233
74965745105
74965734643
74965747146
74965744829
74843948236
74842561868
74843943805
74965734106
74843932989
74965761814
74967355126
74965746256
74967354176
74965739207
74965732570
74843935933
74872227929
74843962721
74965731089
74843929120
74922538406
74965735900
74965753762
74967375048
74843968591
74965755949
74965763951
74843939363
74965752154
74922532817
74843960671
74922546511
74843948883
74965742989
74922542161
74967374111
74922531834
74922544225
74922531265
74965750664
74843944888
74955932259
74965744778
74843944992
74842564616
74842574476
74852409736
74852501176
74872216076
74822345057
74843961662
74843944464
74965735214
74965744289
74843934943
74964323176
74843929412
74822779068
74955167499
74822778292
74822778194
74962148424
74964691955
74964322356
74964697678
74964697537
74962148081
74962149502
74843952998
74965759991
74965753240
74843941129
74955163000
74822779028
74822778362
74822778681
74822778113
74822779087
74822778263
74822778176
74822778146
74963443017
74822778163
74822778198
74822779023
74822778124
74955034378
74955032829
74955036064
74822778785
74962599480
74962149690
74964322296
74964321356
74964324455
74964328417
74964696185
74964695273
74964696000
74962148513
74962147396
74962149386
74962146606
74962147001
74962148565
74962147675
74962147693
74962146178
74962147780
74962146704
74962148708
74962147180
74963437436
74962147796
74955152442
74965753831
74965731128
74963429039
74822777940
74843933512
74843929577
74822778238
74964320174
74965765566
74955034658
74955160101
74822779063
74843926092
74843932505
74965744801
74965738083
74843922237
74843938331
74843962530
74843958400
74965736400
74965743467
74965743541
74965745044
74843922109
74965769278
74912378666
74955166832
74963432408
74955168837
74963442439
74963432969
74963434020
74963440059
74822778239
74963442699
74963429267
74822778180
74822777877
74963432328
74822779071
74963441135
74822778247
74822777947
74822777837
74822777909
74822778257
74822778694
74822779035
74822778133
74822777941
74822778227
74822778683
74822777948
74822777944
74822779066
74822777946
74822777983
74822777943
74822779055
74822778682
74955034617
74822778276
74955035820
74962590528
74962590284
74962148128
74962598239
74964325757
74964321525
74964320305
74964329133
74964321345
74964323107
74964324084
74964320479
74964323850
74964325815
74964320236
74964323166
74964320209
74964325700
74964697216
74964697074
74964691012
74964694059
74962146215
74962146398
74962145540
74962145411
74964697785
74962147443
74962148417
74964691219
74962147259
74962149243
74962145904
74962145771
74962146959
74962146219
74962146314
74962146545
74962146361
74962149212
74963437447
74822778763
74822778206
74963437917
74962590345
74955039422
74962148667
74843948066
74955166012
74965755568
74955152874
74963439882
74965732996
74822775352
74852763338
74852722489
74852722013
74852760909
74822521123
74822529545
74822537585
74872456509
74872463334
74872451341
74872456324
74852217133
74852212683
74852205677
74852207239
74852203368
74872367505
74872366070
74852402227
74852405759
74852402803
74852403378
74852404396
74852406555
74852403371
74852404734
74852404018
74852401679
74852400774
74852400144
74852404488
74852400602
74852403996
74822775355
74843964638
74965742144
74965746091
74843934682
74843930666
74843920308
74965731606
74965767322
74965736574
74965765014
74965758860
74965739469
74965757737
74955160075
74963433131
74963440461
74963441140
74963437400
74963434191
74963441177
74955032094
74955036703
74962599901
74963432978
74962147365
74964324178
74964322354
74964321583
74962147428
74964695732
74964691075
74962149220
74962147706
74962147093
74962147439
74962147024
74962149580
74962148540
74962149277
74962146530
74822778417
74963433000
74843931946
74962149640
74822761126
74852205982
74852404132
74964320166
74852726450
74852403813
74843929472
74955165694
74962148291
74872372388
74852407001
74852756200
74822519182
74872367865
74843933416
74965753450
74822515994
74852749779
74852402475
74962149280
74955036530
74965743779
74852404490
74852717319
74964691121
74852402167
74852401314
74852200015
74822525495
74843956375
74852726217
74965763069
74963438663
74962596979
74852734444
74852401838
74964328032
74852732729
74822532162
74964691895
74852401514
74872441669
74964321224
74852712249
74872368973
74965760389
74964321465
74872440868
74965746119
74872456249
74962594848
74963435454
74964329905
74963432357
74843961859
74962598743
74963437425
74852211464
74962148603
74962146709
74852732594
74962147262
74852745816
74852739941
74852753588
74852745257
74852764168
74852729140
74852746248
74852738034
74852738147
74852737482
74852743761
74852725626
74852757521
74852730080
74852740569
74852714758
74822532735
74822534756
74822522191
74822515414
74822525377
74822523950
74822515445
74822523423
74822532643
74822523440
74822528382
74822538700
74822532452
74822538594
74872456593
74872459417
74872451450
74872451621
74872464181
74872456167
74872464744
74872452584
74872441058
74872458305
74872464253
74872461586
74872443445
74872459451
74872455020
74872454047
74872455561
74852208089
74872456904
74872456169
74872464215
74852206908
74852205649
74852212729
74852215402
74852200980
74852206296
74852204070
74852203484
74852205424
74852205017
74852214875
74852208750
74852206135
74852222037
74852208444
74852206366
74852209219
74852203172
74852205967
74852212679
74852212415
74852205837
74852200032
74852214085
74852205077
74852207607
74852205100
74852201157
74852209145
74852208230
74852201075
74852210657
74852205835
74852207064
74852210934
74852205236
74852205167
74852209149
74852207215
74852207266
74852205079
74852206134
74852205965
74852205854
74872367054
74872375452
74872371012
74872362204
74872372119
74872374512
74872362426
74872371124
74843929184
74843948734
74843944232
74965731081
74843964865
74965766273
74965750044
74965752356
74965762642
74843944177
74843947434
74843944444
74843943644
74843957238
74843942565
74843920349
74843934142
74843931709
74843947701
74843967583
74843954526
74843927909
74843940858
74965743359
74843939132
74965736575
74965763582
74965770008
74965767351
74965769398
74965737148
74965736444
74955161148
74955152358
74955163225
74955159263
74955154600
74955160814
74955161923
74963435521
74963436773
74963444104
74963434942
74963429792
74963442534
74963435631
74963438799
74963435464
74963440571
74963440002
74963438282
74963437577
74963431799
74963436837
74963438294
74963437373
74963444090
74963439004
74963434288
74963429322
74963431730
74963441839
74963432599
74963433833
74963433308
74963432047
74963444105
74963430519
74955032668
74955035410
74955030228
74955032438
74955031193
74955035123
74955030141
74955039903
74955039485
74955033381
74955039718
74962594846
74955034555
74955033479
74962593791
74962590767
74962590307
74962595502
74962597944
74962590791
74962599106
74962595353
74962590592
74962590516
74962592650
74962595987
74962592353
74962591592
74962591016
74962593523
74962148241
74964697530
74962149261
74964320137
74962147058
74964329055
74964320112
74962147020
74964320356
74964320019
74964322555
74964323454
74964323560
74964320980
74962145338
74964321011
74964320363
74964321030
74964320339
74964320364
74964322890
74964320530
74964322291
74964325385
74964328020
74964323193
74964323129
74964320233
74964320312
74964323248
74964326003
74964325549
74964322280
74964320936
74964691514
74964695440
74964697850
74964691870
74964690181
74962145134
74964694572
74962145718
74962147770
74962146751
74962145387
74962147466
74962146141
74962146833
74962145936
74962149636
74962145163
74872440894
74962590653
74872464676
74962145261
74962148276
74843944738
74965749192
74852203003
74963437474
74843929572
74852721281
74843967710
74963435771
74872456058
74822515869
74965733370
74872367080
74965740049
74822523477
74967732336
74872366816
74962599876
74852735707
74955033241
74852558987
74963438436
74963442698
74963432007
74843949774
74964324978
74852739755
74955154741
74955153449
74852731585
74963439561
74852751157
74822532000
74962595041
74852735648
74852747875
74962147437
74986020103
74967733458
74932346330
74852400790
74932386837
74986023007
74852401225
74852403937
74935421561
74955418168
74932387501
74932264549
74964672558
74935141500
74932268825
74984827667
74967732578
74964616786
74852404103
74935142213
74966179622
74955166329
74922361560
74965360733
74955419122
74852547439
74922446850
74875361140
74923446481
74875367867
74875347000
74852538333
74965366565
74964621293
74964330200
74932269725
74955167101
74852380988
74875347293
74967395964
74935420439
74923420920
74822507072
74842547925
74956359036
74965366575
74935425248
74956355634
74964332264
74842550798
74932380130
74923432889
74986020762
74932268134
74965363787
74986022260
74964145454
74912929020
74935423517
74842565483
74964665233
74875365458
74935148809
74964620701
74986020427
74922445061
74922445036
74956351839
74912984907
74922366165
74956355796
74964679679
74842576176
74956355628
74965360570
74922447752
74956355506
74852406922
74852329205
74986022335
74923432258
74852390258
74842562061
74922456308
74966186890
74964330311
74955996075
74964623807
74964610110
74955572063
74852401266
74922440268
74852405103
74932269658
74984820767
74875360304
74955417207
74956351718
74956356413
74872335033
74852402228
74932269708
74955572250
74962464660
74852320094
74935423543
74932346288
74922217224
74872335496
74842530870
74872330913
74935420273
74935142025
74955985366
74922451175
74955569322
74964146077
74932387620
74912921818
74964337752
74852320561
74852323120
74852324955
74935142107
74852328686
74875366448
74822501669
74935147049
74955989068
74955987201
74962464625
74966185916
74922450440
74935424529
74852406249
74822336940
74842553763
74912926017
74935423302
74964164999
74842577182
74872332598
74955984414
74912982959
74986021284
74955998464
74935424202
74935422112
74964165521
74842566945
74986020026
74955415111
74922214882
74912924371
74923436566
74955415256
74922214335
74912989572
74964615234
74964667188
74964665434
74964612293
74955576244
74955416308
74923429300
74923420108
74852406618
74842544987
74842543077
74842562281
74842560021
74842557580
74842573946
74842557521
74842520402
74842551798
74923438979
74923431129
74923444888
74923430063
74923441481
74923426796
74923425750
74923421726
74923422564
74923426843
74923421783
74923446906
74923434906
74923431130
74923432196
74923430424
74923424605
74923432481
74923444050
74923429342
74923422781
74923420979
74923420434
74923447530
74922215714
74852407582
74852404202
74852401119
74852400557
74852407634
74852401772
74852400881
74852408149
74852407619
74852406053
74852407098
74852406579
74852401127
74852400641
74852401042
74852401428
74852406724
74852400887
74852404082
74852400871
74852403500
74852404528
74852404840
74852400409
74852400569
74852407614
74852404744
74852402363
74852406216
74852403694
74852404535
74852406326
74852406580
74852403349
74852404291
74852404675
74852403303
74912985833
74912986893
74852407018
74852403887
74852403340
74852400893
74912985673
74912987836
74912986763
74912982860
74922217083
74922211365
74922217150
74922211078
74922210678
74922214646
74922215868
74922214983
74922210626
74922212831
74922217341
74872329710
74912922679
74872336488
74912926655
74872330253
74912926126
74872329841
74912923705
74912923813
74912929791
74912929363
74912920067
74875361141
74875362686
74875360914
74875356330
74875349120
74875367511
74875362470
74875362790
74875367780
74875366088
74875365456
74875351168
74875360238
74932386979
74875368943
74875349332
74932384755
74932379503
74932384394
74932382648
74932386371
74935141392
74935142623
74935148738
74955168305
74955159479
74955161810
74955151570
74955162120
74955166694
74955169113
74955160900
74955151307
74955151202
74955168336
74955030539
74964679615
74955035244
74955035838
74964678214
74964674407
74964665017
74964678629
74964678789
74964665718
74964669053
74964670490
74964678389
74964673169
74964679433
74964670295
74964669841
74964620196
74964679700
74964673450
74964672888
74964679461
74964665447
74964665243
74964665408
74964617377
74964623248
74964623810
74964610259
74964621305
74964621350
74964619190
74964611178
74964622281
74964614482
74964623170
74964622031
74964616466
74964617466
74964621981
74964622114
74964623784
74964623365
74964618162
74964621806
74964617303
74964623652
74964611192
74955580542
74955573485
74955570963
74955575709
74955580807
74955580092
74955568594
74955568787
74955574710
74955573398
74955575718
74955574021
74955573235
74955568576
74955569371
74955568202
74955577877
74955568453
74955569418
74955578383
74955569439
74955570230
74955574027
74955573155
74955576319
74955568946
74955411298
74955575743
74955419150
74955410220
74955412717
74955414096
74955417702
74955411243
74955579414
74955416314
74955411174
74955412765
74955411485
74955418700
74967736891
74967731111
74967732406
74967730900
74955413862
74967730700
74967730624
74967731783
74967732671
74967732410
74967732255
74967735342
74935422342
74935425592
74967734244
74935420101
74935421304
74967733720
74967731578
74967732743
74967731673
74967733753
74935423242
74935424047
74935424568
74935425233
74935425225
74935420275
74935422205
74935422289
74964166770
74965651338
74965651161
74964166118
74964151636
74964161319
74964139983
74964161632
74964141227
74964137027
74964153206
74964152020
74964166067
74964166193
74964150263
74964162368
74964166354
74964138778
74964139342
74964166703
74964166751
74964139667
74964138678
74964166918
74964166349
74964163431
74964139973
74964139597
74964136708
74962463406
74962461999
74962462939
74955987707
74955987963
74955980090
74955986150
74955980170
74955985447
74955985419
74955987754
74955987912
74955985811
74955977086
74955981592
74955987176
74955992418
74955987363
74955980785
74965644891
74955991101
74955979666
74965652520
74965643815
74965651690
74965646957
74965647491
74965652460
74965651145
74965652426
74965652461
74965645227
74965647779
74965652510
74965652584
74965644437
74965651164
74965652530
74965651204
74965652522
74965644426
74967395783
74967399183
74967395641
74967399974
74967396791
74986022204
74967396710
74967394035
74986023054
74967395792
74967399786
74967397561
74986021821
74967399957
74986021833
74986022290
74986021095
74986020074
74986022166
74986022852
74986023109
74986022200
74986022530
74986020611
74986022336
74986022572
74986021343
74986021232
74986022259
74986021748
74986020140
74986020930
74986021047
74986021791
74986022651
74986020752
74986022511
74986021145
74986023842
74986020320
74986020660
74986020232
74986021314
74986022299
74986022764
74986023096
74986022736
74986021013
74986021132
74986020046
74986020833
74986022281
74986023110
74986022476
74986020214
74986022889
74986023206
74986021075
74986022156
74986022303
74986020417
74986020067
74986020138
74986020340
74986021012
74986021313
74986020928
74986022212
74986020155
74986020071
74986021450
74986021778
74986023417
74986020141
74986022434
74986023077
74986020318
74986021751
74986021878
74986020014
74986022157
74986022840
74986020803
74986022377
74986023674
74986022991
74986023221
74986021053
74986022205
74986020174
74986022158
74986020025
74986022462
74986023123
74986022954
74986020808
74986022493
74986022162
74986020115
74986020344
74986022601
74986022348
74986022935
74986021381
74986021106
74986021383
74986020838
74986020563
74986021979
74966187137
74966179321
74966183454
74966186764
74966186118
74966181633
74966186471
74966182369
74966186755
74966188444
74966187503
74966180740
74966180503
74966183013
74966187104
74966186332
74966187198
74966186762
74965722441
74966184691
74966183488
74966184489
74966182202
74966187979
74955526241
74955521657
74955525672
74955524265
74955523232
74955529054
74955525324
74955527297
74965723057
74955519122
74955529063
74955529175
74955526258
74955529078
74955529002
74955522567
74955529073
74955529060
74955522905
74955523734
74955520923
74955523409
74955524340
74965721656
74965721455
74965719923
74965726346
74965727783
74965720648
74965719856
74965726217
74965723666
74965721852
74965719867
74965719842
74965719906
74965727553
74984828718
74984820732
74984824663
74984825300
74984821219
74984820793
74984827879
74984821551
74984826255
74984825974
74984827751
74984826129
74956351762
74956355638
74956351795
74956359968
74956359368
74956356679
74956351515
74956354930
74956356882
74956356334
74956359482
74956355395
74956352125
74956359186
74956358207
74956359031
74956358683
74956358858
74956351524
74956359394
74956354529
74956352958
74956354267
74956354772
74956357702
74956357990
74956358734
74956353888
74956357364
74956351390
74956354150
74956359390
74964337948
74956356947
74964333481
74964332213
74964333550
74964332678
74964330256
74964333991
74964333095
74964334261
74964337870
74964330505
74964337968
74932345867
74932346192
74932346496
74932345833
74932346202
74932345993
74932345953
74932347685
74932346055
74932346062
74932345916
74932266342
74932266496
74932264183
74932268764
74932269818
74932264091
74932346500
74932267732
74932267749
74932269813
74932345591
74932268619
74932345804
74932264122
74932266345
74932266189
74932267800
74932269879
74932264359
74932264237
74932268043
74932269683
74932268649
74932269882
74932269740
74932268809
74932266041
74932264025
74932269840
74932268615
74932269898
74932264700
74932264918
74932268646
74932269805
74932266109
74932268770
74932268260
74932268614
74932269845
74932269907
74932269931
74932269951
74932268319
74932269977
74932268684
74932269970
74932264244
74932266102
74932264707
74932266174
74932266353
74932267831
74932269911
74932269709
74932269851
74932268812
74932268623
74932266014
74932266193
74932264620
74932268765
74932269787
74932269809
74932264201
74932264304
74852382284
74852322902
74852386604
74852385945
74852386242
74852384605
74852383935
74852384105
74852384844
74852383955
74822506455
74822506368
74822507453
74822507416
74822505070
74822500972
74822507187
74822500106
74822506072
74822506482
74822506509
74822500375
74822502336
74822507419
74822507446
74822507691
74822505080
74822506333
74822507548
74822506403
74822506263
74822501526
74822506202
74822507438
74822507436
74822506111
74852329411
74852326271
74822506369
74852320076
74852323368
74852322125
74852321753
74852321445
74852329749
74852329655
74852328796
74852328331
74852328152
74852320265
74852321296
74852328185
74852328491
74852329726
74852329354
74852321635
74852320466
74852329155
74852321459
74852327905
74852328410
74852329359
74852326124
74852329019
74922446444
74922456868
74922443119
74922444771
74922451915
74922449401
74922459441
74922452157
74922455126
74922451471
74922450889
74922456038
74922445014
74922457512
74922450959
74922451790
74922450104
74922440936
74922443871
74922451527
74922442190
74922453079
74922457592
74922458716
74922447155
74922451801
74922450730
74922453016
74922455638
74935143458
74875361652
74964617572
74964616362
74955160578
74955575852
74955570474
74955576744
74935424230
74922211750
74986022690
74935425133
74852405720
74965645018
74955038802
74842557201
74935148000
74852321432
74955522253
74966185950
74984821116
74852328637
74955987636
74964679090
74964141140
74964332567
74872330000
74842552419
74932351879
74956357924
74932347599
74966185614
74935425050
74955522326
74964665500
74955981159
74852325535
74967734073
74964623073
74932268292
74955578614
74852326863
74955569011
74956351556
74986023046
74922448629
74842553906
74955572054
74852403316
74923442613
74923430119
74956352960
74922453703
74852321443
74964613237
74842536334
74955993002
74955989440
74932351667
74922445945
74956355203
74923432064
74852407245
74842581162
74955157395
74822507570
74955987721
74956353386
74852407598
74956356534
74956359702
74842539039
74964162132
74956355235
74852403335
74955987129
74956352547
74922458555
74842507777
74986021068
74922214245
74955982553
74965649224
74922213593
74932264203
74956358778
74923435292
74912988324
74852401683
74964332262
74964152272
74922450815
74842533099
74852322155
74986020741
74852407212
74922214222
74852321739
74964166671
74822506214
74956358663
74852405820
74852383825
74822504578
74912981834
74956359352
74852321762
74923444456
74986020062
74922453325
74964166578
74932264721
74955977461
74964167850
74842533195
74842520435
74875349075
74842563733
74932264075
74922218890
74852380555
74852405674
74956354537
74932269966
74966186260
74956352233
74964332955
74852323005
74964331088
74852384135
74932347835
74922450226
74965643204
74956357300
74852329346
74955985093
74964665565
74964143096
74922447341
74842551435
74955155126
74932264718
74922441429
74932267850
74852321289
74965641802
74852329240
74955569321
74966182082
74852400159
74932264715
74922442202
74852329577
74852321764
74986021078
74922441343
74955998882
74966183524
74852406808
74852325301
74956354839
74932264117
74842574474
74965726430
74964150444
74956356026
74955576014
74842531284
74965649733
74964677127
74986022475
74932264127
74955571033
74932264551
74966185612
74852400853
74923433088
74852405703
74923433166
74923440964
74822506441
74984829522
74986020086
74964139531
74964145359
74965719916
74964162141
74955578417
74852406158
74955166153
74986022252
74966185773
74932264559
74875360604
74964672267
74932269961
74852400334
74964143477
74822507073
74875367775
74922450100
74852328808
74986022013
74822508108
74842547701
74923422534
74956352209
74955999753
74956352591
74922451059
74822504539
74964141952
74986020319
74955159442
74964151101
74852406006
74852403983
74966185860
74986023165
74923422497
74852405691
74842554517
74955523224
74875367562
74842574294
74955573190
74966186249
74842527486
74965651397
74912706404
74964679665
74955634476
74922771910
74922770308
74922773248
74922771297
74922779430
74922771043
74922779880
74922771380
74912701774
74912703306
74912701462
74912700670
74912706214
74912709609
74912701332
74955626255
74912702090
74912701408
74912700877
74912705500
74912701301
74912704412
74912701938
74955572555
74912520558
74912520225
74955621171
74986020431
74852327315
74852401606
74967728594
74852326035
74964141103
74955577822
74875356048
74842531175
74852406798
74842550658
74852406593
74852400883
74852406310
74852402579
74955579048
74955159148
74964144880
74852400572
74852403313
74955158747
74852404646
74964166728
74955989257
74986020818
74922443885
74923429383
74922448701
74922446359
74922453474
74922451913
74922453840
74956355899
74852400208
74923422893
74842536952
74852404319
74852400653
74852404378
74852405051
74842573098
74923420814
74964673177
74842531632
74842547526
74852405621
74842577258
74965640549
74852401426
74955159536
74852407132
74955995403
74923432931
74922456482
74964139464
74852405063
74842591784
74842583946
74842560754
74842575910
74842591135
74842551629
74842550632
74842563317
74842578682
74842562160
74842592728
74842535768
74842586730
74842533864
74842517937
74842578314
74842554546
74842547051
74842586716
74842531025
74842586139
74842554749
74842579571
74842579381
74842533868
74842592479
74842581722
74842507932
74842538958
74842571121
74842551571
74842561919
74842531097
74842562671
74842590383
74842521213
74842549533
74842558970
74842551622
74842532208
74842589594
74842569791
74842577507
74842564633
74842557549
74842547855
74842591363
74842514925
74842582798
74842560402
74842553869
74842550157
74842570250
74842512486
74842536303
74842563277
74842570830
74842562089
74842575261
74842550314
74842535515
74842562103
74842534793
74842507721
74842560540
74923439358
74923440928
74923432594
74923442897
74842562829
74923420296
74923432958
74923437217
74923426939
74923442171
74923422976
74923440159
74923422933
74923421047
74923420678
74923423573
74923420446
74923443310
74923423704
74923433052
74923441474
74923433105
74923438924
74923439352
74923426499
74923440480
74923436252
74923431494
74923434080
74923438969
74923431487
74923448486
74923435832
74923433889
74923426494
74923433808
74923431100
74842562634
74852403879
74852400655
74852402383
74852401025
74852401543
74852408016
74852400387
74852405040
74852403333
74852401745
74852401104
74852401730
74852403698
74852404355
74852400924
74852407012
74852404532
74852404713
74852404160
74852405157
74852400344
74852406630
74852401103
74852403317
74852403752
74852403395
74852403927
74852405450
74852406313
74852405153
74852403370
74852402481
74852402153
74852404398
74852406099
74852403609
74852405224
74852408091
74852407095
74852405227
74852407171
74852401443
74852401181
74852401529
74852402226
74852405056
74852401191
74852401815
74852401449
74852408096
74852401656
74852408109
74852408235
74852404251
74852405335
74852408041
74852407595
74852401883
74852403830
74852404357
74852403307
74852401032
74852402536
74852405708
74852401627
74852405129
74852403676
74852407642
74852405134
74852405629
74852405147
74852408058
74852403941
74852404766
74852401413
74852401156
74852404353
74852400632
74852404567
74852401925
74852402199
74852404144
74852406960
74852403959
74852403531
74852406154
74852405459
74852407979
74852401204
74852406836
74852400222
74852406914
74852403932
74852405892
74852406772
74852400587
74852406149
74852402639
74852401467
74852401827
74852407968
74852405138
74852407195
74852404109
74852404664
74852403504
74852405273
74852404606
74852401777
74852400371
74852404638
74852402558
74852404065
74852400545
74852405808
74852404760
74852406334
74852405128
74852404306
74852401826
74852402621
74852400243
74852402407
74852401415
74852407064
74852407066
74852400456
74852400357
74852400891
74852408014
74852403368
74852405864
74852401108
74852400160
74852404136
74852400582
74852401497
74852403606
74852401736
74852400646
74852404758
74852400892
74852404471
74852403787
74852401201
74852403952
74852406768
74852406911
74852407653
74852404342
74852401279
74852405768
74852403552
74852400866
74852408211
74852408236
74852402612
74852401344
74875361785
74875349178
74852400474
74875367011
74875349284
74875360156
74875347120
74875361305
74875367523
74875358052
74875349242
74955169722
74955152918
74955155006
74955160750
74955153063
74955158326
74955167477
74955158232
74955158217
74964665843
74955152919
74955164026
74964672255
74964671143
74964674485
74964666746
74964678671
74964673818
74964670043
74964678974
74964678801
74964670156
74964668532
74964665425
74964677987
74964678252
74964676819
74964665986
74964679726
74964671709
74955571174
74964678466
74955575188
74964145963
74965652640
74964166397
74964166980
74964166039
74964166566
74964152012
74964166650
74964166358
74964166701
74964166230
74964166802
74964166735
74964166526
74964166089
74964138820
74964166042
74964140444
74964163525
74964141362
74964166853
74964148303
74964139337
74964166656
74964161618
74964142748
74964166363
74964141552
74964166630
74964166732
74964145033
74964166139
74964166091
74964160088
74964166469
74964144559
74964166264
74964166233
74964165529
74964161298
74964148356
74964166474
74964166059
74964167224
74964145564
74964151519
74964140939
74964166971
74964145636
74964151168
74964161417
74964136987
74964141259
74955987851
74955993627
74955983864
74955989211
74955987476
74964139268
74955985726
74955987094
74955987789
74955976680
74955989355
74955986772
74955993363
74955987889
74955985094
74955977923
74955980243
74955987016
74955995411
74955987189
74955994873
74955985995
74955982124
74955986681
74955985352
74955987077
74955978178
74955987240
74955980834
74955987928
74955990561
74955987676
74955987423
74955994416
74955986000
74955987693
74955983400
74955977299
74955998732
74955976005
74955984766
74955996463
74955985472
74955979778
74955994346
74955981171
74955985360
74955981354
74955987146
74955987752
74955981006
74955987962
74955994467
74955990036
74955985465
74955988317
74955987918
74955975835
74955987198
74955987635
74955977645
74955998115
74955996169
74955996152
74955985179
74955995253
74955990239
74955976824
74955987753
74955981038
74955976544
74955982668
74955987134
74955987446
74965652547
74965651054
74965644911
74965644760
74986021885
74986020536
74986020373
74986023717
74986023014
74986020145
74965646282
74966186924
74986021682
74986022930
74966184816
74986023237
74966188276
74966186013
74966186300
74966185627
74966183511
74966180909
74966180931
74966180428
74966189663
74966188406
74966181488
74966181063
74966188374
74966180470
74966188635
74966180078
74966185852
74966184177
74966181672
74966188382
74966186253
74966183787
74966181619
74966186035
74966186767
74966189111
74966186603
74966189087
74966179953
74966188219
74966188237
74966179397
74966186149
74966186568
74966185613
74955524360
74966185732
74966186050
74955525484
74955520566
74955521665
74965725300
74965726633
74965719841
74965726733
74965719799
74965725954
74984821480
74984822751
74984824627
74984829817
74956357334
74956351861
74956357724
74956352122
74956359105
74956356219
74956352615
74956357904
74956352535
74956355940
74956355590
74956355523
74956356810
74956355454
74956352239
74956358042
74956353665
74956353319
74956359372
74956354964
74956359555
74956355185
74956357737
74956353016
74956351853
74956355488
74956354158
74956356562
74956359841
74956351545
74956354629
74956351668
74956356393
74956356763
74956359073
74956353363
74956357733
74956355451
74956355801
74956354135
74956357359
74956355494
74956351150
74956358038
74956352969
74956356432
74956358051
74956353998
74956355680
74956352002
74956351380
74956357316
74956351921
74956352214
74956357549
74956359208
74956355358
74956351598
74956356446
74956354742
74956356504
74956352787
74956358371
74956355708
74956355660
74956351630
74956353074
74956356879
74956353599
74956351790
74956354720
74956357015
74956352623
74956355663
74956357337
74956359751
74956354715
74956359212
74932268604
74932264420
74932268048
74956358155
74822502141
74822508009
74822506623
74822506270
74822506229
74822503423
74852322131
74852321703
74852322611
74852322177
74852326214
74852329718
74852326374
74852320994
74852328294
74852321930
74852326874
74852329641
74852320594
74852328652
74852323018
74852329516
74852321239
74852329081
74852328559
74852328647
74852329261
74852324931
74852320264
74852320794
74852328247
74852321696
74852329829
74852329118
74852322119
74852320672
74852329584
74852322582
74852328989
74852329041
74852329454
74922451637
74922454440
74922459065
74922451440
74922441476
74922456030
74922451436
74922458885
74922449851
74922449849
74922452890
74922447604
74922440790
74922451459
74922443052
74922451569
74922457476
74922452931
74922458300
74922442671
74922456914
74922447404
74922445494
74922440344
74922456714
74922456975
74922443566
74922442260
74922447663
74922451473
74922450143
74922450980
74922459410
74922445037
74922447951
74922450303
74922450510
74922453017
74922449853
74922449832
74922452521
74922442920
74922450282
74922458478
74922451001
74922451132
74922449787
74922450089
74922459302
74922450419
74922444141
74922457453
74922443507
74922451916
74922456867
74922452608
74922456636
74922456232
74922456078
74922454108
74922451161
74922441182
74922450006
74922445540
74922451422
74922458560
74922456861
74922447422
74922447661
74922444584
74922441189
74922453312
74922454421
74922446625
74922454463
74922455327
74922449805
74922451208
74922450062
74923436360
74922446133
74842538985
74923433775
74875356197
74955150654
74852402208
74955575175
74852403984
74852404383
74822587306
74822587392
74852404411
74822588347
74822586214
74822583577
74822583814
74822583380
74912700898
74912704404
74912706706
74912701497
74912701962
74912701999
74912708709
74912701424
74912701952
74912703308
74912701402
74912705503
74912701333
74912701988
74912706239
74912701028
74912705965
74912700909
74922778699
74912700849
74912701019
74922770185
74922770773
74922779274
74922773895
74922778600
74922771090
74912701399
74912705905
74912705505
74912705805
74912701695
74912705501
74912700007
74912701780
74912701128
74955647425
74955622825
74872222573
74872214771
74872217295
74872218619
74872217301
74872224649
74872215809
74872236018
74872216493
74872234651
74872218624
74872232856
74872239132
74872217161
74872223804
74872223567
74872224781
74872213518
74872218251
74872237645
74872240852
74872231693
74872219514
74872233615
74872235538
74872222421
74872234579
74872216393
74872216439
74872211106
74872215286
74872222570
74872242951
74872215316
74872233299
74872224235
74872214874
74872216188
74872216144
74872218026
74872215427
74872214105
74872233338
74872213426
74872211103
74955628888
74955646394
74955631671
74955628148
74955631336
74955627999
74955646198
74955620257
74955645244
74955635123
74955647625
74955621125
74955624954
74955622376
74955620966
74955638273
74955627921
74955622354
74955631700
74955627682
74955638643
74955647431
74922773938
74955628016
74955631013
74955633889
74955640538
74955639141
74955620050
74955636433
74955638251
74955646618
74955630628
74955621882
74955639576
74955647674
74955620388
74955627440
74955631789
74955639541
74955629759
74955621190
74955621593
74955621265
74955621461
74955560294
74955559224
74955547568
74955559504
74955541190
74955543107
74955553217
74955545162
74955543160
74955560170
74955556855
74955552400
74955561397
74955545445
74955545945
74955540004
74955546218
74955557591
74955547757
74955559376
74922773860
74955561046
74955546408
74955548161
74955548591
74955541566
74922779163
74955557822
74955542115
74955561764
74955554678
74955561500
74955558577
74955557069
74955544045
74922770195
74955542313
74955559124
74955554291
74955553263
74955540497
74955548912
74955551588
74955551011
74955548150
74955562210
74922773308
74955540207
74955549013
74955546036
74955544704
74955559705
74922773868
74922778462
74955551021
74955556338
74955560227
74922773404
74955556896
74955541588
74955559566
74955543551
74955545158
74955558715
74955556425
74922779041
74922779272
74922770445
74922771831
74922773836
74922773438
74922771473
74922779293
74922770443
74922771480
74922778850
74922771808
74922779741
74922779524
74922770453
74922779611
74922771133
74922779517
74922779313
74922779929
74922777648
74922773152
74922773864
74922770120
74922773813
74922771188
74922777614
74922778139
74922770342
74922773089
74922771487
74922779279
74922777828
74922771276
74922770537
74922778656
74922773128
74922779594
74922779023
74922777487
74922773803
74922771215
74922777886
74922773934
74922779156
74922777929
74922771016
74922779978
74922777659
74922773816
74922773473
74922771595
74922773169
74922779263
74922779421
74922771750
74922777815
74922778180
74922777793
74922773432
74922779069
74922778516
74922777585
74922777936
74922779708
74922771346
74922779070
74922773950
74922779997
74922771778
74922777573
74922773957
74922773373
74922779171
74922773165
74922771572
74922779314
74922779308
74922778284
74922771497
74922777611
74922771150
74922773837
74922779285
74922770121
74922770538
74922771748
74922771096
74922771864
74922770503
74922779843
74922779513
74922777441
74922779590
74922777685
74922779269
74922779822
74922777596
74922779242
74922778131
74922771779
74922771203
74922770582
74922777882
74922778133
74922777874
74922771531
74922777806
74922770242
74922779109
74922771100
74922773287
74922773139
74922773996
74922779733
74922771450
74922778296
74912526526
74922778572
74912523196
74912523366
74912525051
74922770369
74922771844
74912520691
74922773808
74912520222
74912520888
74912527227
74922778297
74922770159
74922773278
74922773176
74922779271
74912522007
74912521504
74912525219
74912525269
74912520770
74822585312
74912529001
74822580181
74822584847
74822580152
74822586800
74822589125
74822581892
74822582667
74822587022
74822581681
74822587434
74822581741
74822581119
74822587931
74822580129
74822580594
74822583646
74822582303
74822580677
74822584391
74822584302
74822583796
74932413760
74932417192
74932410358
74967721782
74967720502
74967726613
74967726518
74967722802
74967722491
74967728873
74967729338
74967722928
74967720872
74967728992
74967724417
74967721613
74967725430
74967723671
74967724626
74967726797
74967725962
74967727962
74967725829
74932412258
74967721416
74967726135
74967726171
74932425701
74932422496
74932428448
74932429628
74932412036
74932418388
74932410265
74932426995
74932427199
74932428170
74932419333
74932422935
74932427358
74932413002
74932411280
74932411191
74932417727
74932420326
74932421405
74932412123
74932415122
74932426428
74932429479
74932414019
74932428225
74932412194
74932411116
74932411219
74932429262
74932410087
74932426738
74932411874
74932423118
74932420840
74932417771
74932419458
74932414370
74932412245
74932411496
74932418055
74932417835
74932425936
74932420802
74932413267
74912525203
74912701080
74922450935
74822500488
74852403797
74955572173
74852407013
74852400442
74956357327
74956358962
74956351273
74852400193
74932268807
74965719810
74955622222
74875349442
74822505219
74852329332
74932264215
74986020163
74922773181
74912702057
74965651392
74964151574
74932418415
74842510704
74923426098
74852400322
74955560350
74964166102
74955987424
74955985172
74965721151
74964166653
74852405713
74932426565
74955985888
74875355589
74912701322
74956353083
74955576488
74956356906
74964163426
74967725188
74842520648
74955976545
74955562047
74955981533
74955551819
74956352941
74922443956
74964139922
74932414964
74932422356
74956354265
74956356909
74922773879
74956354093
74912702000
74955577753
74956351155
74955558154
74955159557
74955541210
74956353314
74964153111
74842563440
74852326454
74956355909
74912701956
74872217615
74984822458
74984821237
74922771409
74842591774
74955561909
74912522733
74967720542
74875368664
74852405667
74922779919
74956354994
74912521550
74922778770
74955546434
74984821747
74956352490
74852404245
74955637641
74822581776
74842520600
74922450986
74956359537
74955540068
74912701320
74842531255
74956356474
74966179998
74955544433
74842550909
74842584108
74922779360
74956356771
74852400223
74852321597
74922446303
74822586204
74922771060
74852325655
74932424999
74922450072
74923433584
74956359563
74852406903
74922770358
74875347117
74965645735
74955982514
74964147333
74842574960
74922773264
74955622655
74852321215
74875360467
74842551111
74852404672
74852402718
74922773106
74875362309
74852320683
74922773433
74966179909
74922779734
74822585844
74955635295
74872212323
74852407024
74875367569
74955982830
74964140029
74922771140
74922451420
74922779138
74955540263
74955160076
74875361065
74922771204
74872216005
74922771007
74872235662
74922779952
74922778917
74923423192
74842574238
74872211619
74922455369
74842554025
74923432637
74872224424
74922777943
74822581980
74822581997
74922778051
74852407017
74842578914
74955977589
74872240789
74842550551
74922778650
74872216065
74922771558
74955997376
74923446326
74956354627
74955980342
74922440144
74842543106
74852404086
74922779012
74955570723
74955643380
74955984056
74842526960
74852405183
74955631215
74922777523
74852390242
74912365939
74987775975
74954547147
74842564031
74953822500
74912337702
74912350144
74987776507
74987777264
74953873131
74955727790
74842547241
74987775193
74842571130
74912373549
74852436589
74953828187
74987775524
74954545500
74842583288
74912289123
74953284824
74994585623
74822345001
74955735173
74987776092
74987777586
74954528247
74842566900
74953357280
74852459480
74912366142
74953359662
74954536104
74987777066
74987776180
74842563474
74987775418
74953880700
74987776745
74987775847
74912288823
74822370022
74912345995
74822349148
74987776314
74842574719
74852471011
74954554111
74842571035
74955716481
74987775444
74822353451
74987775502
74822325936
74987777565
74953304813
74953282350
74953511639
74822321574
74822349775
74842565936
74953369319
74842535666
74987776817
74954540528
74852477001
74912350930
74955727305
74822341477
74852465098
74822368767
74912274702
74852460384
74852439368
74955730003
74912290179
74852488528
74842531987
74822344279
74822329826
74842508438
74822353947
74842566949
74912290738
74822366258
74822342256
74822329279
74822370591
74852466392
74852476988
74912340390
74852488080
74852458440
74822321390
74822364204
74822380281
74955731740
74955735148
74955725639
74955719782
74955738538
74822331839
74912289693
74912290468
74912276861
74912287684
74912282344
74912280531
74912288900
74912271900
74912290751
74912290667
74912288414
74912289002
74912290764
74912274429
74912283554
74912290445
74955715757
74842570683
74822386319
74822327942
74912276030
74842562513
74822364207
74953864855
74852476888
74955709190
74912287016
74953308441
74852431921
74912346042
74912289438
74822358296
74822343156
74955716783
74953306233
74955701783
74912290748
74822349009
74955734375
74822332458
74954546800
74852440357
74852441887
74994585905
74912337310
74852447247
74912279008
74954564031
74822370068
74967732636
74822452097
74842584247
74955559691
74922260219
74922261955
74872344299
74965651378
74962149741
74852745122
74872393835
74964334394
74932562098
74932384373
74852381259
74964167867
74932373186
74873163495
74994575013
74953883576
74964331677
74842509432
74872328052
74822446383
74822588653
74822778733
74932346193
74842550498
74955942169
74922260516
74994598883
74922386406
74955974346
74852314269
74955219076
74842551116
74954566768
74955574522
74852765631
74954086938
74955553366
74875355509
74922366606
74965750045
74954537202
74912340357
74912379068
74872456049
74955819581
74822347082
74872441344
74955810088
74955818255
74852726968
74852722263
74872464510
74955821725
74955286521
74955227863
74955247849
74966163840
74872428298
74967721304
74955556925
74842510991
74822553106
74822554421
74955125450
74965651144
74964337956
74922446662
74822557267
74955128423
74967727971
74955763090
74955763381
74822521445
74822514754
74912514098
74912513593
74912512226
74873157784
74852739523
74872456394
74852200078
74852208515
74852219665
74873156899
74912510040
74912510839
74912513585
74912510081
74912510042
74912510951
74912513095
74912514099
74912510117
74955572551
74955573368
74955771671
74822507449
74955776102
74822506066
74822586689
74825195375
74872464845
74825195005
74912510355
74822500314
74852739930
74955575847
74822515640
74822506390
74822588607
74822580281
74872358127
74932426399
74873161298
74822515737
74822533799
74822506605
74967545612
74955835269
74922540108
74967546455
74965737654
74842542246
74922448107
74967933200
74822558730
74822556783
74967724547
74932300364
74967935137
74955760858
74955199909
74912445475
74967935207
74967935373
74967930341
74955199706
74965641250
74965651396
74912443800
74912446131
74955767861
74964333147
74822566396
74922447553
74822551490
74872350294
74922261764
74964620079
74922261738
74955972599
74822741055
74922362036
74922364000
74922366492
74922361079
74922260902
74922260496
74967732894
74922261775
74965360294
74922362489
74922365791
74964669257
74965369818
74875347700
74875364416
74955164207
74965361606
74955571878
74967730726
74962461194
74962462652
74955992889
74966180234
74964337921
74964330850
74852323936
74852328803
74964330337
74872464636
74822523531
74852759698
74962599259
74962592999
74962594198
74912513747
74912510033
74912513748
74912511119
74873160405
74955571700
74967934388
74967931583
74967936934
74967930259
74912511169
74872329720
74872331500
74872329747
74872329388
74872335946
74872329206
74872330824
74872329361
74822452877
74822444749
74822447654
74822456085
74932234311
74932235148
74842791819
74842791799
74842794029
74842796315
74842791127
74822744255
74822744464
74822740298
74922361026
74922261906
74922264469
74922261905
74932388689
74964665588
74964621653
74965362916
74955969553
74955971967
74967731744
74967732704
74967736313
74842798244
74965753287
74842552746
74922527182
74955943079
74932306573
74932527712
74822741504
74955965994
74932531939
74955930600
74955965854
74932528211
74932345912
74922262557
74922260884
74922444344
74822709945
74932345523
74922449999
74955962110
74955764131
74955119360
74842524046
74922261568
74922380717
74822705950
74932348242
74955529505
74955529586
74955523676
74822705075
74932345724
74932415009
74822700265
74932345797
74922402013
74955282809
74955761641
74872365678
74912365635
74955286290
74966145487
74852729287
74966145435
74872411890
74955540346
74955996077
74954088875
74842559331
74964166085
74955987506
74955639206
74955643885
74955621316
74932414422
74955544023
74955559974
74955257338
74955258845
74955261293
74955257173
74967544636
74965639242
74965631675
74965626876
74932378927
74932370919
74932372825
74954083934
74954080575
74954088172
74954085935
74955261038
74872242555
74932345940
74932345559
74852725285
74932345967
74822700274
74922454131
74922385798
74955523284
74955525353
74932376090
74932373058
74932370232
74967723098
74967722328
74967724659
74967721531
74967721590
74912441958
74822743884
74922447551
74967932968
74967930620
74967930234
74922454423
74932371318
74932371552
74965652562
74967728494
74932304061
74822743480
74967930588
74932526022
74843940298
74955252694
74932373549
74912410066
74852312009
74932375250
74967753811
74955252816
74955832489
74967754253
74967758775
74955257028
74965625118
74954088469
74954082853
74954088325
74954086464
74955839930
74955825681
74955830379
74955830686
74955257005
74955252024
74967759805
74967759393
74967752429
74967750303
74965745389
74842594254
74967753240
74955255171
74922540019
74932370231
74955830275
74872223877
74922401843
74922404693
74922402152
74966163671
74966156964
74955776655
74955213865
74822587321
74955771000
74825195086
74872376436
74955569184
74932425146
74872377653
74872348066
74872331992
74822457138
74872329543
74932242769
74932240133
74872329810
74842521624
74843939490
74962149760
74822779082
74962148539
74965764249
74822779011
74822778109
74822778164
74822779026
74822777838
74822778296
74822779075
74955035075
74964320170
74964322064
74822777949
74962592105
74822516911
74852206990
74852205230
74852206982
74872374700
74955031165
74955035202
74962597221
74964321284
74964323966
74964320662
74964323291
74962147594
74962149746
74955569615
74967732306
74932380772
74964672453
74964620851
74955578874
74955568865
74967735024
74967732679
74955985975
74967396796
74967394233
74967399600
74967395092
74966185904
74955523688
74964337911
74964337972
74964332404
74852322405
74852328325
74852329502
74852382905
74955568892
74852382849
74912988204
74852320745
74955568121
74955573011
74955157790
74875360270
74964665504
74964673967
74964138505
74842561440
74875367670
74964139320
74955570084
74964140660
74955998177
74955987514
74955987473
74966179756
74966182804
74852329618
74852328493
74964668567
74872232152
74955546373
74822585667
74822589813
74932427550
74932426209
74872221683
74955987029
74822586384
74955156363
74955973183
74955764491
74955250888
74955550463
74822452541
74872464940
74955940409
74955294585
74922366896
74922532466
74965360808
74955575873
74964333335
74872224672
74955961530
74967931370
74964677750
74964144849
74912274895
74842550539
74953831448
74965743080
74967931341
74922447518
74967722958
74822709908
74873164686
74822453833
74962149271
74932297604
74932373444
74955982221
74955523887
74955973055
74967723955
74955520339
74966183415
74953374102
74955123507
74965756805
74922366520
74955702411
74842562041
74822554422
74822453978
74922530453
74965635570
74872331499
74842568267
74912413169
74953813598
74932380202
74955813490
74932345593
74954541374
74953510315
74955949996
74955725572
74912338889
74932414217
74852747346
74842718639
74955577466
74822528741
74967396640
74955246688
74872235768
74955829088
74954540731
74964619046
74852451500
74922385239
74955292319
74964322090
74955987438
74822503791
74955764760
74873158006
74967931059
74922523740
74912981474
74932235084
74822331932
74842560668
74873164810
74875349787
74852729920
74955037588
74954529820
74912290572
74965365332
74954554720
74852429573
74912332195
74912278397
74842529266
74955741397
74852450014
74912314138
74912347505
74822331283
74955725527
74955712271
74822333023
74912284210
74912270010
74954536426
74954536942
74954519872
74954523124
74954528100
74954554250
74954561775
74912383332
74966151966
74843933609
74872362590
74954536121
74954529692
74954554045
74955636736
74953373829
74912985606
74912353347
74872411480
74953825676
74852757484
74967935230
74955545287
74953365030
74955035937
74922442850
74912341095
74912331688
74954534847
74912514050
74852429605
74967532116
74955287057
74842515142
74872367920
74843931771
74955568002
74955570721
74852715170
74822357750
74872463886
74955572624
74965644348
74955770312
74822506043
74843968948
74852209201
74922444029
74852434259
74922410864
74912338822
74955930780
74955700555
74912321146
74955231376
74822364195
74932528508
74964331201
74955159470
74955989885
74852721062
74955937584
74842579761
74955123476
74955765009
74912334421
74955961765
74932351609
74994574202
74962149515
74872358009
74872378935
74822559601
74932552882
74955736331
74955572839
74955164044
74872359505
74822321070
74953363427
74852453689
74852488427
74822778129
74964323201
74955839969
74955528229
74842719250
74932534075
74967540072
74822589344
74964161757
74955215801
74966143943
74966150012
74955191487
74955575360
74955282127
74852739521
74955579066
74955273681
74852744414
74955157376
74966186236
74822368331
74843953131
74875367373
74965733180
74953361936
74822378215
74822320832
74912285874
74955738082
74967723578
74912510337
74965767433
74822335955
74912510226
74955114790
74955776956
74822364089
74842593566
74955767462
74994576781
74955839215
74953360814
74852744213
74912323415
74842795379
74955576762
74842547206
74822522254
74843962271
74922545652
74842715086
74954562262
74912274957
74852727798
74953487447
74912284584
74953835341
74953488667
74954550655
74953371478
74955723050
74962227144
74962235130
74852459571
74852450376
74852440233
74923240558
74922366383
74842526247
74923235740
74923231802
74842793869
74955545520
74955194026
74822329581
74922451418
74955192412
74955192967
74912283211
74822333563
74955580328
74842719700
74852467946
74822331149
74822705775
74852449985
74852327822
74955763255
74852434260
74842542418
74822357321
74822323885
74954084811
74822330447
74822330338
74842546469
74822360417
74955285165
74965755544
74852409908
74822700694
74822707017
74822700362
74822700823
74822709983
74822700902
74822709939
74822709802
74822706012
74822709016
74822704971
74822709719
74822709962
74822709705
74822709987
74822709948
74822704844
74822709998
74822700822
74822700535
74822706876
74822700827
74872569174
74872554536
74872567044
74872554225
74872557575
74872557834
74872560373
74872569595
74872561024
74872559929
74872561243
74872550471
74872567401
74872558695
74872566410
74872556615
74872569168
74872560835
74872554223
74872550196
74872567491
74872561308
74872564459
74872558207
74872563017
74872566199
74872559350
74872558534
74872561451
74872552578
74872554082
74872560076
74872552810
74872557368
74872561368
74872566368
74872552825
74872568604
74872566248
74872559825
74872561536
74872563262
74872550440
74872561418
74872557698
74872561285
74872550240
74872558456
74966122452
74966129040
74966132086
74966130700
74966132232
74966134481
74966125997
74966121214
74966134562
74966129361
74966129489
74966124347
74966131182
74966130826
74966125760
74966135260
74966126103
74966123284
74966124541
74966123053
74966120078
74966127265
74955554472
74966121637
74966128029
74966126854
74966126048
74966133164
74966129061
74966131255
74966128584
74966121329
74966127029
74966132070
74966133404
74966121437
74966132216
74966121200
74966125887
74966121024
74966125845
74966124233
74966134211
74955556000
74955548296
74852424925
74955559517
74955560232
74852409915
74955549053
74955552311
74955562246
74955562765
74955562240
74955549058
74955546509
74852409422
74955549097
74955548372
74955543536
74955554444
74955550433
74955546655
74955561965
74955542504
74955562202
74955542396
74955540623
74955542263
74955545424
74955560790
74955546324
74955541558
74955543281
74955542194
74955560181
74955549730
74955540910
74955560774
74955548537
74955544585
74955542200
74955560329
74955540373
74955549305
74955548363
74955545588
74955542013
74955546351
74955540776
74955545173
74852409217
74852420677
74852423154
74852421201
74852420540
74852409917
74852423818
74852410067
74852426125
74852425170
74852409929
74852423280
74852426840
74852420809
74852410050
74852425160
74852409440
74852425810
74852409727
74852424133
74852425253
74852420883
74852419041
74852409752
74852412468
74852409494
74852410100
74852420520
74852413525
74852409924
74852409184
74852420542
74852423415
74852409733
74852412498
74852422339
74852409708
74852422828
74852409023
74852410900
74852423167
74852415700
74852409025
74852426806
74852420545
74852409995
74852421437
74852409038
74852412202
74852426180
74852420518
74852409799
74852409632
74852420923
74852409401
74852420524
74852423791
74852410002
74852420554
74852425006
74852420976
74852425187
74852409219
74852416286
74852420751
74852415819
74852422833
74852420512
74852423030
74872557965
74966128777
74966127947
74822709135
74872550425
74822702405
74955559101
74872567183
74966126061
74966134418
74966123188
74852409256
74955550338
74955543173
74872554081
74852423422
74955562332
74955559657
74872554873
74966135757
74955548166
74872555300
74872560978
74966122205
74852421853
74872559750
74872568399
74852423808
74955550220
74822700885
74872556036
74852423765
74966124623
74852419796
74822707525
74872555112
74822707335
74872554140
74955552122
74955546290
74872560434
74966134085
74872568478
74966121127
74852412641
74822709923
74966123598
74852422729
74966124191
74955548496
74966124056
74872567380
74872560798
74852425152
74966124044
74872560998
74852426664
74852423566
74955559390
74962124860
74964181241
74872311374
74964185585
74872487859
74872311013
74912269539
74962130514
74964185448
74932528662
74912291512
74822513522
74872480091
74872484937
74962129995
74912388836
74912287590
74962123829
74962121708
74955121204
74964177167
74955122237
74955116929
74872486656
74962121507
74964177594
74912283369
74962129219
74964182612
74962124215
74964182367
74964179188
74964175832
74964182386
74964174377
74964179175
74964177587
74964181323
74962122905
74962132833
74962125793
74962129463
74962127518
74962128987
74962122605
74962120357
74962126819
74962124647
74962120231
74962134901
74962131424
74962129044
74962122348
74962124490
74962132881
74962127090
74962121212
74962129036
74962124051
74962122831
74962129895
74962122200
74962134442
74962120612
74962131909
74955124408
74955113897
74955114596
74955114080
74955120338
74955123444
74955111028
74955128947
74955126684
74955113465
74955122100
74955116565
74955129245
74955127838
74955111021
74955113493
74955110031
74955115890
74955115443
74955125030
74955111411
74955116211
74955110651
74955113112
74872492891
74872500008
74872502820
74872492164
74872497696
74872472009
74872473284
74872495640
74872479807
74872489013
74872478801
74872470202
74872502911
74872499266
74872472203
74872474445
74872472053
74872484358
74872469464
74872471975
74872478330
74872506670
74872508781
74872473339
74872481378
74872481407
74822534225
74822520139
74822514098
74822519159
74822529030
74822521793
74822531199
74822521830
74822529208
74822521956
74822534697
74822533727
74822539106
74822525506
74822531423
74822539199
74822510681
74822522312
74822532350
74912280540
74912281563
74912290500
74912287717
74912288784
74912287015
74912289138
74912286218
74912280738
74912275268
74912291147
74932528832
74932555711
74932558454
74932528194
74932527428
74932568884
74932534467
74932533949
74932530567
74932527739
74932526285
74932528765
74932541964
74932552117
74932528656
74932528405
74872317531
74872324487
74872317767
74872315923
74872306041
74872313989
74872318162
74872319266
74872303132
74872303894
74872321406
74872303307
74872302918
74872312147
74872303411
74872301359
74872324621
74872301064
74872308694
74872305409
74872312030
74872324390
74964323229
74872315740
74872319204
74963434477
74872317368
74964321085
74964322622
74964321467
74964320962
74964324362
74964323448
74964323591
74964325995
74964321510
74964329019
74964324518
74964320066
74964320424
74964325425
74964320463
74964322730
74964325849
74964320223
74963430032
74963437717
74963438130
74963429828
74963429620
74963442463
74963440800
74963445905
74963438553
74963435672
74963439731
74963435776
74963440752
74963439421
74963444555
74963439532
74963440630
74963430390
74963438731
74963434442
74963437288
74963431729
74963436558
74963444462
74963440640
74963429107
74963440184
74963434583
74963444080
74912383488
74912389297
74963440992
74912379218
74912378167
74912382774
74912387135
74912376668
74912386945
74912390802
74852725452
74852745311
74852730317
74852729628
74852750552
74852733642
74852729086
74852737017
74852741161
74852720765
74852720303
74852737660
74852764121
74852728066
74852726419
74852745427
74852738149
74852761353
74852726263
74852735663
74852759080
74852740262
74852730870
74852724755
74852744736
74852721289
74852721519
74872461020
74872464191
74872441549
74872463458
74872450145
74872456155
74872464187
74872456470
74872456076
74872456162
74872461333
74872464099
74872443596
74872453480
74955821818
74955815717
74955815284
74955818194
74955822769
74959934985
74955818592
74955814556
74955810829
74955818390
74955814120
74955814907
74955813278
74955820164
74955812308
74955822403
74955816791
74955815787
74955819377
74955822493
74955815164
74955816137
74955822833
74955821209
74955816327
74955821962
74955820483
74955821391
74955818090
74955815290
74955817153
74955811397
74955811348
74955813667
74959936189
74955815286
74955817033
74955816296
74955811464
74959933430
74955815492
74959932744
74955818305
74955822759
74959939827
74955813222
74955810144
74959936560
74959937251
74959933731
74959937494
74959938139
74959934340
74959941027
74959939225
74959932461
74959940085
74959941761
74959937818
74959940948
74959939317
74959940708
74959940632
74959937286
74959934301
74959935842
74959940593
74959933254
74959933416
74959933883
74959935538
74959939620
74959933576
74959935741
74959934942
74959932349
74959939148
74959940588
74959932713
74959932728
74959941433
74959932901
74959940095
74959939364
74959935008
74959939691
74959932748
74959941774
74959935958
74959937314
74959932756
74959937260
74959939337
74959940502
74959935961
74959937210
74959933750
74959932963
74959936451
74959932881
74959937678
74959940564
74959939685
74959935445
74959939272
74959934342
74959936599
74959934728
74959935288
74959939102
74959936453
74959941160
74959940624
74959939403
74959932749
74959934993
74959939034
74962130435
74932551577
74963431642
74959941549
74872478476
74852732703
74964177120
74912271428
74932551422
74955810158
74962120138
74959932301
74963431770
74822520179
74872456256
74872456701
74872470408
74912274353
74852748980
74932561338
74852749459
74959939154
74932551624
74872478794
74872452364
74852720025
74852725709
74912291525
74852729445
74959939101
74963436070
74955812533
74852728059
74822515630
74852732859
74872496406
74872499731
74964324806
74959934199
74964323022
74872316964
74959939112
74955820112
74852736227
74912383803
74962129426
74852747711
74955822930
74852734503
74959941271
74872464490
74852736688
74964177999
74912386851
74912378962
74959937951
74852742838
74872443394
74912389001
74955818265
74852744125
74932566456
74912273613
74932555770
74852734477
74872313708
74959934366
74962124893
74872315986
74872471966
74959939402
74872455787
74962122892
74932556883
74959932020
74872464905
74852756895
74962128500
74932539774
74963437155
74932567604
74872317361
74872475794
74955128342
74955126899
74955110009
74872489027
74962133937
74872473545
74962129945
74962124729
74955122400
74932560167
74872316342
74962122147
74962127767
74962125127
74962122811
74962120839
74962123913
74962121103
74962122646
74962131445
74962121472
74962129223
74955112035
74955121514
74955116724
74955129128
74955124817
74955122193
74955122617
74955128233
74955110266
74955116672
74955118694
74955120557
74955123077
74872489017
74872470150
74872503082
74872487537
74872481700
74872469892
74872469518
74872486565
74872476855
74872472272
74872471399
74872475744
74872485236
74872487777
74872471539
74872504048
74872470919
74872507134
74822515345
74822523466
74822521217
74822531699
74912273966
74912289122
74932527121
74932566371
74932539320
74932532245
74932528032
74872317406
74932555563
74872321117
74872314005
74872304180
74872322027
74872322765
74872316889
74872312067
74872304210
74872314444
74872303971
74872313746
74872320554
74872319583
74872301543
74872309110
74872304914
74872316325
74872311024
74872322896
74872310538
74964325072
74963439688
74964322861
74964323227
74964323563
74964321795
74964321518
74964323990
74964321296
74964322503
74964320075
74964322626
74963431086
74963435074
74963435431
74963443331
74963441275
74963437060
74963438720
74963433578
74963445922
74963430810
74963431609
74963440794
74963433619
74963441574
74963435730
74963435113
74963445903
74963443821
74963438206
74963430771
74963437568
74963430181
74963445923
74963440580
74963440016
74912377007
74912390077
74912387205
74852729070
74852715155
74852735106
74852757192
74852739627
74852720955
74852720140
74852744280
74852759485
74852769730
74852746900
74852764158
74852759607
74852747684
74852720055
74852748674
74852734021
74872464972
74872454608
74872459629
74872459409
74872456651
74872456438
74872452052
74872456428
74872464146
74872454599
74872456787
74872456263
74872453419
74872464837
74872464402
74872441649
74872464921
74872451034
74955819156
74955817578
74955810041
74955812674
74955810124
74955818723
74955814669
74955821757
74955821010
74955816023
74955814489
74955810317
74955813923
74955816487
74955818327
74955816523
74955822168
74959939713
74959939007
74959932786
74959940631
74959933428
74959935125
74959940909
74959941673
74955814371
74955822917
74955810033
74959933471
74959938201
74959939646
74959939076
74872458720
74822537958
74872472233
74955113334
74955814114
74852726609
74963442259
74955122531
74872456898
74964322282
74959932729
74912378993
74872302224
74852727573
74872468393
74852751382
74852735027
74872471696
74912388403
74852764879
74932552769
74959940261
74872457276
74959940904
74963445914
74822523018
74955818599
74963437451
74962123255
74872456573
74962121000
74852747116
74955130049
74955127085
74932552491
74822514630
74872484924
74963434216
74852726447
74872456048
74872313595
74852749595
74852724657
74912376923
74852761252
74852757394
74955124856
74852759915
74822532099
74822531330
74872321460
74852728491
74955810742
74963435420
74852757405
74955283260
74932540283
74955291491
74872507105
74872508715
74872469813
74872484795
74955112458
74932528711
74932568777
74962121822
74962128883
74962120311
74962127042
74962124666
74962128875
74872492764
74955120839
74955118382
74955125118
74955112160
74955112050
74872497196
74955116679
74872486632
74872482411
74872469915
74872494967
74872506134
74872475460
74872484968
74872471075
74872491211
74872487715
74872480180
74872489010
74872490265
74872475018
74872469807
74872478391
74872469435
74872470241
74872509608
74872505502
74872510636
74872480070
74872506748
74872474365
74872478559
74872486993
74872489034
74872473983
74872502173
74872470415
74872475057
74872472971
74872476280
74872508070
74872478343
74872493619
74872478571
74872497481
74872496266
74872476557
74872476134
74872478824
74872492699
74872479514
74872510633
74872473859
74872502251
74872507254
74872478793
74872469654
74872474238
74872481074
74872481205
74872493413
74872485448
74872486250
74872483261
74872483496
74872476857
74822527986
74822536300
74932546648
74932559833
74822525763
74932539591
74932550347
74932528275
74932528298
74932569444
74932528661
74932561306
74932528407
74932562042
74932528119
74932527286
74932563388
74932520503
74932536688
74932528676
74932550415
74932567577
74932559575
74932562333
74932527446
74932528757
74932558494
74932528085
74932536712
74932563408
74932563415
74932538338
74932568640
74932526286
74932526085
74932526004
74932526942
74932535824
74932561586
74932530568
74932535677
74932526944
74932549150
74872315301
74872319459
74872313884
74872304288
74872312526
74872321133
74872323389
74872318686
74872304531
74872307910
74872314314
74872306677
74964325189
74872306103
74964321333
74964322254
74872310010
74964321386
74963441676
74964320319
74963437285
74963435602
74963438611
74963441130
74963435010
74963431625
74963429041
74963445901
74963436690
74963432388
74963430459
74963440063
74963444444
74963433830
74963430195
74963444822
74963431335
74963442991
74963442298
74963436225
74963442683
74963435091
74963437131
74963440770
74963440583
74963437501
74963436010
74963432588
74963441772
74963440994
74963444430
74963429215
74963438632
74963436191
74912378829
74912378139
74963439285
74963437407
74963430520
74912390936
74912388957
74912384763
74852744636
74852721040
74852755865
74852749832
74852735038
74852725121
74852735261
74852710107
74852755130
74852723447
74852751890
74852765318
74852746635
74852726246
74852735199
74852725595
74852725825
74852732582
74852738487
74852738844
74852726468
74852737489
74852763169
74852737884
74852741650
74852728452
74852746475
74852750582
74852739203
74852747774
74852713779
74852729927
74852757703
74852732623
74852714961
74852753330
74852746223
74852727086
74852755772
74852735992
74852728136
74852725562
74852742687
74852755744
74852745412
74852720696
74852753937
74852724587
74852742995
74852736137
74852723616
74852725188
74852714678
74852741033
74852745481
74852761273
74852737543
74852733395
74852726932
74852748982
74852760984
74852710145
74852733400
74852715156
74852737007
74852725255
74852727524
74852746383
74852723093
74852741223
74852759202
74852729381
74852733262
74852733770
74852755139
74852745431
74852730513
74872464282
74852735535
74852733092
74852725809
74852732842
74852759825
74872464849
74872453274
74872457622
74872464055
74872464269
74872461448
74872464137
74872441798
74872456068
74872464088
74872461046
74872457859
74872461852
74872456874
74872440834
74872464911
74872455853
74872463315
74872464222
74872464096
74872451349
74872451392
74872442637
74872456716
74872464827
74872464435
74872453966
74872442335
74872464627
74872461460
74872440927
74872452357
74872451198
74872452991
74872455684
74872455286
74872464444
74872464772
74872455643
74955272280
74872461223
74955813444
74955817797
74955814499
74872452287
74955286754
74955278480
74955268487
74955290346
74955293140
74955283017
74955280742
74955293585
74955298739
74955288363
74955282016
74955281630
74955284641
74955289204
74955270457
74955281885
74955284754
74955274806
74955296343
74955291208
74955299897
74955280134
74955284588
74955283838
74955277450
74955292302
74955270332
74955293540
74955268975
74955280017
74955290348
74955270510
74955280170
74955283650
74955286039
74955281438
74955280438
74955268716
74955283636
74955292089
74955292679
74955288340
74955291381
74955273128
74955295280
74955296495
74955292667
74955280092
74955277365
74955284300
74955278838
74955295434
74955283119
74955270268
74955291968
74955285145
74955290435
74955285708
74955274995
74955297926
74955286571
74955297843
74955294016
74955283049
74955295214
74955284736
74955288180
74955294712
74955297875
74955299499
74955280767
74955284263
74955283684
74955273503
74955273973
74955288064
74955280480
74955270080
74955288485
74955286268
74955283518
74955276455
74955288325
74955296759
74955290002
74955296610
74955290551
74955287450
74955285236
74955292625
74955293733
74955287494
74955278101
74872320476
74872483997
74872469910
74872309345
74955286007
74852730600
74872495288
74912390428
74872499648
74932527781
74852737330
74955282094
74932560380
74963430621
74852721518
74852733332
74955293745
74872321792
74955275206
74852766680
74955282486
74822536309
74932534618
74852751474
74912382603
74852723626
74955280101
74852715005
74852735526
74872505130
74955284497
74932564285
74852733454
74963445050
74963436049
74852722858
74852721436
74963436175
74963432024
74963438060
74852755208
74932538980
74872456690
74932535334
74842731844
74966149508
74852740024
74842722684
74842713900
74955277215
74872420307
74852760517
74852732438
74842718109
74955210260
74912360033
74955271655
74852785665
74912253028
74872345488
74912363394
74852729125
74852725087
74966150014
74852755776
74852780925
74955213833
74842713371
74912252276
74955870415
74852751183
74912263121
74842740722
74842559349
74852716410
74842569241
74872425336
74842542469
74852540697
74852547235
74852557409
74852553323
74852537968
74852537644
74852579040
74852579735
74852549571
74852564969
74842542921
74842537392
74842564166
74842508802
74842516823
74842509640
74842578733
74842531248
74842527752
74842555938
74842572163
74955285216
74852739629
74852729099
74852742210
74923248038
74923254545
74955873325
74955866244
74842730390
74852757511
74912265236
74872348635
74872374417
74955878352
74923253868
74872367145
74872369231
74852781384
74966163688
74912253241
74923255680
74923237524
74912361108
74965675724
74965665261
74912340904
74912550543
74912559347
74923243453
74923234650
74872344322
74955874507
74966143320
74912559816
74912550161
74912559398
74912557037
74912559841
74923244188
74912550310
74912552496
74872368475
74872360035
74872360541
74872368772
74872366828
74872365365
74872375385
74872369795
74872379137
74872370599
74872371534
74872368226
74872363603
74872360824
74872378274
74872364747
74872377681
74852785860
74852780108
74852787428
74852785501
74852781147
74852788714
74852780922
74852786222
74923243660
74923262000
74923234571
74923253373
74923251465
74923230571
74923231512
74923237831
74923231500
74923245944
74923242252
74923231457
74923243283
74923243466
74923241800
74842715141
74923245501
74923242019
74923240081
74923230332
74842700503
74923262077
74912252383
74912255473
74912255022
74912255372
74912265092
74912252270
74912263297
74912259893
74912259256
74912253408
74912258211
74912259308
74912255203
74912254567
74912265208
74872344652
74872348262
74872341323
74872342391
74872348381
74872346574
74872340075
74965690567
74965669747
74965664716
74965669299
74965697915
74965696823
74965663518
74965675322
74965671090
74965666586
74965698899
74965666748
74965692999
74965667872
74965670777
74965678585
74965673964
74965667198
74965672927
74965698850
74955889241
74955880921
74955874087
74955863781
74955883267
74955862111
74955863757
74955871070
74955864051
74955877385
74955860322
74955864330
74955886308
74955861234
74955886000
74955877165
74955878754
74955864093
74955874235
74955877953
74955870230
74955867633
74955871468
74955882697
74955865455
74955874160
74955865393
74955888711
74966154287
74872426200
74872408432
74872439940
74872402809
74872396452
74872420695
74842708226
74842708351
74872393599
74842739942
74842742154
74842725633
74842738306
74842737991
74842748079
74955242770
74842747131
74842741641
74842704678
74955222090
74955231369
74912369043
74955237692
74955222640
74955241860
74955221691
74955220414
74955231322
74955248069
74912349998
74912337081
74912347445
74912347573
74852764925
74955288430
74955284720
74955280815
74955287756
74966153510
74966152535
74966140168
74966147109
74955277357
74966157828
74923230404
74923245703
74842575472
74842558333
74955230497
74912552430
74912559688
74955290878
74912213993
74872358297
74955868032
74842562633
74842562645
74955274396
74912350880
74965673966
74842744163
74872370794
74955861087
74842574571
74852788328
74842543772
74872424291
74966163714
74965675141
74912550602
74955213843
74872362287
74965671173
74965674101
74842592998
74912340239
74872366490
74965691032
74842565566
74955287620
74912252286
74872425285
74912550094
74965679624
74842550618
74955864044
74966148121
74852740070
74955211380
74955281001
74966145226
74912333919
74966159292
74966146062
74955240528
74955239050
74955215443
74955217898
74912358959
74966150378
74872411755
74966151739
74872422584
74852766622
74852753137
74955240806
74872391479
74852745220
74872393880
74912361800
74852714649
74955283115
74955216409
74872419248
74872426190
74872391042
74872408270
74872424774
74872404917
74872428552
74872405755
74872390184
74872418503
74872426012
74872401641
74872411414
74872436428
74872408866
74872411506
74872390626
74872405107
74872395370
74872436429
74872411311
74955220476
74955212353
74955210239
74955247858
74955236190
74955229033
74955246714
74955241152
74955216509
74955230184
74955214654
74955246370
74955233075
74955237580
74955218883
74955240709
74955239762
74955215634
74955211077
74955219762
74955240721
74955215683
74955220563
74955244768
74955214164
74912350602
74955220112
74955218083
74955232667
74955241799
74955245080
74955219467
74955241297
74955238589
74912321810
74955213874
74955232192
74912327291
74912342839
74912365241
74912360600
74912322367
74912349216
74912330320
74912320449
74912333177
74912373234
74912333548
74912360602
74912365850
74852745402
74852732857
74852757530
74852721175
74852723534
74852735642
74852748984
74852736486
74852733283
74852742541
74852759766
74852747037
74852714061
74852720842
74852760172
74852753000
74852731829
74852728373
74852737314
74955299767
74966144427
74955277453
74852721644
74955275076
74852758600
74852724584
74955274907
74955281015
74966151290
74966142580
74966144503
74966146984
74966155922
74966163916
74966150140
74912372448
74955223441
74912352908
74872429425
74955210038
74912322581
74955222550
74872423638
74852726521
74955292361
74852744752
74955214661
74912332162
74955229712
74955220076
74852727751
74955299684
74872410422
74912323889
74852733424
74955242470
74912373232
74912335522
74872423953
74955233304
74852727321
74955218208
74955242161
74955223836
74872427513
74932538514
74955234862
74955241560
74955215756
74852724243
74842545875
74842594159
74852548463
74965671017
74842565602
74965670888
74842591515
74852541345
74852561200
74923243287
74842536362
74923243801
74852571979
74965695770
74852406512
74872353282
74955947691
74852404102
74852403785
74964118901
74852406190
74964116785
74822346661
74955199320
74932304551
74822768878
74852400898
74967930084
74852719190
74852431803
74852435693
74852402225
74852741855
74842575702
74822554005
74822555457
74955908331
74953118230
74965747005
74922529940
74964166660
74852490229
74955118132
74872223598
74872227346
74872234590
74932558532
74955199122
74965651597
74965642901
74967725485
74932293555
74872354361
74872327946
74872327956
74872330376
74922210139
74922212334
74984847131
74822349377
74984846319
74984845984
74852416245
74852420694
74984847648
74964335543
74935142495
74935145746
74935142641
74935143087
74935133060
74935132218
74935129701
74935133948
74852400668
74822773148
74965651194
74922214618
74954699387
74954691844
74954685163
74954659815
74954674515
74954704006
74957582401
74957584346
74957592365
74852407159
74953090183
74953095680
74953113521
74953113497
74953113079
74997345497
74842544409
74997347038
74997350949
74935128415
74872343548
74852498198
74964333597
74852408118
74872332321
74852404883
74954684635
74872218459
74922540745
74852498437
74957584065
74954703826
74842725376
74935131939
74872554322
74852429290
74852400710
74852403325
74922454460
74912448785
74997340186
74953112107
74932300634
74842701913
74842718413
74852423500
74955964703
74957596901
74842725654
74822564578
74842715558
74842705467
74964331621
74842527708
74984843683
74842718546
74842561147
74852423287
74955120365
74872221390
74953111696
74922450052
74964152292
74852536622
74922458499
74852401369
74842576389
74997333171
74922532403
74954671291
74957581207
74852498343
74922530889
74957572680
74922213227
74852448437
74852406649
74965648868
74954682733
74955195562
74935147074
74932551389
74935132175
74957596340
74822559361
74954698334
74935143308
74954674107
74954678291
74954679964
74954660801
74954677126
74954670642
74954692397
74954667509
74954685554
74954701816
74954675120
74954708749
74954661249
74954695280
74954705782
74954665626
74954675700
74954678929
74954662163
74954705499
74954704636
74954697221
74954701849
74954658965
74954659102
74954674493
74954689607
74954676133
74957593964
74957572406
74852561834
74957598325
74957585207
74957575254
74957575093
74957581939
74957561373
74957566022
74957565840
74957599063
74957588957
74957582763
74957597402
74957599495
74953122720
74953122470
74953104726
74953120654
74852480745
74953103664
74953109596
74953113485
74953104206
74953105228
74953097898
74953097144
74953122820
74953114082
74953110505
74953100002
74953101071
74953109290
74953123612
74953120420
74953117132
74997322361
74997331695
74997322262
74953098402
74997341697
74997329336
74997324144
74997338209
74997319576
74997329061
74997334884
74997350469
74997330893
74997317516
74997341053
74997326990
74997335649
74997318947
74997327091
74957573291
74955194309
74822551728
74852404684
74955192277
74967720376
74967727486
74932303266
74852425220
74984844641
74935131303
74935132842
74852403386
74935131347
74912443563
74997335894
74842737852
74954684691
74852499529
74954671745
74954675642
74935133042
74852471700
74852452697
74957561452
74955934016
74997326257
74965641392
74872353980
74955551278
74872330022
74852420929
74954705500
74954697413
74957568784
74922210463
74935141507
74984845598
74955964307
74912960600
74912960689
74852403913
74852403800
74852403380
74964166663
74922531543
74852402366
74964131869
74872331031
74932303749
74872331234
74852401825
74955190846
74965652503
74852404318
74852404336
74852405122
74852404201
74852403675
74965651922
74852401231
74852401383
74932295964
74852404620
74922440309
74852755815
74842550529
74822565865
74822551167
74842702335
74842716278
74842719197
74922534150
74922459309
74922453089
74922443789
74922448720
74922458062
74922450950
74964150916
74964142719
74955126014
74955125121
74964166320
74964120328
74964113752
74872216253
74932540274
74872329374
74955190080
74955190272
74955559412
74955553909
74872561301
74872554215
74872558871
74967725276
74967728145
74967721365
74932308312
74872328133
74872329800
74872334063
74912447264
74872329881
74912442847
74912442703
74912441673
74852498708
74852498597
74852499610
74852499294
74852410442
74852409628
74955941912
74955931522
74955942270
74955947778
74955941607
74852420930
74984847493
74984849715
74984846334
74984839979
74984848988
74955764437
74967397245
74964337902
74964335910
74964330526
74967396192
74967397857
74967396665
74967396644
74967395483
74935144899
74935143304
74935147509
74935146539
74935147610
74935147120
74935141366
74935147859
74935141578
74935141048
74935132446
74935132006
74935132803
74935131665
74935130227
74935132230
74935132336
74935130184
74935130475
74935133278
74935131550
74935131705
74935131194
74955199752
74912447523
74922541259
74955550925
74872330540
74822320107
74958507160
74958519775
74958506764
74958505553
74958506916
74922321548
74912285366
74912274931
74966160662
74955911618
74955908296
74955987255
74955982404
74955984245
74912378466
74912966382
74912969620
74922778372
74922777470
74922771940
74922777459
74922779066
74922778745
74922771495
74922778153
74922778234
74922770528
74922777949
74922777797
74922779081
74852402352
74955941644
74922542423
74955767443
74964111766
74955908132
74964330028
74953091502
74958508122
74997331791
74922322204
74822323484
74872343049
74957572277
74932563190
74954695043
74953095511
74922212946
74984843383
74955932279
74922533778
74922441299
74822336908
74852405256
74935142853
74932299060
74953106701
74932310031
74912963212
74966163649
74997322807
74852460709
74964110949
74935141813
74872561306
74852405196
74965730715
74852403802
74955964040
74957570482
74852412928
74912274889
74922777601
74953108061
74957574032
74852505536
74822332639
74955988622
74958511664
74997345813
74912285211
74842701105
74872567325
74842744387
74997342124
74957581127
74997348731
74872340151
74957582269
74852420971
74852405608
74997318424
74922771083
74852500374
74964332005
74922779137
74852423553
74932551318
74852415736
74966163678
74822342927
74852535515
74964140428
74912284431
74955984534
74955907848
74922452377
74922338675
74957589747
74922779117
74842570311
74958508371
74922342519
74872235546
74957599950
74922533304
74932294533
74922771567
74997349414
74922778365
74852480258
74822347726
74957597010
74957590889
74922335833
74872559612
74957570694
74872560890
74852549495
74842723415
74994598691
74965761802
74822347001
74822347733
74953123244
74957584373
74965734516
74954678907
74967396128
74852475002
74957573071
74852499142
74955911275
74842719200
74935143110
74957592357
74955907813
74922212307
74852539075
74953119970
74872241363
74997319514
74964332053
74842701094
74984840387
74852500613
74957579877
74822349114
74922771884
74822369126
74822320604
74852498255
74842705369
74954661643
74822331440
74842534019
74842730881
74966142882
74935132204
74966158532
74957569032
74822354816
74935144837
74822353774
74852401778
74957598650
74822563841
74922456682
74922219643
74958504287
74922540552
74953116581
74955932972
74955190310
74955550364
74922444960
74852402736
74935142338
74957585032
74842701867
74852722838
74954677162
74954668693
74954705208
74912284225
74822328298
74842732689
74922530795
74822551220
74955126028
74954692602
74852406180
74852400670
74852403910
74954675183
74954693697
74954662168
74954702770
74954693446
74954693736
74954701617
74957561381
74957572066
74957590840
74957597440
74957573228
74957573420
74957566750
74957595662
74957574582
74957591816
74957590166
74957570006
74957591780
74957564970
74957597178
74957574235
74957598040
74957588446
74957567046
74957581549
74957589755
74957560817
74957596778
74957590498
74957563521
74957573667
74957591473
74957560456
74957582645
74922535765
74852400528
74957566012
74852558385
74957595612
74957574739
74957585293
74957597552
74957572967
74957579329
74957598515
74953091415
74953090160
74953102122
74953093344
74953091674
74953116409
74953111333
74953112700
74953111196
74953120275
74953093173
74953119173
74953090332
74953101472
74953100037
74953123530
74953106709
74953093058
74953109523
74953102301
74953110060
74953098058
74953115173
74953121615
74953122092
74953112642
74953104403
74953109405
74953116205
74953109955
74953115642
74953115043
74953096064
74953109435
74953116111
74953121102
74953120280
74953119483
74997325958
74997343231
74997327572
74997344841
74997319002
74997338515
74997329335
74997318970
74997332454
74997335430
74997336278
74997337786
74997333346
74997332666
74997340104
74997330808
74997327378
74997327756
74997329170
74997343641
74997350511
74997319161
74997320996
74997324722
74997336410
74997343309
74997320409
74852405247
74997322491
74997341453
74852400712
74997344614
74997349484
74997336495
74997329142
74997325828
74997320103
74997337020
74997349035
74997346404
74997330200
74997336048
74997317650
74997332233
74997325326
74997337235
74822332414
74922779123
74997348640
74997338666
74852710111
74922448604
74922543233
74922536081
74852400673
74852401375
74852405449
74852403502
74852404312
74852403657
74852403300
74852401921
74852724311
74852745417
74852744398
74852740762
74922549617
74922531693
74922451241
74955125843
74822557162
74932293533
74964131032
74922532258
74955941617
74935141065
74852400377
74852425231
74932551117
74852400046
74964148775
74872216303
74872567980
74852403759
74852404364
74852412353
74852420932
74852401096
74852402206
74852403350
74852400162
74852404995
74852401861
74852400321
74965640619
74852404141
74852403696
74852745001
74852735293
74852744192
74852743767
74852726911
74872568347
74822563126
74842555167
74822555590
74822557338
74822559419
74822552695
74822558955
74822556232
74822554936
74822563705
74822562849
74822553549
74822555578
74842734346
74842718329
74842713624
74842718638
74842705434
74842715675
74842719067
74922530193
74922535570
74922533510
74922535066
74922545806
74922530764
74922544138
74922450483
74922446628
74922453068
74922454469
74922453431
74922454409
74922451775
74922453007
74922451086
74922445255
74922459092
74922454491
74964139277
74964166297
74964145785
74964166743
74964160333
74964153603
74964145925
74964144057
74964153883
74964140963
74964138826
74955115678
74955126458
74955128213
74955118879
74955129663
74955118484
74955119725
74964110895
74964131086
74964115278
74964127756
74964118737
74964120553
74964123363
74964118747
74964123077
74872238909
74872231371
74872221440
74872232170
74932556158
74932526800
74932565397
74932527474
74932530576
74955190362
74955198515
74955556009
74955194574
74955190802
74955197076
74955196976
74955196922
74955192152
74955195670
74955197858
74955199643
74955193314
74955554427
74955550642
74955556485
74955557557
74955559969
74965644217
74965640801
74965642889
74965640133
74965651304
74965652479
74965644210
74872568451
74872554347
74872568426
74872565856
74967728612
74967721646
74967727498
74932298622
74932305982
74932299124
74932307761
74932308623
74932303883
74932306758
74932291819
74872350518
74872345581
74872353811
74872352727
74872350475
74872333378
74872327933
74872331602
74872329878
74922215331
74912448820
74872329303
74872332290
74922211272
74922216207
74922214841
74922211058
74852451135
74852431365
74852434182
74852431906
74852549305
74852559985
74852499445
74852498814
74852514687
74852500682
74852498979
74852498189
74852499607
74852501223
74852511670
74852498001
74852498989
74852498663
74852498173
74852518120
74852415834
74852518146
74852409403
74984843538
74852420916
74852420900
74852423556
74852420960
74852422028
74852420852
74852420791
74852420622
74852409000
74852420922
74852420887
74852425180
74852423732
74852419786
74852425237
74852420830
74852420956
74955941637
74955941620
74955949755
74955941485
74955961433
74955960509
74955947694
74955931603
74955935459
74955930562
74955949770
74955949705
74955932352
74955947759
74955940432
74955941625
74984844703
74984847810
74984847923
74955766155
74964333010
74935141845
74955765732
74964337903
74964335969
74964332050
74964332322
74967395835
74935141225
74967399911
74967398511
74935144003
74935141235
74935145125
74935147155
74935144588
74935145029
74935147667
74935142650
74935142267
74935148475
74935141244
74935146637
74935142354
74935141536
74935146802
74935132231
74935131314
74935141931
74935142019
74935144901
74935144180
74964161717
74852406796
74852404354
74852720189
74822554987
74872215770
74965651155
74965651004
74965641253
74932292332
74822347693
74822353433
74822347385
74822370885
74822361717
74822371407
74822348605
74822364765
74822329465
74822325086
74822334093
74958504311
74958519770
74958501903
74958504284
74958512492
74958517075
74958510155
74958510224
74958505536
74958510125
74958510218
74958502000
74958513196
74958505920
74958514301
74958511674
74965730328
74922339886
74922332763
74922342173
74922327370
74922326352
74922329933
74922323413
74922328347
74912284402
74912270615
74912272045
74912290953
74912276166
74912290648
74912270009
74912273009
74912274151
74912283963
74912277611
74912276994
74966163176
74966151506
74966140325
74922771026
74955919118
74955911046
74955908848
74955906633
74955917021
74955914550
74955917928
74955906263
74955917905
74955916197
74955918844
74955916114
74955987798
74955995258
74955994023
74955987670
74955990689
74955992305
74955987411
74955982554
74955985369
74955997179
74955985024
74955987978
74955985367
74955996260
74912383444
74912390846
74912380927
74912388830
74912381178
74912962655
74912962080
74912967553
74912960023
74912964995
74912961452
74922779400
74922778976
74922773843
74922779386
74922770101
74922779384
74922771226
74922771867
74922773020
74922778573
74922778509
74922777839
74922771489
74922773861
74922777889
74922770323
74922777967
74922770221
74922771708
74922770623
74922773296
74922771781
74922777866
74922773018
74922777680
74922773416
74922777623
74822383632
74922771490
74922779038
74922779672
74997348662
74852441513
74852420820
74852755053
74997326330
74955195285
74922338063
74955987124
74957594640
74957593038
74842557566
74965735740
74958504286
74984847370
74912966133
74872221964
74822559350
74872329520
74922778882
74822328285
74922778922
74964166692
74912441627
74852405833
74955949103
74954687593
74852406698
74822334227
74822336773
74842521708
74842718539
74842716397
74852425229
74935148141
74822564548
74922525937
74912963316
74955934259
74852502477
74822323647
74997318834
74922779158
74912378878
74912289968
74852541911
74922445144
74932308751
74957598047
74984845004
74922534238
74997345572
74852550717
74984840190
74953093300
74932528550
74965746433
74955769881
74955932590
74852424042
74822344480
74872241469
74997340606
74852505925
74958508387
74955906001
74852556255
74872240772
74922328808
74842718523
74957578196
74872211180
74965730351
74964334138
74922773232
74842718132
74953101538
74852498952
74958510950
74932300388
74852768413
74922530196
74822329588
74964123700
74922452212
74955988822
74955935164
74852531384
74842558325
74955964385
74822356865
74872349564
74912290722
74852554397
74852516575
74922524171
74852502259
74912280515
74955993558
74997338831
74966148800
74953099295
74953112311
74922542800
74872238411
74955931479
74922456970
74912285308
74822345304
74822348092
74957570477
74922446432
74957589169
74966163750
74922323550
74922533670
74955907150
74852735217
74965768237
74842743272
74822341643
74922779991
74922313785
74822342514
74922330594
74932559613
74872568394
74984848125
74822320977
74822343440
74852534245
74955982115
74852451473
74842717051
74912290027
74872550562
74842547847
74966159860
74965736139
74958504434
74912275238
74852717383
74922530188
74922329091
74822343792
74912962882
74997317708
74852415686
74822560442
74872550188
74957574405
74922535464
74852544570
74957583343
74967724882
74872211409
74852446893
74922778169
74822347701
74922779785
74852434073
74955930698
74932530319
74842740140
74922322314
74955939168
74852419617
74912511526
74912980764
74967933013
74912514070
74912510104
74843966369
74875362279
74912510094
74872358703
74873157140
74872376222
74967930411
74912514951
74967933259
74822532262
74955570017
74872378751
74843940806
74955153456
74843964422
74955165056
74852728191
74962597309
74872376970
74963436291
74955575075
74912981946
74852721843
74873158394
74912923231
74912513332
74912510026
74912510261
74912984649
74912513395
74852205054
74955578075
74955163241
74965756857
74967930069
74822522135
74822514743
74872456171
74872452526
74872456920
74852209239
74852208395
74872366144
74843970563
74955150120
74955163215
74912512908
74912511550
74875356961
74875357007
74875356690
74912514076
74912511200
74912513534
74912512280
74912514071
74912510696
74912514561
74912511589
74912511207
74912510977
74875362486
74875368477
74875366980
74875368140
74875367568
74912926934
74912927391
74912923871
74912983632
74873163168
74873159763
74873160922
74873158001
74873158371
74873162854
74873160286
74873154088
74955568888
74955568455
74955570942
74955569186
74932387992
74955561948
74997290311
74997307575
74954583296
74954579211
74954580629
74954579077
74955771205
74955775717
74955774931
74955771649
74955773372
74912986155
74954585149
74955569266
74872367673
74997311367
74955167792
74843956062
74852730272
74954582706
74954584571
74997307221
74912510515
74997304709
74955575720
74965751138
74955569443
74872452982
74955543506
74873161983
74962591730
74954586829
74872361551
74997313549
74955576905
74955774580
74852745497
74955578711
74997286726
74963441111
74963444129
74997315411
74954580267
74954579316
74955770871
74852723165
74955575774
74852764728
74955547070
74997311468
74822532447
74873163892
74872378416
74912928850
74873158880
74873166305
74932379699
74955568585
74852213226
74875357203
74825197223
74872362384
74825196417
74984829207
74963436151
74852768435
74852721968
74852750578
74822533309
74872459473
74872456873
74872458121
74872451314
74872456854
74852203406
74852205650
74852208038
74852205686
74852216008
74852205220
74872371011
74843962218
74872368462
74843962885
74843929415
74843930361
74843923119
74843928990
74843955549
74843939456
74843950936
74843920002
74955150155
74955168441
74955159669
74955156052
74955159694
74963436210
74963435005
74963441980
74912512155
74912513611
74912511166
74912513861
74912511277
74912511109
74912514084
74912511249
74912514686
74912510651
74912513020
74912511850
74912511108
74912513792
74875362100
74912511865
74912514600
74912513353
74875360912
74912512926
74912514093
74912511007
74912514091
74912510014
74912510282
74875366914
74912926038
74912926797
74912920129
74912984897
74912989898
74873157550
74873159092
74873165857
74873165384
74873161905
74955569363
74955568789
74984824552
74984829684
74984823860
74984822777
74984826687
74932384524
74932386617
74955546082
74955542381
74955546381
74955562330
74955561048
74955545152
74955554714
74955556600
74997315890
74997291615
74997289701
74997294500
74997313092
74997291021
74997289021
74997289581
74997313081
74997302868
74997308508
74954579828
74954585615
74954584880
74954584420
74954583305
74954586769
74954581626
74954580501
74954580063
74954585552
74954579099
74954579512
74954581525
74954584654
74954586101
74954584132
74954583598
74954586557
74954583421
74954582429
74954583562
74954578915
74954586329
74955770679
74954582784
74955773507
74955773958
74955771572
74955775995
74955773672
74955775268
74955774518
74955774688
74955771689
74822507216
74825199248
74822507207
74825199161
74822504642
74825198129
74842508410
74822500795
74822507432
74932412965
74932423845
74932410775
74932427068
74932425762
74822583894
74822584272
74822580120
74822582809
74822582873
74822584862
74825195134
74825194234
74825197000
74825194778
74825194002
74825195270
74912987902
74912510984
74912514844
74912513817
74954580249
74955579078
74842552540
74912987349
74872361719
74954585560
74997311749
74822587388
74842550611
74955577867
74872464093
74873161224
74825198889
74843950367
74872443097
74822505091
74955569609
74954579237
74825194141
74954580977
74954580592
74963429328
74932427437
74954584095
74912921655
74932385705
74955157260
74997313020
74852727482
74997290992
74997298543
74997300322
74997286374
74954583806
74955168825
74822520254
74852755743
74822501641
74852713201
74997315569
74852206269
74842522445
74954581553
74955558736
74954578927
74997305845
74956354136
74955571337
74825195454
74955572301
74932414612
74822580400
74932414882
74955577177
74842574407
74852759685
74852217904
74997301905
74842520442
74997314546
74997289824
74873155724
74954585724
74912511941
74825197409
74997304079
74822581891
74912922596
74852740737
74997309031
74842550076
74842510448
74873163419
74912510449
74955569748
74932423952
74822585921
74954584580
74954581039
74997304898
74984821546
74932421275
74872363336
74872464920
74955568354
74912986167
74954583537
74955773838
74955770172
74954586830
74822507448
74822587921
74825198105
74852208139
74852749155
74822504747
74954146766
74954143294
74991371397
74852726262
74822501021
74954143600
74991371168
74999074843
74954146000
74954141015
74954144945
74991373093
74842551043
74954585247
74954585542
74955561232
74912510870
74932417077
74932386657
74852208531
74912511513
74963431111
74955165948
74912989224
74873156177
74932385613
74954585745
74954580499
74954580378
74932416068
74997311884
74997291724
74825197366
74852204134
74822513033
74997294455
74955772757
74843969122
74843961641
74912927336
74912985556
74954579739
74822507128
74954583771
74825195020
74825194525
74822516383
74984826510
74872463468
74852729163
74843959329
74999058192
74954131133
74954132426
74954139059
74954140859
74954144825
74991371710
74991373544
74954586858
74954670088
74954581220
74872375315
74955569685
74843967799
74842549646
74825196128
74999065078
74999066461
74954133607
74954142266
74997309360
74997301780
74873160506
74999072033
74954659148
74954580978
74991379470
74954583083
74991379317
74997309634
74999071075
74872464930
74991388857
74997297640
74991370322
74954705761
74954681516
74999060383
74999061022
74999074021
74999066199
74999078481
74999056366
74954133451
74999073306
74954134411
74954140971
74954136517
74954143276
74954142178
74954125867
74932383678
74991374097
74991377249
74991373940
74991382020
74991374646
74991379713
74991379495
74991380341
74991372850
74991381366
74954584076
74955579308
74954583355
74872452122
74852735770
74852203706
74955164461
74955151592
74912925022
74912920700
74912920594
74912920048
74912926603
74912980981
74955569547
74955579262
74932384342
74955540878
74955541504
74825196786
74954579561
74954584728
74954582999
74954584786
74954585254
74954583183
74825194488
74822502071
74822587705
74822586329
74825194153
74825195141
74999084421
74984828490
74825199075
74997294703
74991371716
74842548415
74954585261
74997301404
74991375780
74954139825
74991371080
74932386766
74997300230
74954127186
74954142869
74997315736
74991377974
74997310805
74955576943
74991372031
74954584261
74954586515
74997301892
74843963798
74991373703
74997289798
74852724674
74954141191
74954136631
74954697130
74954579274
74954698191
74954141248
74954132674
74999081722
74872441039
74954660869
74954139358
74842564048
74991389151
74954143021
74954136897
74991376379
74825195040
74954141188
74954586296
74999071404
74825199286
74954142040
74955580029
74954675848
74873160864
74991370108
74932413757
74852738855
74954668581
74991377443
74954709938
74954687041
74932422806
74954130282
74997304849
74912984503
74954141792
74954691454
74999084871
74955545431
74999066984
74954676667
74842591003
74954136438
74822520778
74991372439
74991389038
74954688355
74852749517
74991370908
74825197216
74954143557
74954692157
74852745028
74954146118
74954132080
74991372985
74991386252
74912980625
74822527354
74912985664
74984822610
74932380506
74912989862
74954582515
74955770484
74954579048
74932417619
74991370000
74825197349
74955773578
74822504914
74954144943
74872458251
74872367762
74954131639
74999084847
74999056334
74954585484
74991374855
74984821854
74954141020
74843933049
74954675718
74843931090
74999066861
74822519235
74954702896
74932417021
74999060906
74954580808
74954663601
74872440998
74997301993
74954134505
74997313324
74954136356
74954130148
74997286544
74997309210
74954131126
74997306603
74954684552
74872373921
74991375897
74954698467
74843934947
74999075790
74999081856
74822507456
74843957156
74852746863
74954580539
74999072149
74999078508
74822521340
74822523490
74872372149
74852727315
74872361111
74843934731
74843963283
74843940100
74955163683
74912985648
74873165771
74873163239
74873162325
74955569502
74955569757
74955579026
74955569170
74984828397
74822513358
74955554728
74955545332
74955557033
74997291049
74954581502
74954581174
74954583106
74954586807
74955770227
74822501555
74822502945
74932416461
74932414698
74932418274
74825198820
74825198685
74825198860
74954702276
74954705937
74954706386
74954681112
74954658272
74954699638
74999071800
74999072431
74999060784
74999060775
74954141372
74954130883
74954142948
74954131882
74991378946
74991371188
74991379581
74991371585
74991387283
74991385435
74991378248
74991374806
74873156540
74954137284
74997298691
74997309187
74954135264
74999084067
74955161106
74954586359
74955554995
74997295942
74997314238
74954137684
74842561650
74991385976
74991380618
74852724821
74912924912
74955558409
74991376176
74991377550
74991384599
74954664721
74842557135
74954130988
74955549264
74954133990
74954682043
74842578905
74954144952
74997286880
74954141646
74999066763
74954142899
74954586605
74954679858
74999057647
74997313630
74842569414
74954581177
74842510843
74954702134
74954703690
74991372821
74991379453
74991371338
74991381725
74954668245
74954141290
74954671531
74965744931
74956353723
74955784448
74965754040
74967353811
74955638671
74955255004
74967354414
74843957535
74842532743
74955789281
74922522222
74965742348
74842553992
74967353607
74967355175
74955780162
74956358398
74967360040
74967360048
74965737504
74967353059
74967535313
74967352328
74967530777
74965753157
74843963757
74967378822
74965731180
74842560672
74922552242
74967358962
74967375057
74965752680
74955785911
74955788357
74967350932
74842531194
74842565615
74872223718
74956355449
74955638931
74842531460
74965730127
74967354801
74967540107
74843926881
74955784500
74955639671
74922531209
74956354607
74967351885
74872234802
74922520252
74967353345
74967355084
74956355743
74842578641
74842575315
74843968611
74965732639
74842562800
74956355791
74842570411
74956355174
74842516917
74922542836
74842536247
74843953693
74965739138
74842562560
74842531882
74842550583
74955646613
74955627234
74956359546
74842575700
74842561111
74842570349
74842565937
74842593158
74842507834
74842584687
74956356547
74842574985
74842551063
74842579057
74842512407
74842594999
74842550645
74842547077
74842585030
74842529870
74842574570
74842570020
74842570447
74842574389
74842565985
74842593430
74842565191
74842517091
74842559886
74842534289
74842543560
74842571179
74842563046
74842580277
74842551228
74842575109
74842553969
74842531774
74842551042
74842554667
74842543806
74842592710
74842516118
74842555160
74842544340
74842552950
74842508834
74842507739
74842549813
74842511730
74842521787
74956357139
74956354713
74956354691
74956357808
74956358343
74956352544
74956359750
74842591754
74956359883
74956353310
74956352919
74956351399
74956353855
74956356045
74956353214
74956351350
74956359551
74956357785
74956352520
74956355703
74872242067
74872213303
74872223143
74872241982
74872212886
74872223611
74872217665
74872241711
74955630124
74872212044
74955628726
74872231490
74955639073
74955622127
74872218121
74955626369
74955641419
74955621139
74955634705
74955628441
74955633073
74955620489
74955630823
74955623734
74955620110
74955620633
74955630962
74922542944
74922535653
74955631990
74922529990
74922529973
74922536956
74922530534
74922532140
74922520636
74922537256
74922534940
74922530287
74922534156
74922537933
74922543249
74922520517
74922536960
74922535154
74922520550
74922530591
74922544677
74922524747
74922549531
74922541708
74922545281
74922533817
74922528165
74922541880
74922533355
74922532364
74922524021
74922530581
74852498019
74965746189
74965743255
74965738507
74965731792
74965754219
74965764712
74965735977
74965768482
74965763177
74965764165
74965770099
74965756225
74965746644
74965755145
74965740184
74965743484
74965749212
74965743593
74965746807
74965768423
74965767963
74965736988
74965740255
74965759076
74965743263
74967543601
74967542142
74965753145
74965749202
74967541232
74967543052
74967548696
74967545720
74967527408
74967527686
74967547615
74967527668
74967544398
74967535494
74967529008
74967351987
74967544348
74967354268
74967526034
74967355863
74967374126
74967353282
74967366300
74967357336
74967357875
74967351760
74967353268
74967350988
74967355148
74967377312
74967353627
74967360621
74967359093
74967358002
74967374005
74967377333
74967360076
74967352846
74967367473
74967377744
74967354814
74967374948
74967352008
74967351050
74967352222
74967379572
74967355489
74967374770
74967374007
74967355289
74967366499
74967358696
74967356717
74967351400
74967355760
74843922138
74843948106
74843949588
74843923271
74843969540
74843944599
74843963088
74843935378
74843929187
74843930541
74843956707
74843938284
74843920256
74843945385
74843949841
74843920304
74843952323
74843939936
74843963814
74843960865
74843936344
74843943737
74843938983
74843945879
74843928003
74843933121
74843930131
74843954219
74843955540
74843954677
74843967858
74843936254
74843938265
74843939273
74843956164
74965750123
74965749395
74965755264
74965749210
74965758060
74965742652
74965749200
74965756395
74965766151
74965740287
74965738856
74965751187
74965769474
74965756526
74965733163
74965738839
74965746326
74965743804
74955835499
74955836590
74955831010
74955835566
74955837823
74955828018
74955833957
74955827928
74955826811
74955783380
74955783680
74955834855
74955832084
74955783552
74955835291
74955839415
74955836480
74955825601
74955827613
74955828105
74955789162
74955787464
74955782583
74955782538
74955780811
74955781413
74955782454
74955783307
74955780331
74842579298
74967546598
74956351968
74965750184
74922540061
74967375410
74843925879
74955826122
74922535860
74965743246
74956354861
74843955412
74955837752
74967543077
74956351204
74956359303
74843964064
74955826537
74842578752
74843967707
74956352235
74955837693
74965732533
74955627723
74843960544
74843944797
74872212559
74965745008
74842549425
74955624428
74965750020
74955625453
74967542395
74842576281
74955638814
74954668008
74954143636
74954127352
74967931190
74954130917
74954661933
74953840261
74953854466
74953854171
74955559703
74932310271
74954662624
74954141099
74954701876
74932375610
74953852680
74922440791
74964116461
74954679723
74955559445
74954684679
74922456683
74842745426
74842523330
74954234911
74872341577
74954677823
74842705065
74964167615
74922532435
74967930000
74954136841
74955190795
74953848465
74954143424
74852404335
74954139737
74954242151
74954237140
74922454427
74954132463
74852401916
74872329270
74953850450
74842546195
74932306255
74954660362
74964114840
74822766567
74953840959
74932290218
74955191267
74852732626
74842718644
74953840916
74852400577
74842715736
74922541927
74953850375
74872335057
74842713767
74912442122
74842531208
74872341064
74954127609
74872333135
74932558120
74852721422
74954223260
74922459306
74932530880
74872328946
74822768534
74922535470
74872561318
74822555557
74955553167
74922530962
74965640277
74922218305
74955520274
74842557133
74954241968
74922537114
74852425019
74954709411
74954693479
74954688384
74872329166
74922537788
74822760332
74852499523
74967397465
74852430152
74955195343
74922454403
74852425159
74852420764
74852498627
74852425172
74842720675
74872237180
74964161286
74852459848
74872216194
74922445044
74955553094
74852498901
74932304623
74955523786
74954135967
74954139724
74822777387
74955529086
74872232364
74852409444
74852409930
74852518172
74822551968
74964126190
74954665728
74852406220
74964330021
74912441896
74872558441
74842721292
74852498402
74964115766
74954133048
74852406336
74967395968
74852726116
74955198185
74964140978
74822777443
74852408277
74852402331
74852403783
74822765482
74822777441
74822766990
74822775428
74822777243
74822764057
74822776139
74967930166
74852400066
74852740972
74852733108
74955545277
74822555428
74922537179
74922533795
74964144552
74842508808
74842508404
74842563034
74822554848
74822563447
74822551552
74822558420
74822555047
74822554303
74842714129
74922529567
74922530205
74922533341
74922456926
74922456967
74922453095
74922455253
74964166066
74964141182
74964143306
74964141369
74964144535
74955120707
74964122843
74964118089
74964126741
74964112903
74964110564
74964116857
74964116992
74964114892
74872216207
74872219050
74932528094
74955190073
74955194802
74955193403
74955199756
74955197154
74955196103
74955557266
74955556454
74965643380
74965642457
74872554512
74872555198
74932305326
74872340683
74872328148
74872335368
74872334472
74872327992
74922213696
74912443649
74852499406
74852498892
74852503011
74852502446
74852498724
74852409743
74852426568
74852409925
74955948368
74984847855
74984837508
74955767857
74955765057
74955765144
74955769868
74955763554
74964330458
74964334179
74964331072
74967396451
74935147815
74935142815
74935144845
74935149142
74935149449
74935147588
74935141081
74935132991
74935131702
74872211263
74852401610
74935128508
74935132200
74935133865
74955940157
74922530645
74955964815
74872353702
74935149934
74852745607
74954685758
74872329863
74984838917
74955930176
74822551825
74872343312
74852403780
74935141092
74872329853
74955197674
74852454960
74822777077
74912445785
74922534264
74935131372
74954131762
74852502304
74852400501
74852502305
74954244024
74852499380
74842715010
74852404669
74842715076
74967931440
74932528040
74932527403
74852401446
74872560737
74842719576
74932528737
74852490330
74955941643
74852414541
74852531459
74955769684
74954136275
74955120792
74955963673
74955932925
74852425266
74852534685
74852469338
74852731589
74852404543
74967394208
74912442885
74922457976
74964332132
74935133296
74852551774
74872342610
74954226705
74955763882
74852504256
74922523700
74852720550
74954126656
74842509169
74872552847
74842545932
74852420530
74872559175
74872349473
74955193624
74932308138
74872554177
74842714056
74852552246
74852725819
74842719969
74954228030
74955947697
74852726439
74955931657
74842548414
74872569038
74852498336
74822553418
74842574962
74852431901
74852572680
74955932141
74967726486
74852409741
74852490304
74967397264
74852426844
74955117642
74954243472
74822764216
74922447180
74954130976
74954141252
74954134511
74954143041
74954146371
74954144955
74954140559
74954140816
74954135034
74954142348
74954138824
74954142919
74954145681
74954137159
74954131242
74954142806
74954142103
74954141286
74954135819
74954701953
74954683814
74954670730
74954686056
74954685308
74954699807
74954661058
74954698796
74954702088
74954699879
74954681666
74954678802
74954706021
74954701490
74954687329
74954226388
74954240870
74954238708
74954240500
74954231117
74954236027
74954223569
74954224274
74954245004
74954241166
74965642393
74842701856
74954229749
74954225583
74822554910
74852406802
74852404710
74852404366
74852400714
74852404635
74822777180
74967932570
74822555223
74822555002
74822554851
74822550203
74842703931
74842719571
74922532352
74922451511
74922452629
74922452673
74922450333
74964139333
74964141444
74964166188
74964116017
74964124282
74964116200
74955194871
74932566124
74955191508
74955198981
74955559638
74872561289
74872557086
74932304974
74932309900
74932304712
74932293225
74872327950
74872328276
74872327907
74872327912
74872333787
74912442670
74822744519
74822747280
74852499057
74852498496
74852409716
74984842369
74964332207
74967396035
74935141458
74935143168
74935144587
74935143013
74935141706
74935142463
74935141460
74935143467
74935133037
74935128194
74935133936
74935127150
74967396363
74922458143
74852545923
74935127036
74935132028
74852422812
74842715708
74954682592
74964332589
74964110609
74964116657
74967931928
74955557390
74954672120
74842542702
74954141730
74852517929
74852406145
74954129685
74954665724
74964121609
74954666443
74954689890
74852404617
74954138994
74822559343
74852431860
74935143567
74964124077
74852400209
74922540294
74935131190
74872231779
74955551039
74954688433
74852443207
74955556016
74842744504
74935149539
74932561482
74935147532
74955552128
74955559397
74932533212
74967724515
74922522801
74852425215
74852490274
74935147474
74872219578
74822565626
74955111553
74852442780
74852510445
74932528700
74935133400
74922531823
74955935295
74852499512
74932298957
74955931934
74955198118
74872343649
74872348157
74872240780
74852451178
74852420965
74822744329
74852488890
74984843882
74852472713
74964116939
74842716208
74872216032
74852518914
74935142220
74955191050
74852423453
74852569277
74852405405
74932561492
74954130698
74852453616
74872219094
74984837240
74935145758
74852425186
74852402490
74852403331
74852407043
74852404343
74852406774
74852403369
74852408264
74954708999
74954702100
74954671263
74954695702
74954144792
74954139533
74954144778
74954146195
74954144873
74954138180
74954680503
74954703403
74954125036
74954141138
74954144380
74954694650
74954233755
74954242880
74954689653
74954133955
74954142198
74954142969
74954137955
74954146699
74954135787
74954142309
74954142258
74954130182
74954130201
74954136266
74954136188
74954142070
74954134820
74954690378
74954134245
74954133551
74954126812
74954137315
74954128688
74954138954
74954139900
74954139972
74954135817
74954128166
74954666257
74954139511
74954134211
74954145439
74954141587
74954137766
74954126543
74954133907
74954133214
74954141807
74954125932
74954141031
74954138971
74954669626
74954701746
74954687379
74954697755
74954707374
74954699910
74954697262
74954703136
74954709897
74954661835
74954664376
74954707667
74954708626
74954671124
74954698358
74954691622
74954662441
74954677725
74954686838
74954679756
74954688340
74954659438
74954659622
74954705140
74954698219
74954693773
74954669375
74954667262
74954692570
74997345885
74997340862
74954702587
74954664981
74954687506
74954659092
74954683682
74954677615
74954689177
74954680144
74954665561
74954688297
74954690165
74954660339
74954658548
74954667006
74954671186
74954690003
74954693737
74954228095
74954228410
74954234661
74955192494
74954243244
74935142776
74964332846
74842746590
74955552717
74954240430
74964162265
74955554580
74912448876
74872335641
74852408160
74852407202
74852406677
74852405052
74822775434
74852406963
74822764131
74822761130
74822777333
74967932828
74822777497
74967933598
74967931146
74852721318
74852755897
74852729592
74842749280
74922540056
74822552634
74822554866
74822554391
74822557920
74822559777
74842749142
74842743284
74922541400
74922540736
74922531508
74922451571
74922443583
74964166309
74964160413
74964151699
74964166614
74964166162
74955122276
74955110278
74955126531
74964120794
74955111977
74955128961
74955113353
74964121308
74964122813
74872217160
74932528049
74932569700
74955192092
74955190888
74955193031
74955190685
74955199804
74955195273
74967725398
74955552277
74955553227
74872560412
74967724691
74932292550
74932303384
74872339599
74872346641
74872329725
74912440295
74912440788
74922211683
74922210700
74922215456
74852486938
74852431848
74852458106
74852442566
74852573247
74852579355
74852513209
74852512147
74852517183
74984842787
74984844651
74852420521
74852420843
74852420767
74852409931
74852409717
74852409051
74955938101
74955965863
74955938194
74955941567
74955963689
74984845079
74984839847
74984848078
74984843684
74984845111
74955760602
74955760870
74964332856
74964333284
74964332482
74967396001
74967396901
74967395183
74967394281
74935141311
74935147426
74935144717
74935143438
74935147113
74935143515
74935142648
74935146730
74935148421
74935142551
74935133837
74935132257
74935131047
74935128404
74935133971
74935127194
74935130179
74935130639
74935131063
74852730781
74842578350
74967721833
74852498672
74954124058
74984843537
74954141222
74954129585
74822554173
74852560347
74872216420
74954667535
74932528986
74922522120
74967396277
74932541950
74822777640
74852403309
74872211276
74954141061
74872336610
74964166586
74932304127
74954225340
74967396492
74955941647
74852565524
74955766081
74955934941
74984846502
74852462746
74955118333
74852714112
74852498456
74852568669
74852401226
74922533572
74842714454
74954138253
74967399210
74922532590
74964166941
74922216442
74922531852
74922533960
74955198994
74842565934
74955193367
74852735392
74842530434
74922522184
74954234622
74852538965
74852422242
74955947003
74984847997
74842719727
74955947717
74872345729
74852498126
74932301532
74922442666
74954230435
74935148385
74842714162
74955936886
74955941641
74964166576
74964140553
74955961435
74872221957
74852454711
74852574510
74964333346
74935141088
74872559916
74852498542
74935142637
74852499161
74955935147
74955937395
74955190418
74922522985
74842744505
74922445862
74954143471
74842548683
74872551486
74955936124
74842719338
74954689956
74842725822
74872241362
74852559245
74875359420
74932301803
74822554241
74852466016
74922212460
74954698139
74872560128
74852498706
74852430172
74922450447
74842716526
74922215570
74872556468
74822777235
74932530325
74954661256
74822555378
74822700471
74822707779
74822706733
74822706135
74872567540
74822707917
74822701028
74822706677
74822709832
74872555266
74872565801
74872566613
74872554464
74872550376
74872565688
74822709909
74822700323
74924132446
74935425431
74955970142
74935142462
74872336066
74964671256
74852403337
74924121523
74852218984
74842536509
74935425038
74924136763
74872329835
74923267995
74935141160
74852530579
74964616222
74935147629
74912927762
74922213732
74922425100
74852405906
74912926920
74955580021
74852408219
74912920004
74924125210
74935149711
74922261508
74924130212
74922260662
74932385719
74924123672
74923448656
74912929497
74955412288
74955572223
74924136754
74923264144
74912921545
74955570240
74912763724
74924138209
74955575700
74923264452
74842563541
74924133404
74922421349
74842548789
74822744275
74955973129
74955416180
74852403940
74924136801
74875348940
74842570170
74842525324
74852402401
74924128093
74842563886
74924138970
74872331017
74923436149
74924130484
74967732580
74955973029
74852404770
74842550570
74922216311
74922214941
74935131332
74924136706
74967736270
74967736086
74924121614
74912985291
74935423209
74923433064
74923263271
74822744280
74923264844
74924124990
74935142340
74923425106
74852406230
74852537535
74924132595
74935425151
74923429080
74842574417
74924132001
74935420455
74935130117
74922420987
74964672669
74922362263
74924136784
74922422639
74955570166
74922361455
74932388963
74922215487
74842562223
74955974549
74964670535
74912927251
74923264030
74924124620
74923264610
74955579200
74935425424
74922216875
74822745033
74852404260
74923269632
74912928757
74935422373
74922367501
74935131144
74852549594
74924131911
74922420207
74935424752
74822744270
74964622626
74924138705
74822743247
74852550355
74935131160
74924131643
74924121932
74964664866
74842550800
74955157391
74935426139
74924136713
74935133010
74924136859
74967734129
74923420101
74955970942
74923436756
74935422040
74924461405
74842576468
74842535433
74923433565
74922421199
74935149090
74935420010
74955165777
74924120946
74922362649
74955972021
74935131300
74922366346
74955417960
74842790505
74924136768
74935422055
74932388991
74852407079
74852406225
74872335626
74955970150
74955974250
74852400350
74852400252
74842573580
74852548291
74852543594
74852575479
74852540533
74852552678
74923431793
74923443883
74923421806
74923442018
74923420930
74924461549
74842794307
74842797127
74924462365
74924468603
74842798889
74924462472
74924467985
74924460658
74924469174
74924465534
74822744291
74924463592
74924469200
74924469182
74842793212
74842793461
74842791522
74842791606
74842798493
74842798141
74842790638
74842796818
74822744419
74822747404
74922361080
74922361675
74922364171
74922366631
74922359922
74922363682
74852404107
74852404860
74852401124
74852406820
74852401155
74852406945
74852404622
74852404907
74852407037
74852404351
74852401621
74852405152
74852407637
74852405053
74912987945
74912982269
74912983210
74912981313
74912986832
74922214211
74922215896
74922218387
74872332898
74872329866
74872329583
74872329739
74912926685
74872330126
74912929771
74912924060
74912929462
74912924080
74875364440
74875357965
74922264454
74922262956
74922261121
74922260382
74922260326
74922260843
74922263201
74922260918
74922262539
74932385717
74932388344
74932386784
74932379653
74932384280
74935142188
74935143534
74935147299
74935149461
74935141948
74935143465
74935144677
74922422806
74935149272
74935141650
74935148128
74922424556
74922424931
74922426397
74922424093
74922420904
74935131463
74955157799
74955167849
74955039398
74955039403
74955034171
74955031111
74955039488
74955034442
74955036336
74964679614
74964670253
74964665735
74964622513
74964615342
74955574377
74955574641
74955569430
74965366129
74955578755
74955575192
74955413090
74955410242
74955411054
74955411010
74955414111
74955411155
74955415322
74955412409
74965361171
74955415490
74965363577
74965361276
74965361114
74955971005
74955973348
74955972802
74955968389
74955971442
74955974004
74955973854
74955974939
74955975547
74955975559
74967731940
74967735240
74967730124
74967731750
74935425351
74935422554
74935421572
74935425777
74935422573
74935426144
74935420574
74935420371
74935422430
74935420414
74935420499
74935424243
74935423187
74822746138
74955037754
74935422304
74935133952
74912988367
74935148256
74922260956
74955573045
74923433570
74923431010
74935130463
74923436200
74935423048
74912988831
74935422247
74923449243
74922261746
74955039786
74852403688
74955410745
74955037227
74924465270
74922365632
74852406304
74912924121
74955972975
74922362509
74922210809
74842536948
74935422241
74935425195
74955152845
74965366953
74923433312
74935423516
74955569180
74964612513
74842544485
74964616161
74955571690
74842509545
74852406033
74932388200
74922214588
74967732422
74842571047
74842571378
74955160052
74955568528
74922210476
74955571500
74964679007
74872329327
74912989246
74842562539
74842793296
74852406570
74935423059
74842557814
74842795899
74955973838
74955572188
74932386647
74852400331
74935148445
74922423296
74912982078
74922264200
74955572179
74964678859
74955571601
74967735091
74923433205
74955036122
74955031856
74852578886
74923446809
74852567346
74842564658
74923420389
74923420347
74923444924
74923442421
74923431713
74923431434
74923430441
74924465244
74924463048
74924463686
74924469202
74924469797
74924468699
74842796508
74842798906
74842799098
74922366410
74912987893
74922366592
74922362474
74922362218
74922364861
74912988037
74922362405
74922362913
74852400599
74852405038
74852405701
74852404624
74852402486
74852401716
74852404694
74852403578
74912986667
74912982020
74912981888
74912984628
74964665363
74922219554
74912984647
74922211098
74922213277
74922213967
74922211038
74922217696
74872329717
74872329763
74872329589
74872329292
74872327998
74872336000
74872332465
74872331081
74912928496
74912923823
74872328282
74912928714
74912924896
74875366695
74875357998
74912929808
74875368890
74875358016
74912924041
74875366318
74932387920
74932381633
74932381851
74932384380
74932384791
74935141359
74932380735
74935145063
74935143125
74935141196
74935149345
74964619613
74955162900
74935142014
74955169388
74964679997
74955038252
74955036109
74964623396
74964674416
74964623167
74964614598
74964622394
74964616979
74964616667
74964619847
74955579041
74964616501
74955573206
74955569646
74955578502
74955568286
74955573378
74955575191
74955973053
74955419483
74955410356
74955414498
74955412796
74955416845
74955410301
74955413412
74955410002
74965361129
74965362842
74955968709
74955969181
74955971575
74955970780
74955971989
74955968829
74955970656
74955974547
74955973246
74967735155
74967730595
74967732957
74967733184
74967736820
74935425257
74967735439
74967730479
74935425101
74935421099
74935420341
74935421412
74935423024
74935423271
74935424264
74935425282
74935424232
74935423461
74935420424
74935421126
74935422458
74935420056
74935424423
74935421177
74935425267
74935424533
74912922410
74852407194
74872334340
74955417717
74967732003
74922365873
74852404316
74922361950
74935424065
74872329318
74955574012
74964616016
74852405238
74923423344
74955568927
74842790168
74852403547
74852406329
74875355500
74852405967
74967731248
74912929266
74912929262
74955987557
74923435177
74842510273
74955163737
74852404466
74872330094
74872330874
74875366626
74842521992
74964331947
74842797699
74922365055
74955160177
74964618221
74842589856
74935421088
74842521429
74842548022
74935424536
74852404610
74872330753
74842545217
74935420156
74932267965
74964616771
74822506440
74852380041
74922444120
74955039694
74852401227
74955037409
74964621443
74852533227
74852571177
74842526631
74842562260
74842521370
74842572582
74842579082
74842547825
74923442466
74923431618
74923435393
74923426728
74923431975
74923433438
74923436391
74923438503
74924468090
74842795959
74922366767
74924469507
74922364950
74912989914
74912985074
74924460271
74922366359
74922366379
74922362996
74922367067
74922361965
74852400174
74852404367
74852404491
74852402694
74852403379
74852405774
74852405240
74852400408
74852406263
74852405149
74852402260
74852400647
74852400360
74852404728
74852408047
74852406394
74852401063
74852405832
74852401615
74852401219
74852405061
74852404078
74852400886
74852400262
74922210164
74912985672
74912982423
74912987891
74912985674
74912988104
74912981521
74912986935
74912983482
74922214549
74922210681
74922212543
74922210141
74922215451
74922211418
74922214525
74872329169
74872329229
74872327967
74872328700
74872327913
74872329859
74872329392
74872334332
74872329726
74912923811
74872327935
74872330670
74872328071
74872329228
74912926809
74912927030
74912924177
74912923843
74912929790
74912928191
74912921341
74912928010
74912927686
74875365268
74875360335
74875349290
74875365099
74875360339
74875356086
74875367370
74875365795
74875349595
74875364443
74875358389
74932383453
74875364444
74932384543
74932381971
74932387743
74932385454
74932385615
74932384962
74932379679
74932385669
74932385547
74935146747
74935143273
74932383579
74935144707
74935142288
74935143682
74932380301
74935145873
74935146643
74935149118
74935147394
74935141176
74935148020
74935141368
74935144176
74955165001
74955166555
74955155758
74955152770
74955166117
74955152169
74955169148
74955158616
74955150495
74964671695
74955033371
74955037052
74955039745
74955030011
74955031484
74955038069
74964672135
74955033279
74964665748
74964665692
74964672889
74964621050
74964621333
74964621901
74964623212
74964623696
74964616363
74964622622
74964616844
74964618037
74964621174
74964615045
74955575169
74955573081
74955568887
74955569280
74955575763
74955577878
74955573232
74955568014
74955575392
74955569936
74955570266
74955580266
74955580077
74955569937
74955570237
74955568910
74955569219
74955569349
74955569664
74955975541
74955412176
74955415787
74955411544
74955412877
74955415740
74955412781
74965363701
74965360031
74965367212
74965367681
74965364308
74955970281
74955969664
74965365504
74955973166
74955974026
74967730828
74967735161
74967730480
74967731628
74955974052
74967730590
74967731828
74967732672
74935425114
74935420394
74967734940
74967732958
74967732759
74967732150
74967731184
74935422171
74935424336
74935423017
74935424268
74935423122
74935423382
74935422215
74935420392
74935425587
74935422535
74935420361
74935425466
74935422582
74935425181
74935423346
74935420374
74935425422
74935425490
74935425467
74852571277
74964162953
74842534599
74964166075
74964166013
74964139215
74964166362
74964141592
74964166807
74964143581
74964160890
74964161190
74964136737
74964137000
74964162372
74962461540
74962462436
74962460477
74962462385
74962461880
74962463461
74962462003
74962461709
74962461804
74962462202
74962460602
74955989736
74955984639
74955987368
74955994615
74955992183
74955990052
74955985963
74955988154
74955985374
74955987369
74965641622
74965640489
74965651389
74965644428
74965646130
74965652556
74986020031
74967396101
74965651368
74967395423
74967399919
74967396654
74967399050
74967396320
74967396823
74967399107
74967396655
74986021229
74986021788
74986022319
74986023293
74986023508
74986020972
74986022267
74986020333
74986020831
74986021182
74986022977
74986020520
74986020114
74986021808
74986022192
74986022536
74986022881
74986021038
74986020409
74986021989
74986022643
74986021818
74986020566
74986020065
74986020351
74986021986
74986020423
74986021793
74986020240
74986022301
74986023011
74986023202
74986020316
74986020982
74986020100
74986021298
74986022770
74986022144
74986021337
74986022749
74986022555
74986022924
74986020811
74986023162
74986022947
74986021859
74986022730
74986021113
74986022368
74986020083
74966186054
74986020221
74966185922
74966181783
74955519595
74966181347
74966180604
74966186346
74966186895
74966181151
74966189593
74966181180
74966186801
74966187172
74966185725
74966185579
74966185214
74966181716
74955528963
74955521475
74955526361
74955528605
74955529183
74955529018
74955529083
74955527822
74955529153
74955526987
74965721305
74955528046
74955522822
74955519606
74955522614
74955524524
74965726229
74984824596
74965725365
74984824350
74984825334
74984820353
74984825922
74984822622
74984825778
74984827950
74956354712
74956355591
74956355876
74956356135
74956355247
74956351613
74956352715
74956356470
74956351027
74956353654
74956351205
74956355366
74956358376
74956355000
74956357181
74956359799
74964336081
74964330827
74964333338
74964332234
74964333781
74964331512
74964332133
74964330705
74964331986
74964337913
74964334345
74964331939
74932346096
74932346902
74932351494
74932346140
74932345529
74932351857
74932351731
74932346086
74932346286
74932345929
74932268660
74932346040
74932268108
74932345832
74932264932
74932264341
74932267750
74932269650
74932269919
74932264121
74932268895
74932269890
74932266136
74932266432
74932264934
74932268887
74932264188
74932268793
74932269971
74932264100
74932268109
74932264079
74932268689
74932268310
74932269758
74932269883
74932269703
74932268079
74932269984
74932266470
74932269601
74932266460
74932264135
74932268737
74932269723
74932266079
74932266202
74932266163
74932268772
74932268512
74932264956
74932266067
74932269957
74932268774
74932268853
74932264523
74852381697
74852385565
74932264776
74852381511
74852383720
74822506316
74852386438
74822506444
74822506472
74822506356
74822508086
74822500398
74822504969
74822505656
74822507220
74822507231
74822506495
74822502280
74822501804
74822507211
74822506649
74822502636
74822506876
74852329094
74852322090
74852320275
74852329809
74852328160
74852324878
74852329448
74852321365
74852320644
74852320356
74852322178
74852321482
74852328422
74852326525
74852320434
74852327761
74852325177
74922449864
74852327983
74922453525
74922446014
74922454496
74922451614
74922440146
74922452501
74955150971
74922445583
74955031083
74964332256
74912921778
74956359424
74955038349
74852401350
74932346021
74852380010
74962461260
74842566666
74986022656
74922455330
74932266060
74965649040
74964166563
74967733633
74955580632
74962463218
74986020533
74964166861
74852408000
74955981598
74932346469
74932269932
74852329818
74986021367
74964140561
74955524288
74852406867
74932345516
74842790757
74965645123
74964162373
74956354413
74964331929
74955996624
74912922208
74955997139
74955525975
74935423423
74965641922
74956353042
74956355116
74842538245
74967397884
74984821421
74955579058
74875347714
74956351948
74956353181
74852328282
74956358443
74986022312
74842508365
74964147717
74932347490
74986020008
74956352502
74967731377
74955156539
74956356999
74822506698
74966188254
74932351846
74955573282
74922451475
74955987219
74852407003
74956353008
74986022596
74955995126
74912928930
74935143094
74956356406
74955973487
74923449914
74956358494
74932381822
74966182466
74965719815
74964141698
74872320498
74872322124
74852438636
74852446603
74842749563
74842718355
74842701154
74852551803
74842559596
74852562339
74842225769
74822333197
74852431823
74965735266
74872317792
74872316711
74922310929
74872325151
74872323364
74852460212
74852558014
74822344046
74822323234
74922323200
74852451411
74852550643
74822343728
74822346511
74822379492
74822320334
74822329555
74822353365
74822355308
74822333333
74822329270
74822333125
74822333511
74822321852
74822329390
74822345490
74822364057
74822348548
74872320420
74872478848
74965740120
74872323646
74922325015
74842568591
74965752703
74852429516
74852431922
74852553033
74852578838
74872316060
74852440320
74852470239
74842719465
74852574423
74852458016
74822368806
74912347023
74822360516
74822336820
74822332973
74822348731
74965746672
74965744000
74922323511
74872476097
74922326995
74922324559
74852480675
74822329866
74822341481
74872319106
74872312234
74872312821
74872304499
74872320580
74912350715
74912333136
74872305505
74872322471
74872304942
74872321726
74872325416
74912329540
74912360184
74912341551
74912347673
74822333646
74872325147
74872315090
74872323512
74872469560
74872478310
74912324164
74922400505
74922412281
74922405662
74842579019
74852554521
74842713922
74912353476
74955154044
74842715087
74842726463
74842714047
74987775676
74852566981
74842228389
74955158199
74842228784
74842228780
74964183100
74872452252
74912252757
74964171118
74842700637
74822344090
74965757332
74822366272
74842565118
74852552109
74922402440
74922408213
74922407197
74922402645
74955159145
74852442912
74955165119
74842575606
74922321910
74872306102
74872321226
74922327145
74852450837
74922342890
74912341661
74912368010
74912332392
74955156715
74955165085
74955166492
74955154246
74922408478
74955152511
74955165839
74955167009
74955152458
74842712508
74842703919
74822381835
74822320326
74842718687
74842717039
74842718122
74852490377
74842549189
74842705310
74872304572
74842714145
74842713915
74852459482
74822329301
74842718054
74852440251
74852487590
74842713979
74842701858
74842719949
74842721899
74822368650
74842741146
74842718208
74842569711
74852449755
74852459662
74822341368
74852458057
74852438015
74822321019
74842594001
74852553595
74842719487
74842747233
74842701191
74842713204
74842719221
74842702792
74842719223
74842740653
74852463647
74852429090
74852468339
74852440939
74852450175
74852465088
74852561534
74852530521
74852537805
74852562209
74852574832
74852540925
74852573083
74852565935
74842701947
74842571282
74822329563
74822320416
74822353310
74822329444
74872301722
74822325512
74822320753
74822331411
74822321003
74822381800
74822368966
74822364221
74822343986
74822358491
74822342313
74822358094
74822331709
74822353322
74822341864
74822336344
74822332619
74965737800
74922332312
74922335414
74922321820
74872316658
74922310022
74922334842
74872306161
74872301442
74872310027
74872304901
74872323898
74872321158
74922314155
74872306984
74872310515
74872321680
74872304707
74872320848
74872314416
74872323217
74872320568
74872323684
74872320640
74872318545
74872479320
74872325219
74872477918
74872502822
74872478561
74872501277
74872469883
74872470181
74872486815
74872484577
74872489029
74872473626
74872471917
74872486913
74872499886
74872478360
74842229085
74842221565
74842220222
74842220238
74842530226
74842548692
74842549936
74842535909
74842544421
74955712600
74955720133
74955741442
74955712315
74842713808
74955709744
74955733122
74955722017
74955718336
74955719273
74955713496
74955742673
74955742911
74955724310
74955707758
74964181894
74955727277
74955722772
74955726659
74955720333
74964172843
74964180153
74964183408
74842222713
74842228479
74842224958
74842225228
74842229290
74842220247
74842222639
74842229148
74842228679
74842228551
74842226209
74842220957
74842222040
74842229019
74842228935
74842229178
74842222611
74842228471
74842228704
74842228792
74842221964
74842221979
74842226698
74842228687
74842226045
74842228647
74842229050
74842228671
74842228853
74842228574
74842225068
74842229162
74842220708
74842222625
74842228575
74842227518
74987776383
74987777678
74987776024
74987776765
74987776710
74987776255
74987776700
74987775785
74987776707
74987777411
74987775053
74987770410
74987776958
74987775028
74987776305
74987775822
74987776625
74987776810
74987775343
74987775375
74987776618
74987775916
74987776562
74987775431
74987775188
74987777052
74987777326
74987777167
74987776112
74987775756
74987776685
74987775017
74987775456
74987777350
74987776815
74987775210
74987777610
74987777253
74987776292
74987776352
74987775866
74987776444
74987775136
74987775201
74987776975
74987776091
74987775283
74987775126
74987777641
74987775350
74987775783
74987775357
74987777314
74987776468
74987777016
74987777171
74987775180
74987775503
74987775409
74987776342
74987777030
74842550734
74842544488
74842527836
74842565434
74842564773
74842547555
74822526939
74822510988
74822532472
74822520660
74822537507
74822528896
74822515624
74822528919
74822514978
74822519949
74822534573
74822520087
74822516238
74822526842
74872459912
74872464057
74872464291
74872456390
74872464965
74872456464
74872464049
74872452465
74872456018
74872451369
74872453873
74872456846
74872455854
74872456327
74872464140
74872464045
74872464764
74872455428
74822452734
74822452472
74822453545
74822452338
74822453557
74822456077
74822443591
74822453808
74822452415
74822452085
74822445239
74822447297
74822452195
74822458309
74822443042
74822449157
74822440812
74822450247
74822453609
74822444486
74822452826
74822456608
74822458004
74822452131
74822453745
74822444762
74822443140
74822452209
74822453653
74822447492
74822453986
74822452695
74822452343
74872363774
74822453735
74822440233
74872371358
74872369487
74872373878
74872375551
74872367211
74872377376
74872373670
74872367653
74872362000
74872362489
74872376160
74872362103
74912265168
74912252448
74912254453
74912252744
74912259875
74912252729
74912256710
74912259383
74912253707
74912255726
74912255782
74912255351
74912256375
74912252049
74912252921
74912251622
74912258854
74912251641
74912253059
74912265146
74912258612
74912253421
74912252362
74912254093
74912252559
74912253895
74912258264
74912257324
74912265231
74912260002
74912254083
74842224930
74912257468
74842229001
74842228639
74842229182
74842220093
74842226959
74842228534
74842228442
74842222811
74842228715
74842229287
74842228798
74842229258
74842226165
74842228663
74842228959
74842228486
74842228953
74842222214
74842228690
74822440207
74842226596
74842221714
74842228508
74842224056
74842225889
74842226586
74842228783
74842228469
74842228912
74872301804
74912252929
74912349848
74955163603
74852542744
74842743402
74872477614
74842228824
74964176162
74822453950
74872367886
74822329452
74822329433
74872310153
74822320480
74842228793
74922324967
74822349165
74842228504
74987775221
74842228910
74842228419
74987775553
74842221904
74822452060
74872369409
74872452276
74842226155
74842222042
74842229041
74964188267
74842229250
74842228535
74842713632
74912252358
74842703921
74872321777
74955167165
74842730705
74987775242
74822449423
74822524410
74872363158
74852533313
74822452087
74872469857
74852451765
74912332414
74964178710
74842220565
74822510794
74822357241
74872322325
74852571375
74987776799
74987776410
74842224101
74964181510
74822452933
74912321307
74912265182
74842222851
74842229324
74912254720
74912252156
74912252264
74842228466
74852463798
74852539606
74965750771
74842731272
74842714201
74842719134
74842550586
74822360215
74872322809
74872469565
74955156694
74822358283
74852546089
74872321086
74965733220
74965736980
74872321063
74842222912
74987775572
74987775963
74964172288
74842228899
74964172920
74842560750
74842508370
74987776977
74987776065
74822537724
74822453500
74822448423
74822458327
74872464231
74822514229
74912252335
74912257539
74842220272
74912265058
74922324838
74922325544
74822446414
74994595016
74994589529
74994577558
74994595244
74994598295
74994570973
74994574739
74994582280
74994580762
74994571922
74994595752
74994589706
74994588217
74994590477
74994589702
74994579181
74994595511
74994578896
74994570176
74994586014
74994571058
74994590797
74994574060
74994581121
74994577291
74994581516
74994582750
74994579536
74994576957
74994574076
74994580538
74994587354
74994578652
74994588429
74994575228
74994598109
74994584489
74994589977
74994580174
74994572676
74994595378
74994589826
74994598596
74953493388
74953493700
74953499241
74953504012
74953491974
74953488443
74953500417
74953492705
74953489347
74953492743
74953489174
74953510976
74953495325
74953504896
74953489190
74953492820
74953490614
74953511591
74953500601
74953493468
74953502160
74953493274
74953498160
74953490307
74953492021
74953505572
74953500777
74953503381
74953504977
74953511560
74953500544
74953493948
74953492062
74953511361
74953507210
74953503971
74953511182
74953497015
74953491027
74953511804
74953495566
74953511362
74953508838
74953498820
74953490563
74953503380
74953510555
74953502289
74953500980
74953491613
74953500360
74953501111
74953504955
74953501022
74953489003
74953489022
74953504519
74953499165
74953500170
74953505329
74953510150
74953496500
74953488670
74953494771
74953490689
74953494403
74953500028
74953494542
74953511376
74953497984
74953496745
74953502401
74953501173
74953510344
74953504690
74953487340
74953487466
74953508342
74953351776
74953370132
74953350808
74953503176
74953494462
74953490245
74954519591
74954534439
74954556384
74954565431
74954560781
74953500113
74954526632
74954549577
74954562621
74994570207
74953495897
74953501465
74994590776
74953505224
74953499913
74954559204
74954553618
74954567462
74994573977
74994573897
74994574434
74954565203
74954557776
74954542257
74954557062
74954550129
74954523464
74954536362
74994587598
74994576393
74953503212
74953506723
74953503596
74953510013
74953489670
74953510185
74953497254
74954528627
74953495207
74994579188
74994581421
74994589314
74954564788
74994582606
74994578502
74994581797
74994587860
74994589387
74994570618
74994596907
74994589453
74994583591
74994579833
74994571616
74994583115
74994578850
74994578225
74994580260
74994588852
74994588634
74994584486
74994587307
74994583307
74994583190
74994588719
74994588560
74994580324
74994587517
74954530197
74954531189
74954537786
74994586729
74954568765
74954552218
74954544634
74954567401
74954519262
74954552813
74954559136
74954568614
74954525934
74954577304
74954559302
74954522525
74954549881
74954556686
74954546345
74842519370
74954541068
74954557913
74954548512
74954522625
74954566158
74954555264
74954548198
74954524359
74954567444
74954532571
74954523716
74954523978
74954525081
74954519483
74954540079
74954527610
74954567083
74954556158
74954536082
74954551070
74954547269
74954547765
74954557386
74954548001
74954567423
74954533451
74954520084
74954545526
74954543094
74954546843
74912290761
74954538428
74954521900
74954554376
74954552217
74954560149
74954521106
74954562335
74954534168
74954547321
74954519156
74987775191
74922323320
74954564793
74954552283
74954557202
74954532086
74954566140
74954554317
74954562476
74954559442
74953360288
74954559842
74954539372
74954543008
74954557412
74954554354
74954519864
74954563028
74954551734
74954526937
74954519078
74954521187
74954532969
74994587327
74954525149
74954546660
74954527090
74954537745
74994587259
74954549240
74954552133
74954558685
74954567708
74954545962
74994581124
74994585680
74994583072
74994581767
74994575031
74994595546
74994580132
74994579217
74994574917
74994582311
74994576065
74994580112
74994576501
74994595971
74994596731
74994590730
74994596946
74994571421
74994580511
74994586144
74994585055
74994574855
74994577546
74994584021
74994582407
74922404611
74955162119
74912368167
74953356395
74842704572
74994571830
74842744085
74994572137
74994570882
74987775263
74954555624
74987777421
74822380255
74842718541
74852485410
74922402305
74912761571
74842522943
74822452107
74842714135
74852534033
74842228819
74852445353
74964185068
74872322213
74872323895
74922326122
74872307935
74994588144
74852486500
74822454050
74955726183
74852487873
74842228956
74822344550
74852430006
74872480046
74872376339
74953488771
74872320459
74954564448
74842228685
74953509567
74852453633
74953370303
74842228545
74994583762
74872456666
74872311665
74842541595
74912768993
74822446296
74922411600
74953373676
74822329594
74994598143
74954536963
74987776919
74872469578
74822348457
74912768507
74955158358
74922322525
74852487281
74822329813
74842575629
74954530090
74953500646
74987777438
74822521746
74964181352
74872312764
74912255297
74922322839
74912255679
74872363480
74912330053
74842547094
74955164376
74852487400
74822449091
74822342471
74955700511
74842550406
74822354814
74842572212
74954538436
74912341444
74872311600
74954544481
74872459796
74842228484
74922312977
74842228874
74954520354
74852441625
74987776789
74852457395
74822326548
74852434180
74842714933
74953496353
74822526218
74994570228
74955703466
74842561464
74954538420
74842554399
74954551590
74842719282
74822450277
74953505164
74822343966
74912769986
74852436688
74872464485
74822331388
74842561925
74842551082
74872450095
74872470012
74987775411
74842220428
74852467277
74955741363
74872455444
74822346305
74987777487
74922326016
74842547816
74912265000
74922327339
74842557987
74912367979
74842579684
74842571132
74987777470
74842222417
74987777395
74822524866
74912259018
74954542977
74922340055
74842224532
74822442202
74965750542
74842222774
74872456204
74822380282
74955735311
74852552511
74912330407
74912348382
74852539475
74965761728
74912353324
74955708017
74987775937
74912253027
74872469529
74842719202
74822330232
74955733426
74852579772
74912259327
74842224629
74842541625
74842580803
74922327309
74987776462
74842555088
74822444662
74822444612
74964172730
74872301411
74822442464
74842228423
74842228436
74987776456
74852441328
74822329456
74912343198
74842548041
74872469583
74822524771
74954546850
74955727625
74842574919
74842229030
74872457488
74872312079
74954534155
74987775959
74955713007
74872313899
74822446540
74872456021
74922324465
74994584300
74872470030
74842701308
74872307093
74842576344
74822444013
74822360293
74872486694
74822533481
74987775607
74987776983
74822368006
74852554305
74872321447
74922329030
74987777414
74872307561
74965730914
74912922206
74872360241
74872323284
74822356050
74842701963
74912368867
74842721323
74872367053
74912330041
74822332621
74912350845
74842549585
74842589289
74822358353
74822345682
74852450487
74852545705
74852481165
74822347168
74852431902
74852437332
74852470880
74852449099
74852550544
74852566334
74852577920
74852552430
74822343970
74822369612
74822333514
74822325336
74822368397
74822328003
74822348202
74822320290
74822370142
74872306545
74842573043
74842713614
74965730234
74842573921
74842701552
74852538008
74872321601
74872306960
74852450506
74842578536
74922322645
74842719962
74922326502
74822332448
74822347452
74822347319
74822379367
74965753947
74852474057
74922333197
74922332800
74842539627
74922325756
74852490372
74872469646
74922335167
74922327781
74922328472
74922335647
74922322229
74872325457
74922336911
74872304954
74852438048
74872304175
74922348344
74872310283
74872305047
74922320147
74872312355
74852431904
74872307873
74872500553
74872324700
74872310115
74872306347
74912366332
74912359472
74912370626
74872323216
74872478593
74872304808
74912359988
74912345335
74912350682
74852484987
74872308110
74872321913
74872486419
74872324827
74872324931
74872471905
74872503086
74872486381
74912351682
74912326655
74912373100
74842718242
74955163414
74842721741
74872443939
74822443354
74842558011
74852455209
74872496601
74872321289
74922323058
74872471379
74922336018
74872314547
74955160277
74842724292
74872306469
74872305112
74912346138
74852490373
74842726914
74852431300
74852575747
74852453596
74822333069
74822355473
74842548078
74852574463
74842525858
74922338068
74872303104
74842523062
74852449819
74852457502
74872323161
74852474747
74852467437
74852468523
74852431928
74852445253
74852436435
74852458811
74842724227
74852450345
74852431847
74822320302
74852451698
74852481746
74842517718
74842740067
74842579955
74852479120
74842519946
74822345489
74842718562
74852442512
74842736384
74842747420
74842555535
74852433765
74852543554
74852547825
74852560963
74852579704
74852575710
74822360996
74822322285
74822332482
74822355676
74822322892
74872321653
74822360309
74822331422
74822360207
74822360972
74822347516
74822336984
74822331472
74822342274
74822329505
74822342543
74822341558
74822342615
74822349070
74822341393
74822368325
74822382045
74822353718
74872469554
74822359601
74822380461
74822336669
74822345017
74822336348
74822360953
74822320911
74822346355
74922328051
74872312099
74922324228
74872321189
74922326573
74922326439
74922329518
74922327217
74922348804
74922326279
74922323281
74922338587
74922322295
74922327154
74872323135
74872301328
74872323659
74872310003
74872321769
74872322716
74872318159
74872305717
74872312253
74872321128
74872320548
74872325004
74872306388
74872311354
74872303515
74872323166
74872317945
74872322252
74872312599
74872310079
74872312824
74872482340
74872469229
74872471799
74872468818
74872469832
74872478818
74872482494
74872469653
74872472576
74872469652
74872470314
74872502914
74872502560
74872485537
74872470080
74872471899
74872478805
74842574550
74842569279
74955721307
74955734644
74955704094
74955706891
74955727453
74955728202
74955727550
74912342880
74955709148
74955737373
74955713417
74955734688
74955741589
74955723548
74955725288
74964174971
74964183645
74964180969
74964189118
74964181519
74987776083
74987775517
74987775380
74987777348
74987776086
74987775845
74987775328
74987775229
74987776275
74987776393
74987775677
74987776517
74987777289
74987776405
74987777622
74987776917
74987776560
74987775704
74987776183
74987776196
74987776412
74987777037
74987775618
74987776317
74987776669
74987775546
74987775881
74987775307
74987777153
74987776825
74987776283
74987777687
74987775854
74987775799
74987775271
74987776550
74987777614
74987775373
74987775836
74987777146
74987775059
74987776136
74987775556
74987775564
74987777579
74987776895
74987775158
74987775717
74987775584
74987777686
74987775246
74987776971
74987777634
74987777598
74987776429
74987777021
74987775144
74987775493
74987776596
74987777340
74987776282
74987777067
74987776750
74842577200
74842538250
74842550121
74842510768
74842548402
74842509179
74822523536
74822514746
74822513304
74822527840
74822522390
74822520640
74822526409
74822523412
74822536265
74822526987
74822520907
74822520957
74822527352
74822526745
74822525095
74822513857
74822539146
74872456807
74872456678
74872456128
74872456500
74872456067
74822452185
74822453632
74822445013
74822445138
74822453998
74822453946
74822451818
74822453922
74822452889
74822453604
74822453650
74822452718
74822452929
74822451117
74872369429
74872365761
74872370621
74872360167
74872369749
74872372028
74872358697
74872369843
74872364251
74872363448
74872363429
74872367562
74872364642
74872377110
74912255540
74912253338
74912254619
74912250445
74912256696
74842228760
74912265085
74842228826
74852542693
74852457566
74822353394
74842592928
74822332656
74822368437
74872322827
74822516855
74872464101
74987775839
74842228476
74912373062
74922340956
74872364989
74922328935
74842562140
74872322918
74822336476
74842585132
74987775223
74872320559
74872319411
74822331375
74987777589
74987777385
74964172085
74987775202
74822333607
74822321949
74842226329
74822348879
74872377003
74872456859
74872453689
74872321052
74912350458
74872478763
74872478453
74955157037
74872478797
74872464961
74822528847
74872320598
74965743584
74872322218
74822321991
74852450369
74872312452
74922348660
74922340643
74822344774
74922333687
74872470127
74872312458
74872320925
74872320905
74955729855
74987777038
74842220993
74822452921
74912290507
74912267951
74912282279
74842226046
74912284876
74912281464
74912384134
74912270256
74912290389
74912290958
74912290746
74912290435
74912272400
74912285732
74912290618
74912288245
74912290725
74912290505
74912283613
74912287671
74912290728
74912287977
74912290749
74912278944
74912288289
74912281728
74912289209
74912276308
74912290005
74912272988
74912290464
74912272942
74912290744
74912290752
74912284075
74912279860
74912274923
74912290611
74912289334
74912290925
74912290164
74912290785
74912288942
74912278378
74912283957
74912271770
74912289092
74912290678
74912290695
74912270970
74912274917
74912286792
74912967632
74912962799
74912390561
74912965850
74912380188
74912387657
74912376378
74912376598
74912384689
74912387584
74912376660
74912960118
74912961575
74912965544
74912960117
74912960484
74912960005
74912960002
74912963210
74912962587
74912969032
74912962503
74912964707
74912921837
74912926790
74912927459
74912927377
74912926123
74912924646
74912926915
74912921913
74912927250
74912920605
74912926293
74912924904
74912927050
74912924684
74912923929
74912928600
74912922898
74912929805
74912446522
74912929801
74912923472
74912447907
74912446432
74912440819
74912443559
74912442728
74912447657
74912446276
74912442371
74912440991
74912440784
74912447538
74912441473
74912980218
74912984493
74912986515
74912988156
74912986710
74912985488
74912980608
74912981103
74912981385
74912982015
74912986337
74912988305
74912980226
74912445385
74852568300
74822342685
74872321418
74912984036
74987777078
74964173127
74822531998
74852553333
74842713924
74922323538
74822443027
74954554458
74852490370
74955732431
74872302200
74912986140
74842702009
74852490386
74912963221
74987775490
74987777337
74872323425
74912281718
74912270803
74912253292
74822368600
74987775589
74872315983
74822368809
74922331638
74955160304
74955702853
74872370282
74822364223
74912266613
74822331783
74822446470
74872372873
74842713382
74822322372
74955716175
74872456708
74922323426
74822330668
74822528404
74852557164
74955710019
74842229058
74955704377
74912920650
74822521436
74987776939
74912274789
74822520132
74872473212
74955740030
74842533393
74822379479
74912252631
74872471365
74912271047
74822447691
74872322234
74994578646
74955722000
74987776187
74842534267
74955740680
74912290556
74987775107
74912285011
74842553186
74954546176
74912282357
74872308455
74955716361
74912927673
74872362913
74822353960
74912345514
74842574487
74912252547
74822323472
74822521000
74912983019
74912288623
74822441142
74912360965
74872361127
74872320423
74822323512
74987777069
74912253953
74987777448
74912288848
74912960063
74987777605
74822329559
74912389320
74987777004
74987775567
74822520049
74912924950
74912985084
74842519724
74842532612
74872322469
74872322821
74912442586
74872321795
74987776489
74912350862
74912273910
74912330093
74912442564
74987775558
74955738665
74822347934
74872471197
74872471389
74872472034
74987775167
74912987947
74822452847
74912388787
74922324151
74822320387
74912446703
74842574859
74912283660
74842529601
74994571228
74842531221
74822353721
74872469879
74842575727
74987777616
74842573813
74912920516
74852436433
74912288864
74842588953
74994587157
74912313333
74842528023
74987777416
74822353177
74912927004
74955711603
74852552563
74912388938
74987775495
74954555022
74955712779
74912358929
74872324478
74912283753
74872486027
74852215474
74955032170
74965769477
74962148481
74852735265
74822515625
74964323518
74964320843
74872373545
74955166442
74852753498
74872456400
74955159531
74872366485
74843961673
74852744788
74962145375
74822510689
74852742827
74962148260
74955039063
74962145208
74852749682
74852200040
74962145473
74852725272
74843955393
74872456683
74852208128
74852205841
74852732725
74955037636
74872456529
74965763762
74843920900
74822531066
74852738642
74984825804
74843934315
74843945014
74955032403
74955159468
74852205086
74963431580
74872363638
74852736946
74852729168
74852726752
74852721808
74852764711
74852728954
74852720335
74852729173
74822514004
74822533307
74822528221
74822532403
74822523990
74822537726
74822514657
74872456663
74852206168
74852205730
74852206808
74872464278
74852209016
74852224421
74852218139
74852208317
74852201055
74852206504
74852206547
74852207281
74852205059
74852209062
74852208368
74852207014
74852204477
74852205116
74852211355
74852218180
74852211159
74872373270
74872362506
74965756922
74965755766
74843957753
74843928422
74843929241
74843935387
74843938112
74843944485
74843920673
74843949948
74965769553
74965744754
74965763891
74965753821
74965766163
74965765336
74965735627
74955156043
74955157699
74955162095
74955151838
74955152278
74955169072
74955154107
74955166626
74963433327
74963445910
74963433509
74963429749
74963436155
74955034320
74955033606
74955031129
74962592228
74955036673
74955035289
74955037555
74962595910
74955034563
74962590350
74962598587
74912510864
74912513854
74912513642
74912513521
74912510111
74875355556
74875356705
74875357618
74955570151
74912510666
74912511210
74912510343
74912513129
74912514643
74912514424
74912510432
74912511487
74912510415
74912513768
74912511177
74912510020
74912513040
74912510220
74912510940
74912512552
74912511512
74912510206
74912512777
74912513594
74912513435
74912510820
74912513904
74912514432
74912513845
74912510108
74912510910
74912512345
74912512571
74912511766
74912512007
74912511955
74912511304
74875362399
74875359580
74875362337
74875362117
74875361934
74875362404
74875359362
74875367667
74875366233
74875367561
74875368280
74875367446
74875367526
74875367498
74875367554
74875366287
74912928754
74912923058
74912921581
74912929476
74912925252
74912926251
74912927235
74912980575
74912981822
74873160488
74873159999
74873161717
74873165784
74873161338
74873159248
74873164526
74873165420
74873165995
74932379668
74873161970
74873161881
74873160744
74955575614
74955575649
74955569691
74955579097
74955578710
74955575385
74955573226
74955572118
74955569876
74955571688
74984829427
74984822539
74984820604
74984824204
74984822344
74932387923
74932386427
74932383766
74932381947
74932387453
74967938810
74967932679
74967936124
74967931098
74967930332
74967930224
74967938667
74967931877
74967934691
74967930124
74967930097
74967931646
74967936363
74967930429
74967931371
74967934134
74967936777
74967933907
74967932140
74912513842
74873161600
74872360165
74967936839
74852745452
74872461054
74852744061
74843955787
74912512225
74955580088
74955155723
74852749080
74912513732
74967933711
74967933059
74912510766
74852748970
74967932850
74852208138
74963438760
74852728200
74955573934
74984820722
74955167448
74912510387
74873161876
74822534701
74962597978
74852720101
74873161366
74955570711
74932384630
74852744072
74852727401
74955156108
74852210914
74955570719
74912512052
74852756770
74842221998
74924136955
74955163183
74923447269
74912202679
74967681220
74852207917
74872249982
74912202501
74852210775
74932234734
74924136899
74822452306
74923444432
74842228525
74967729393
74924123272
74872329396
74842509871
74924133766
74923420571
74923431009
74967722826
74912202746
74924136988
74923438550
74842511975
74967680148
74955162714
74852217313
74842575151
74923433126
74924128370
74924121635
74872331040
74852214505
74872245128
74842531869
74924131901
74852207526
74842529383
74842551639
74822446446
74924136796
74842551108
74872245152
74924136773
74912202870
74924122593
74872249894
74924136845
74842554610
74924121184
74842561974
74932230751
74822447723
74872249122
74912202749
74924130067
74924131011
74924136743
74924137346
74967724822
74852216128
74923422203
74924136884
74912203068
74912203029
74842221980
74912202656
74912200625
74912203073
74912202995
74912202664
74912202549
74872245855
74872246778
74872249969
74872247274
74852540767
74872329155
74872332164
74967724092
74842228796
74842226546
74842228449
74912752634
74955156198
74955168483
74852210017
74852212151
74852209187
74852201109
74852208135
74923433274
74923430118
74822456777
74822446772
74822449449
74932241201
74924136896
74924131532
74924132349
74924124430
74924136808
74924136712
74924139148
74924137412
74924136782
74842573297
74924136893
74932238004
74955156704
74842224017
74842587654
74912202046
74872329594
74912200923
74842228578
74924136912
74924134222
74872246700
74924137743
74955151004
74924131103
74924121370
74924126612
74924136989
74852542272
74842536970
74852541676
74842594701
74842531135
74852554062
74852532295
74852574590
74842551651
74842565942
74852577199
74842575155
74852561390
74852563702
74852564545
74852546951
74852547069
74852531689
74852556117
74852577919
74852549364
74852530766
74852550493
74852550157
74852554274
74852540855
74852531714
74852564613
74852551385
74852560117
74852570376
74852561146
74852569436
74852552133
74852537202
74852552913
74842550128
74852554604
74842574491
74842573979
74842559365
74842563749
74842531039
74842576306
74842544616
74842574251
74842564116
74842573313
74842576826
74842593340
74842550752
74842512278
74842547030
74842533293
74842578578
74842562270
74842559675
74842591052
74842507737
74842548205
74842550689
74842511512
74842587146
74842588282
74842576077
74842562752
74842562018
74842507841
74842564543
74842535507
74842588355
74842562005
74842539997
74842548530
74842571300
74842561869
74842554335
74842532340
74842546993
74842555555
74842585313
74842590398
74842574849
74842548222
74842550591
74842594990
74842578597
74842575848
74842552121
74842550221
74842583068
74842531787
74842570011
74842538280
74842571346
74842536779
74842570811
74842550154
74852540838
74852577832
74842554450
74872249960
74912203058
74872248381
74872245229
74872249835
74872249126
74872249876
74872249919
74872247962
74872245376
74872249866
74872245000
74872249868
74872248351
74872248352
74872246208
74872245251
74872245220
74872245172
74872245109
74872245105
74872248399
74872245244
74872245392
74872249445
74872247898
74872249110
74872245234
74872249974
74872245261
74872330745
74872245373
74872249931
74872335213
74872330044
74872245323
74872249858
74872335684
74872332230
74872332917
74872329799
74872330600
74872333496
74872327909
74872330685
74872327940
74872328250
74872329803
74872329840
74872330156
74872335231
74872330238
74872333657
74872329237
74872329500
74872329231
74872329767
74872328053
74872329572
74967723723
74967724187
74967726412
74967721888
74967728481
74967725732
74967727723
74912763064
74967728648
74967723414
74967726268
74912761439
74967725974
74967721819
74967724990
74967723471
74967725943
74967721444
74967721612
74967726233
74967723870
74967722885
74967724067
74912762729
74912767788
74912762747
74912767301
74912767844
74912760010
74912764784
74912753689
74912750532
74912764697
74912761705
74912761256
74912765640
74912757855
74912766400
74912761955
74912759977
74912768456
74912754345
74912768290
74912769825
74912765203
74912763563
74912764472
74912754473
74912758549
74912754584
74912754721
74912767202
74912760103
74912765187
74912768573
74912757735
74912759909
74912763789
74912763953
74912750712
74912766397
74912767627
74912753083
74912754565
74912757152
74912767123
74912759950
74912767103
74912769886
74912753529
74912763665
74912753329
74912761631
74912761509
74912760026
74912765202
74912752985
74955154561
74955154185
74955164664
74955164360
74955154908
74955153087
74955164208
74955159050
74955158773
74955152195
74955164286
74955169429
74955166643
74955158231
74955159300
74955160879
74955153823
74955158195
74955165173
74955168054
74955160552
74955168793
74955161011
74955154915
74955161806
74955150632
74955164694
74955154278
74955165782
74955154328
74955165460
74955159765
74955169978
74955159341
74955158037
74955163569
74955155498
74955160474
74955160219
74955154765
74955166511
74955161073
74955168085
74955166579
74955154711
74852206554
74955160983
74955166859
74955153418
74852218994
74955168630
74955168240
74852208009
74852204241
74955164517
74852209273
74852209412
74852206073
74852207218
74852209172
74852206360
74852206157
74852200143
74852211289
74852206063
74852211405
74852219272
74852206877
74852207632
74852213584
74852219714
74852211243
74852209230
74852208910
74852222070
74852201149
74852205006
74852206573
74852215263
74852200664
74852205722
74852206335
74852207161
74852201130
74852210764
74852222157
74852205900
74852228139
74852207061
74852224461
74852216555
74852208429
74852208329
74852207545
74852206382
74852219000
74852200939
74852228370
74852210484
74852215733
74852214366
74852216798
74852218474
74852220120
74852212244
74852216768
74852209153
74852209182
74852224457
74852212836
74852209160
74852208154
74852206019
74852206494
74852207009
74852207267
74852216667
74852212222
74852217388
74852209129
74852211994
74852206011
74852208646
74852205655
74852206361
74852205732
74852205834
74852218016
74852206363
74852222168
74852209211
74852208071
74852206454
74852206015
74852214685
74852201008
74852206856
74852208418
74852207687
74852206173
74852205344
74852205064
74852205667
74852217553
74852218696
74852205845
74852224401
74923421204
74852209228
74852209253
74852224498
74852206362
74852209178
74923424206
74923434780
74923430503
74923422076
74923423098
74923434912
74923440800
74923449390
74923423618
74923421229
74923443159
74923431980
74923421790
74923431927
74923430181
74923447620
74923433575
74923432932
74923440116
74923422577
74923433371
74923436384
74923432389
74923436569
74923430262
74923431410
74923432209
74923420411
74923432212
74923429356
74923420200
74923435514
74923434583
74923438938
74923432592
74923424803
74923448707
74923433335
74923442879
74923426532
74923436737
74923422585
74923436352
74923440107
74923448897
74923431040
74923431846
74923442145
74923440379
74923426154
74923433596
74923433640
74923435581
74923436171
74923433874
74923421162
74923436755
74923431057
74923426383
74923436081
74923435772
74923436248
74923422208
74923434449
74923422795
74923432972
74923430835
74923421044
74923449931
74923432103
74923433972
74923430346
74923433327
74923427104
74923422382
74923433154
74923435635
74923421190
74923433121
74923434647
74923444922
74822454088
74822457161
74822448115
74822452743
74822453617
74822453714
74822453544
74822453579
74822442891
74822449261
74822444206
74822452352
74822452134
74822452149
74822444242
74822447473
74822453748
74822450729
74822449435
74822456969
74822453676
74822458025
74822448591
74822451953
74822453688
74822452356
74822452318
74822456040
74822444764
74822446122
74822453701
74822450136
74822452495
74822445727
74822450272
74822453528
74822452433
74822452709
74822441644
74822446739
74822452045
74822453898
74822440242
74822451777
74822453698
74822453567
74822452230
74822447592
74822452011
74822440222
74822452287
74822452839
74822457194
74822452761
74822452258
74822445541
74822453938
74822453612
74822441244
74822440308
74822452935
74822449232
74822452320
74822451331
74822442365
74822446156
74822452465
74822443118
74822448768
74822442804
74822453566
74822442112
74822452478
74822452333
74822452705
74822444019
74822446148
74822452530
74822452355
74822442537
74822444982
74822452517
74822452737
74932240870
74932230894
74932236553
74932235460
74932235317
74932235730
74932230584
74932238483
74932236610
74932234026
74932240049
74932231827
74932233574
74932237287
74924137337
74932236249
74932236085
74932242154
74932231969
74932234888
74932236224
74932237868
74932241222
74932232657
74924136849
74924130043
74924124572
74924136871
74924128314
74924121964
74924136639
74924136794
74924123221
74924136781
74924134496
74924128464
74924138720
74924135595
74924126762
74924138025
74924123158
74924136950
74924136797
74924124357
74924136726
74924136778
74924136973
74924136703
74924130056
74924130054
74924136702
74924136898
74924123442
74924120549
74924132370
74924123380
74924123327
74924125767
74924136817
74924130503
74924136940
74924137384
74924136951
74924130261
74924136774
74924127521
74924132656
74924121603
74924136195
74924136751
74924136753
74924129593
74924133103
74924120816
74924130290
74924133205
74924120572
74924136848
74924126234
74924136806
74924136742
74924136833
74924138203
74924128602
74924136993
74924136881
74924137725
74924130955
74924130300
74924126608
74924128491
74924136992
74924132711
74924126844
74924136843
74924131610
74924132158
74924135699
74924136875
74924136819
74924136885
74924136811
74924136856
74924135585
74924136795
74924136958
74924136855
74924137344
74924136909
74924125230
74924136925
74924134757
74924136700
74924137413
74924136877
74924130434
74924139193
74924136716
74924136760
74924136717
74924136829
74924136721
74924121246
74924130929
74924123856
74924136924
74924125869
74924120291
74924136816
74924128655
74924136793
74924136931
74924136730
74924136892
74924136996
74924136727
74924137387
74924131753
74924136582
74924136844
74924130794
74924136807
74924134438
74924123434
74924136943
74924133939
74924136732
74924130254
74924123521
74924120870
74924136826
74924135444
74924136798
74924128550
74924133451
74924134300
74924126384
74924136933
74924120976
74924136809
74924121669
74924138747
74924121665
74924121430
74924121921
74924136827
74924135676
74924120509
74924136755
74924132355
74924122676
74924134466
74924134378
74924136837
74924126296
74924138767
74924135965
74924122582
74924126881
74924133377
74924135609
74924136770
74924136999
74924127209
74924136835
74924136733
74924123883
74924137383
74924135106
74924136995
74924136964
74924126584
74924133299
74924136787
74924137309
74924132788
74924128612
74924122603
74924136777
74924122607
74924122689
74924128429
74924136255
74924136804
74924122283
74924132752
74924136888
74924136905
74924133307
74924136847
74924133322
74924130445
74924136957
74924130088
74924136785
74924136864
74924135026
74924136745
74924136701
74924123078
74924120264
74924126866
74924131176
74924136775
74924128521
74924136720
74924137714
74924123546
74924131132
74924134457
74924121895
74924136986
74924135755
74924125774
74924123283
74924136934
74924136704
74924134958
74924125715
74924138791
74924136802
74924139188
74924136739
74924138153
74924126278
74924128235
74924127364
74924136813
74924131492
74924122485
74924138722
74924136980
74924121771
74924125163
74924136913
74924134309
74924137274
74924136894
74924136870
74924130408
74924133201
74924137486
74924136935
74924122274
74924136741
74924136976
74924136776
74924122403
74924135216
74924136895
74924126814
74924138008
74924136792
74924124233
74924132596
74924138080
74924130590
74924127035
74924137365
74924122253
74924122250
74924121811
74924138929
74924129832
74924135850
74924128342
74924132689
74924139122
74924125654
74924136723
74924138224
74924136936
74924129691
74924126651
74924132800
74924136838
74924136815
74924136922
74924127621
74924131028
74924127962
74924137712
74924134426
74912751261
74872249949
74822443696
74912202639
74842508800
74923420212
74923435376
74872249046
74912755660
74912754864
74924130677
74912202796
74923443362
74852206958
74852211966
74924128604
74924125828
74842562289
74912764498
74923421905
74967724360
74872330914
74852209031
74822442406
74912764762
74872245319
74924136814
74842533169
74822444545
74924136942
74822448751
74872329239
74822440820
74923421482
74872245001
74923442495
74924136708
74852224467
74924133912
74923441101
74822448995
74923422324
74852206333
74924121516
74923432323
74923431741
74842569580
74924133394
74923432664
74955150190
74822440646
74924134120
74924135112
74872247050
74852200343
74923431452
74872249111
74923424882
74842550209
74852210544
74923444200
74932231947
74842539022
74822453775
74852530305
74842549880
74924120472
74852208707
74842583333
74924131533
74924121663
74842574860
74842561026
74955152909
74923420611
74924136969
74872247036
74842571412
74852207788
74842531252
74842573754
74924125477
74822444983
74842594743
74924128136
74924124606
74842533899
74924121472
74924135544
74924123460
74923444070
74924130201
74842552093
74923432864
74924126541
74822452101
74924134416
74924130471
74872329340
74842510873
74872333803
74967724105
74842582312
74924120934
74932236123
74822448598
74852222150
74912765662
74924121840
74842557160
74822442601
74842563643
74852214923
74924121581
74822446151
74923420387
74924127769
74967727213
74912767586
74842576559
74852559877
74923433080
74852540550
74924125951
74912760014
74872329230
74842565971
74923444850
74822444401
74852218009
74852207045
74923433125
74842578338
74842586046
74923446090
74923422818
74912761583
74923422140
74924134436
74822447390
74924137718
74842586364
74852200363
74842581364
74852208222
74842584431
74842593472
74822452202
74912759725
74924136850
74955153006
74852210331
74842593167
74923430858
74822442244
74852206042
74955158442
74924130988
74842582381
74842520169
74852560671
74924130621
74912762027
74924130245
74852206124
74924131744
74924123693
74912766512
74912761620
74924136952
74912759657
74924134389
74852404022
74842579537
74924123623
74852408066
74955152983
74852541125
74842510767
74852566005
74842549418
74852571928
74852531086
74852559255
74852530545
74852576737
74852571453
74852559818
74842550939
74842576269
74842517216
74842531272
74842571350
74842548333
74842581633
74842574968
74842513632
74842588669
74842535685
74842550058
74842558181
74842553782
74842574899
74955158946
74912760718
74912762695
74852205340
74852208354
74852214556
74923431416
74923420868
74923426035
74923444480
74923433502
74923432297
74923433597
74923433953
74923430429
74923442374
74923432914
74923442014
74923439324
74923431321
74923433595
74923423683
74923423101
74923436380
74923420626
74923447898
74923423984
74923432893
74923446856
74924121766
74924136831
74924138067
74924136997
74924125529
74924125214
74924136953
74924123714
74924126910
74924124440
74924136979
74924136757
74924136740
74924128476
74924136834
74924134818
74924136947
74924136779
74924123557
74924136731
74924122840
74924125555
74924130975
74924136790
74924123261
74924139884
74924123698
74924122902
74924136865
74924136853
74924120817
74924136752
74924123010
74924135707
74924129005
74924120778
74924132873
74924136256
74924139090
74924131010
74924462339
74842799937
74924461077
74842795637
74924460014
74924469772
74924464293
74924465119
74924464022
74924461718
74924461723
74924465078
74924463827
74924463567
74822743338
74822744010
74822744572
74842795472
74842794712
74842792068
74842798042
74912988153
74842792329
74842794396
74842799924
74912988218
74912983436
74822743543
74822745287
74822744281
74822744007
74822747032
74822745059
74822742153
74822743541
74822746912
74922365527
74922366491
74922366345
74922363807
74922362501
74922366394
74922367022
74922366354
74922366954
74922365067
74922363657
74922366022
74922361141
74922362301
74922361949
74922361118
74922363884
74922361380
74922361928
74852404696
74852401620
74852401272
74852403777
74852400329
74852404835
74852400307
74852400049
74852401841
74852401592
74852402284
74852401846
74852404439
74852404870
74852403685
74852403397
74852406062
74852400338
74852405048
74852401125
74852402178
74852405873
74852406103
74852402409
74852404937
74852402545
74852406956
74852408237
74852402215
74852403507
74852407632
74852406240
74852404671
74852407153
74852404745
74852401876
74912980990
74852406043
74912988125
74912983950
74912982842
74912984341
74912983501
74912985448
74912987001
74912987895
74912984963
74964679886
74922212532
74922216923
74922215926
74872329282
74922213344
74922219303
74922216286
74922214744
74922216205
74922216581
74922210775
74872329882
74922214763
74872334556
74872328401
74872330710
74872331011
74872329748
74872329820
74872327920
74872331493
74872327914
74872330070
74872327978
74872332409
74872329769
74912929802
74872327990
74912923279
74912924009
74912922796
74912922733
74912920227
74912929152
74912924032
74912926984
74912924608
74875347332
74875365663
74875351129
74875349317
74875349498
74875348918
74875364896
74875347701
74875356196
74875351133
74875357657
74922263071
74922260667
74922264316
74922260600
74922260801
74922264117
74922260753
74922260584
74922263909
74922260232
74922261983
74922262050
74922261450
74922262392
74922260231
74922263330
74922260216
74922262152
74932385737
74932380430
74932379683
74932383598
74932384106
74932385912
74932387028
74932383190
74932384469
74932379678
74932383619
74932388797
74932386751
74935148118
74932384220
74935142729
74935141744
74935141575
74935141364
74935142137
74935141121
74935143103
74935149290
74922423219
74935141920
74922423115
74922423156
74922420524
74922420972
74922420648
74922426430
74922422706
74922425102
74922423180
74922423143
74922420481
74922423158
74922425058
74922420324
74922422051
74922425028
74922423314
74922423107
74922425103
74922423368
74935129700
74935132339
74935131652
74935131319
74935132953
74935130194
74935133999
74935131595
74935130143
74935131901
74935132355
74935131715
74935133842
74935130637
74935128307
74935131555
74935132288
74935131612
74935130625
74923269663
74935130641
74935132121
74935130518
74935130993
74935133494
74923267912
74923269426
74923264925
74923264702
74923263275
74923269344
74923267406
74923264899
74923269882
74923263450
74923269688
74923269845
74923266977
74923269881
74923265001
74923269751
74923266825
74923265678
74923269707
74923265977
74923264499
74923269799
74923263061
74923267335
74955157254
74923262997
74923269644
74923262908
74923269883
74923269627
74955163660
74955160657
74955152569
74955169214
74955165003
74955160538
74955161884
74955158804
74955034032
74955031353
74955033153
74955032534
74955037700
74955032070
74955030140
74955033774
74955030907
74955031000
74955038882
74964666811
74964672525
74964668417
74964679710
74964679271
74964678346
74964665476
74964669397
74964679966
74964671746
74964667128
74964669943
74964673111
74964678420
74964672169
74964670872
74964665370
74964670441
74964673330
74965368680
74965367174
74964615217
74964622030
74964621952
74964620145
74964617592
74964620449
74964623235
74964621796
74964610393
74964617711
74964616868
74964623616
74964612130
74964621654
74964621044
74964610125
74964622255
74964613405
74955579032
74955569106
74955568365
74955573384
74964623345
74955411498
74955569867
74955570751
74955572397
74955575636
74955580344
74955568708
74955574526
74955571625
74955569860
74955576907
74955568389
74955568972
74955572372
74955570211
74955569153
74955571143
74955568866
74955579001
74955569001
74955569194
74955580007
74955577406
74955413890
74955415004
74955419555
74955417085
74955416726
74955418531
74955415276
74955569669
74955415821
74955412277
74955410003
74955414010
74955414226
74955411410
74955414608
74955411477
74955414098
74955412187
74965364902
74965362997
74965360514
74965363869
74965366462
74965362384
74955974631
74955968458
74955975523
74955974477
74955974053
74955968818
74955974456
74955970343
74955974899
74955970138
74955974671
74955973148
74955968238
74955973274
74955970213
74955975542
74955972593
74967732889
74967733139
74967734592
74967730898
74967731181
74967731911
74967731952
74967730938
74967730299
74967734128
74967732470
74967732570
74967733601
74967730201
74967731934
74967732920
74967732519
74935425716
74935425721
74935424361
74935424030
74935422044
74935423289
74935424256
74935420055
74935420081
74935425104
74935423564
74935424698
74935425670
74935422204
74935425569
74935421148
74935422376
74935422577
74935424496
74935425028
74935421867
74935422346
74935421507
74935423374
74935420510
74935421020
74935423559
74935423654
74935426127
74935422367
74935422426
74935422596
74935424476
74923265006
74935420299
74922260498
74922215781
74852550402
74935420053
74935423027
74922213441
74955414611
74923265707
74932383811
74964665427
74955411380
74935142231
74964613006
74967732123
74852400517
74923442795
74852400961
74964617755
74922425397
74955970134
74912984516
74924127523
74852404709
74955569161
74842791350
74955412690
74955576476
74852404242
74935424656
74822743518
74852401922
74875362282
74852579179
74924121630
74852403682
74842791470
74842546354
74922264390
74924126213
74935420042
74967735760
74923269801
74924124242
74842556685
74924136883
74965369843
74924136987
74955163249
74955035018
74842520814
74955158292
74924462473
74932387479
74964611460
74852214241
74955415338
74923422069
74935422272
74924123598
74924462688
74924136974
74955573264
74852217943
74842531468
74842544444
74965754922
74843958511
74843952554
74843964262
74843939614
74842592325
74842583615
74965754327
74842550334
74842512035
74842593768
74842570212
74842530780
74842538338
74842551522
74842507832
74842510905
74842547020
74842547244
74842533141
74842539602
74842507711
74842575058
74842574379
74842578275
74922530378
74842542172
74922541910
74842515297
74842563947
74842572992
74922530280
74922544473
74922532428
74922532602
74922543326
74922532829
74922532856
74922532510
74922543680
74922533703
74922536820
74922549224
74922540971
74922531570
74922542992
74922542283
74922532578
74922548289
74922541703
74922531241
74965736685
74965746759
74965746522
74965755915
74965763966
74965730834
74965749334
74843966387
74843968029
74843950515
74843937191
74843933061
74843949098
74843962029
74843952853
74843940044
74843952931
74843967125
74843923736
74843934482
74843963488
74843966925
74843969644
74843937064
74965753218
74965765032
74965739244
74965766622
74965737266
74965759549
74965746661
74965749122
74965753455
74965736032
74843929486
74842591015
74843930780
74965764754
74965730320
74842576053
74843928921
74965746604
74843954265
74842578259
74843967421
74842563190
74965746747
74842548450
74842533003
74843922113
74842576141
74965755555
74843920302
74843942611
74843957112
74922536984
74842591692
74965742369
74843921784
74965743024
74965764291
74843922578
74965758177
74965764025
74922533910
74965758227
74843942500
74965760205
74965753410
74843922062
74842528667
74842591889
74922531062
74922536644
74922522552
74922533327
74922535028
74922544506
74922532132
74922534300
74922539489
74922524173
74965765709
74965763984
74965746528
74965762511
74965751928
74965762111
74965753306
74965732504
74965743590
74965759397
74965749301
74965742292
74843958380
74843933800
74843931561
74843948904
74843952731
74843963523
74843969889
74843928993
74843953301
74843961191
74843952788
74843937749
74843935172
74843957319
74843922386
74843952979
74843960241
74843934707
74965733358
74965753152
74965762070
74965745897
74965765656
74965754462
74965742127
74965735053
74965756170
74965753337
74965745888
74965750543
74843936012
74843928829
74843948701
74843929004
74843959288
74965750864
74922524114
74965742982
74843966691
74843968080
74843922105
74965763773
74965735077
74843960256
74843952121
74843957282
74843959548
74843944833
74843933117
74843949775
74965758339
74965730609
74965759222
74994590774
74994589233
74964166332
74953305719
74843968792
74955196577
74852328044
74912513574
74912266388
74872461770
74922262551
74932410149
74852445375
74932427851
74964623890
74967725667
74965633189
74955573055
74932548849
74922344498
74822565888
74932308317
74932304802
74932306605
74932414454
74955191180
74955542270
74965764941
74953490032
74955542474
74932551942
74955554848
74822342118
74842562178
74922360980
74953511797
74922386189
74872456563
74953500711
74955971098
74822368593
74932304611
74955553105
74852328005
74932429495
74954535481
74912510044
74955623463
74955544125
74953355618
74967731928
74842565105
74955555618
74822452903
74955299251
74912289531
74953819653
74953882102
74825197126
74822553260
74954530105
74932370202
74964153043
74852579747
74966155966
74965745588
74966163245
74955767553
74955280002
74932552400
74953504985
74953873421
74953504910
74962246370
74953885588
74954554575
74955519045
74912511103
74912333501
74852322756
74843964442
74955559118
74825198849
74912290934
74842578185
74932528987
74955580177
74912448395
74954088177
74954088218
74955570564
74955934265
74922450397
74967750021
74822582800
74955196871
74955580959
74964142575
74922444553
74967720116
74922456440
74923247103
74967728647
74822559123
74922540315
74822586968
74932565175
74967755556
74953304022
74955776076
74922323030
74994583323
74964114214
74842508371
74912274929
74922260406
74922452701
74955196862
74955198279
74822349474
74822347534
74822345375
74922450795
74962223490
74842589247
74822369660
74912332707
74822355683
74842562806
74822370080
74822388323
74822357052
74822320187
74822336301
74922381208
74842512932
74964113558
74932530629
74922323861
74822563984
74922533977
74922542391
74932417036
74932411940
74955714402
74932301416
74932300922
74955732570
74932413913
74932425513
74994588684
74932238416
74953818323
74922366716
74955529306
74954530239
74922530482
74922450186
74953371206
74932373333
74953300819
74822445443
74964331049
74842569075
74932566377
74955770055
74932299959
74964678939
74967726460
74967726548
74932310984
74912289417
74872456864
74852725420
74955151226
74852722866
74964616317
74922383769
74955817587
74932427672
74922451457
74955812088
74822743835
74922264329
74822364146
74954520184
74922449866
74954549622
74955988490
74954539906
74912514477
74932411578
74965750188
74965651298
74955769875
74955540305
74955725522
74932412609
74953494191
74964125671
74922545322
74953885980
74922261672
74955736710
74822528276
74822553225
74932372435
74822747163
74954560740
74964618156
74953873612
74932425183
74842570036
74964323931
74955256156
74825199028
74955772019
74842561290
74954530880
74955524771
74962146039
74822522500
74842512097
74955832478
74955577298
74965367870
74955987339
74842794999
74872456714
74822368360
74923240037
74912288905
74967732988
74912510039
74967755245
74852541890
74922381511
74922327422
74932345831
74955932724
74955241767
74964622596
74965636429
74955233431
74922333126
74923235750
74955770357
74955568020
74955211501
74966157800
74955721011
74994571246
74822342638
74922450380
74822336976
74932429697
74932308974
74955727273
74852570101
74912274707
74912350722
74912290786
74953511621
74932301726
74964322242
74912358702
74872360841
74842584829
74912348941
74964163532
74932374074
74955526842
74932417695
74932419033
74954521780
74912514511
74842794336
74955559062
74955557055
74955198256
74955199632
74922445233
74922458996
74922451426
74922448602
74922450479
74962241950
74955571566
74922361018
74922386019
74964121404
74964124700
74964131885
74932569399
74932528500
74922310307
74922535769
74932300187
74932310402
74932310989
74932303896
74932298862
74955738301
74932412184
74923234372
74932533462
74822321327
74922386997
74923240497
74873160475
74825198686
74955254460
74912390687
74912270300
74842515030
74954084711
74822562957
74842568688
74955760133
74955775332
74822336907
74932415528
74964127391
74932426012
74922535746
74962226298
74955559080
74955978221
74923227272
74955547143
74955548795
74932295748
74932380218
74912267239
74923235343
74922535647
74923237101
74962232727
74932538127
74955552557
74822554825
62290053902
13426971394
78250855021
79656036531
50460142729
77274800447
10544086279
40702810800
30101810800
11250010008
50430671235
46709000000
10977468197
71050016193
10476000004
40702810403
30101810100
50100400540
50100297276
50100164090
46411000000
50100240640
50100181426
50100318744
50100053520
12345678888
50500963192
10850110004
46252501000
10950270003
10550051091
40702810400
30101810600
50180381379
40702810917
30101810000
74822452136
74967699874
74967696632
74964123644
74964127841
74822452647
74967691809
74822444409
74914145303
74914146312
74914145592
74875460954
74875460135
74955419587
74964116965
74822446929
74967699483
74964126040
74964115538
74964114722
74964127060
74964120419
74964122311
74822453560
74967695533
74967697027
74967699679
74967697438
74967695696
74967699650
74967699078
74967690931
74967697461
74967689288
74967699872
74822448254
74822452428
74822444202
74822452086
74822453768
74822453526
74822452669
74967695176
74967692020
74822443415
74967696251
74967699366
74822452110
74822457373
74822452475
74822452860
74822452084
74822446596
74822448848
74822453800
74822453504
74822446188
74822444157
74822452082
74822451261
74822453620
74822443403
74822452560
74822448703
74822452477
74822452494
74822452326
74822452673
74822445365
74822446054
74822452350
74822445308
74964119020
74822453603
74822452314
74822448570
74964110026
74964116024
74964115734
74964115479
74964114464
74964125158
74964127510
74964116457
74964116768
74964127011
74964114935
74964126563
74964111274
74964131058
74964131068
74964114707
74964121555
74964122044
74964110027
74964116313
74964120164
74964110223
74964120141
74964123625
74964121977
74964114543
74964116900
74964118914
74964126476
74964113485
74964118033
74964124723
74964127355
74964116227
74964121634
74964116277
74964121042
74964131059
74964123415
74964113945
74964124725
74964120759
74875467485
74914145298
74914145213
74914145475
74914145019
74914145945
74914145187
74914145702
74914146310
74914142511
74914145765
74914145232
74914145512
74914145895
74914145118
74875460951
74914146609
74875464465
74875462182
74875467403
74875462654
74875462000
74875463557
74875464724
74875460865
74875464474
74875462636
74875460264
74875463765
74875464280
74875460909
74875460815
74875460883
74875460692
74875466286
74875462286
74875465999
74875462877
74875460849
74875464058
74875463322
74875466868
74875465083
74875462072
74875462391
74875466000
74875462217
74875460803
74875460155
74875465028
74875462973
74875460950
74875460952
74875467249
74875462863
74875460487
74875461743
74875462175
74875463467
74875462204
74875461679
74875463301
74912283946
74912285643
74912290979
74912280989
74912267446
74912288956
74912274111
74912282901
74912288874
74912290033
74912267201
74912280556
74912272711
74912276337
74912283783
74912270502
74912283113
74912290028
74912276864
74912284403
74912290145
74912289142
74912281025
74912288813
74912286205
74912279267
74912290421
74912272244
74912290936
74912290646
74912289121
74912274866
74912270561
74912276157
74912280480
74912287687
74912290244
74912274598
74912291963
74912267108
74912283895
74912281344
74912290086
74912266456
74912969298
74912965121
74912966235
74912963796
74912960286
74912960366
74912969926
74912960879
74912963417
74912966305
74912961370
74912966340
74912962108
74912969969
74912961624
74912960460
74912960200
74912967460
74912967969
74912960003
74912960108
74914145282
74914141858
74914145490
74914143875
74914145096
74912963583
74914145149
74914145694
74914143846
74914145305
74914146302
74914146230
74914143171
74914145693
74914145476
74914142913
74914145504
74914141717
74914145160
74914145375
74914145246
74914145143
74914145466
74914142343
74914145288
74922431083
74922431742
74922430071
74922432004
74922431533
74914143358
74914143353
74922430049
74922430145
74914145304
74914145215
74914145640
74922431152
74922431313
74922432144
74922431162
74922430613
74922430673
74922453012
74922456623
74922445085
74922448072
74922444562
74922442700
74922458994
74922453589
74922457746
74922445040
74922442714
74922442555
74922451905
74922453006
74922451922
74922444090
74922451601
74922456997
74922451111
74922456672
74922456013
74922453172
74922458585
74922440035
74922440444
74922456529
74922456745
74922459454
74922456533
74922450369
74922442948
74922447539
74922453317
74922451203
74922445948
74922451656
74922445913
74922443781
74922450327
74932422511
74932415601
74932422434
74932416055
74932410170
74932414695
74932418847
74932421762
74932417269
74932410903
74932410191
74932421378
74932427973
74932412783
74932418673
74932411378
74932412147
74932412235
74932411379
74932410480
74932417198
74932415421
74932423723
74932422524
74932414289
74932410239
74932428867
74932413049
74932415295
74932417510
74932410557
74932414150
74932425597
74932415151
74932415041
74932429999
74932422742
74932427797
74932424926
74932417863
74932413861
74932428417
74934322502
74932426192
74932415088
74932415029
74934322465
74934321840
74934322451
74934321743
74934322609
74934326702
74934325359
74934325727
74934321784
74934325298
74934322535
74934323954
74934324379
74934321644
74934326131
74934322894
74934321281
74934324020
74934323402
74934321818
74934321860
74953690207
74934323428
74934322678
74953690002
74934322286
74934322099
74953691276
74953690063
74953691336
74953696953
74953694006
74953695229
74953690990
74953695800
74953690243
74953690047
74953694907
74953696854
74953691524
74953692664
74953696947
74953691790
74953691639
74953696949
74953694925
74953690809
74953690850
74953691758
74953692255
74953691318
74953693087
74953695067
74953692665
74953690772
74953690017
74953695745
74953691038
74953699060
74953691690
74953693396
74953696047
74953691900
74953696810
74953693307
74953694260
74953693015
74953695074
74953690770
74953696979
74953692385
74953695390
74953692673
74953694864
74953691088
74953691827
74953690530
74953699560
74953690935
74953691440
74953690234
74953690003
74953691978
74953692599
74953699564
74953690044
74953691896
74953695395
74953695364
74953690407
74953695784
74953695342
74953690890
74953692230
74953694164
74953695372
74953691599
74953695877
74953691600
74953691609
74953699018
74955414745
74955410023
74955415966
74955418298
74955419653
74955411135
74955411355
74955414361
74955414266
74955418903
74955412918
74955415366
74955414304
74955410945
74955411935
74955415833
74955413700
74955413232
74955414933
74955416953
74955416811
74955415100
74955412500
74955412825
74955412514
74955419400
74955415176
74955417637
74955417770
74955416920
74955977408
74955977190
74967967440
74955987254
74955988743
74955991112
74955987961
74955977130
74955987900
74955987852
74955994468
74955988770
74955987097
74955977905
74955997240
74955987250
74955992148
74955978864
74955986205
74955987655
74955985977
74955981018
74955987527
74955999047
74955985148
74955985178
74955981648
74955998853
74955987283
74955987293
74955987222
74955988500
74955990011
74955985431
74955998132
74955988510
74955990603
74955985175
74955987942
74955987878
74955975807
74955977415
74955987026
74955983583
74955995326
74955984570
74964166280
74964166262
74964139247
74964151545
74964152485
74964141320
74964141785
74964147001
74964150527
74964141197
74964167786
74964166201
74964141786
74964140723
74964150333
74964148843
74964145249
74964140498
74964148466
74964141282
74964137019
74964139254
74964142607
74964166357
74964140065
74964138901
74964166173
74964151359
74964142738
74964145410
74964168341
74964166170
74964166106
74964142348
74964142517
74964622569
74964612451
74964618385
74964616102
74964618554
74964615608
74964615075
74964623622
74964616333
74964623077
74964619526
74964615957
74964610149
74964611752
74964617337
74964618484
74964610144
74964612263
74964621610
74964622022
74964621784
74964620437
74964623295
74964617738
74964621984
74964617545
74964611000
74964623394
74964617515
74964616038
74964621006
74964616958
74964619595
74964610202
74964610160
74964619297
74964610471
74964611286
74964618282
74964610064
74964622485
74964615578
74964616601
74964621095
74964617116
74964614119
74964621083
74964617900
74964622487
74964621401
74964614283
74964610255
74964618117
74964616724
74964679190
74964670454
74964673700
74964621012
74964669465
74964669539
74964670007
74964672784
74964665675
74964676986
74964674140
74964675115
74964674501
74964672940
74964677548
74964664665
74964670636
74964664868
74964668597
74964672129
74964677869
74964667575
74964678833
74964671177
74964668839
74967968210
74967961574
74967963810
74967963599
74967965924
74967963849
74967968484
74967968802
74967961758
74967963558
74967962334
74967965324
74967965597
74967964588
74967967736
74967967639
74967963263
74967969270
74967962974
74967965202
74967967745
74967961014
74967960009
74967961405
74967964254
74967964455
74967961891
74967962504
74967967061
74967967111
74967694536
74912286207
74822453968
74932425436
74875460958
74953693335
74875461943
74967697403
74955419665
74875463152
74822446281
74914145201
74955416257
74955980297
74822452640
74955998343
74934326104
74914142610
74964672846
74955987803
74964139600
74964671080
74955416001
74955418989
74955419980
74964126334
74967699367
74964678698
74922432429
74922432546
74967969494
74934322335
74932416128
74964677639
74964615874
74934321572
74922453019
74912289235
74964114468
74964669631
74964125454
74912280228
74912960888
74964611133
74953694700
74955983371
74932427798
74953690963
74934322873
74912964519
74914145269
74912287908
74964617770
74955419724
74967697125
74964620141
74922441646
74955987920
74964166086
74964678050
74922431861
74875462172
74955418784
74912279529
74964673382
74875461664
74953690377
74914145162
74955417821
74964140500
74953693392
74822449411
74914141233
74964616337
74964617700
74955986500
74914145938
74955987155
74953692154
74953692214
74914142242
74953696910
74875463628
74912962082
74953691245
74875461962
74934322202
74964163650
74964150939
74912964963
74922444951
74964618080
74912271540
74955987125
74822452897
74932417809
74955984646
74922453305
74955983559
74922446464
74955988147
74964113600
74967965933
74922547185
74922532349
74922532648
74922544114
74922521907
74922530437
74922535756
74922533608
74922522296
74922522802
74922523697
74922544674
74922533330
74922520540
74922522979
74922533034
74922534870
74922533725
74922541413
74922521900
74922520580
74922530181
74922531597
74922529981
74922531991
74922532928
74922536642
74922522988
74922532225
74922531603
74922535842
74922530535
74922520648
74922530593
74922530035
74922530722
74922540459
74922532151
74922545189
74922543687
74922534361
74922533488
74922522939
74922543345
74922545019
74922534727
74922529952
74922542449
74922549041
74922533548
74922541600
74922540275
74922522302
74922532744
74922529887
74922530465
74922535751
74922540266
74922546017
74922533730
74922545999
74922535778
74962594014
74962596312
74922530469
74852501393
74962598898
74922533897
74922523598
74922530861
74922532810
74922523080
74922530514
74922531354
74922533920
74842744630
74842705053
74842701558
74842702014
74842708221
74842719427
74842725689
74842701212
74842718145
74842725857
74842749156
74842705432
74842719359
74842736553
74842716701
74842744077
74842719819
74842702058
74842719704
74842744781
74842749484
74842726220
74842719353
74842716514
74842725687
74842734340
74842701145
74842725815
74842719791
74842719964
74842744135
74842722691
74842742666
74842744072
74922530527
74922531064
74922541070
74922552349
74922558040
74922542843
74922548464
74922540297
74922533550
74922542458
74922540611
74922520562
74922530147
74922534230
74922545001
74922542492
74922530165
74922532686
74922533495
74922529569
74922529894
74922537967
74922545349
74922535493
74922532059
74922545719
74922530651
74922525261
74922530679
74842701906
74922532934
74922530052
74922532676
74842723477
74922537954
74842700782
74842718190
74842725532
74842715760
74922523532
74842741190
74922548652
74842747069
74842706080
74842715693
74922545923
74842725863
74842721590
74842705532
74842745161
74842701012
74842702718
74842725803
74842719229
74842701127
74842718254
74842706012
74842700012
74842746240
74842714099
74842713261
74842738573
74842719047
74842731811
74842714969
74842715133
74842702179
74842705068
74842733429
74842742125
74842702007
74842715735
74842722329
74842717615
74842723121
74842705436
74842713575
74842716432
74842719327
74842748139
74842719016
74842719726
74842735716
74842718628
74842713841
74842713759
74842740056
74842730992
74842744083
74842723271
74842745510
74842701093
74842701518
74842701578
74842714206
74842718182
74842749671
74842713818
74842725927
74842718573
74842734829
74842745745
74842729019
74842724258
74842720701
74842700181
74842714039
74842718625
74842701945
74842719096
74842716507
74842741253
74922540292
74922545243
74922525302
74922536579
74922534295
74922548878
74922533252
74922530432
74922552423
74922544425
74922530375
74922520666
74922531612
74922530629
74922535921
74922527197
74922538749
74922535919
74922533906
74922535781
74922542395
74922532325
74922545610
74922528332
74922545546
74922536844
74922530700
74922541024
74922534233
74922541646
74922529576
74922535683
74922541540
74922545550
74922542872
74922530882
74922536127
74922531994
74922537603
74922524162
74922545938
74922552553
74922552272
74922535752
74922530281
74922545740
74922547208
74922533441
74922540598
74922533981
74922542964
74922522146
74842719733
74842702432
74842711590
74842740107
74842719973
74842701561
74842719246
74842744066
74922530569
74922522795
74922543503
74842733668
74842701024
74842744655
74922531542
74922533484
74842725653
74922522427
74922542735
74842718586
74922530909
74842742334
74842731667
74842720972
74923121763
74955987041
74912255568
74964123963
74923440189
74912288001
74955993325
74912265157
74842726539
74923123471
74934121287
74912264889
74964161910
74912252546
74964147540
74964113676
74912256341
74964136703
74923721893
74955987385
74964166072
74912288236
74957241276
74955873338
74842738601
74955417411
74912289501
74912283636
74957245340
74964145133
74934120829
74955875132
74955871574
74955982310
74955878740
74986973049
74964153600
74932413804
74842700542
74875461171
74922451652
74934121688
74955413711
74922448020
74934122819
74842702771
74955414733
74955875161
74922444965
74923120511
74934120282
74872773260
74922456899
74955985373
74986978141
74912257586
74912265086
74873557005
74932418256
74922458060
74955987112
74964144504
74964145887
74935141026
74955870280
74955415732
74912281173
74912275690
74912280097
74912266135
74912290291
74912283006
74912275381
74912272199
74912290139
74912289243
74912270136
74912280007
74912277067
74912290485
74912290594
74912272793
74912284305
74912273008
74912274839
74912279740
74912288549
74912279546
74912282049
74912266275
74912266587
74912270156
74912287860
74912271801
74912270319
74912271098
74912280245
74912286224
74922456888
74922459411
74912290698
74922451596
74922450975
74922442478
74922456255
74922440152
74922447425
74922445828
74922442660
74922444741
74922453406
74922453301
74922443790
74922456654
74922444099
74922453037
74922453018
74922457074
74922456909
74922451731
74922451779
74922444222
74922450349
74932418125
74932423419
74932416320
74932410791
74932426835
74932423353
74932418602
74932412250
74922450825
74932410348
74932418950
74932414123
74932417857
74932412766
74932411080
74932418056
74932415492
74932414803
74932425087
74932417304
74932415296
74932427580
74932416290
74923123888
74932410251
74932418801
74932416995
74932414055
74932427781
74923123506
74923123768
74923124309
74923124600
74923121583
74923122193
74923720098
74923121418
74923721991
74923120220
74923434087
74923420502
74923421696
74923422627
74923432033
74923420666
74923446852
74923424776
74923432383
74923447000
74923441123
74923436313
74923437176
74923446838
74912219999
74912212707
74912210768
74923446411
74912257382
74912252345
74912265150
74912250508
74912250795
74912253220
74912265102
74912252600
74912257425
74912265125
74912265190
74912259520
74912256010
74912257338
74912252235
74912265211
74912250100
74912252831
74912265045
74912265184
74934122036
74923723792
74934120660
74923720693
74923723881
74923721913
74923722611
74923723410
74842713297
74842732427
74842705442
74842726266
74842715763
74842701533
74842701236
74842702033
74842718083
74842746770
74842714937
74842737087
74842718280
74842705011
74842727129
74842715715
74842701016
74842733323
74842701964
74842732291
74842702732
74842715128
74842719507
74842707186
74842705318
74842721870
74842749139
74842718143
74842705010
74842702780
74842713801
74912214868
74912211021
74912213131
74842718530
74934122442
74934121872
74934120381
74934123030
74934121380
74912214295
74934122957
74934122228
74934121899
74934121133
74934122259
74934122374
74934121204
74934122699
74934121360
74934122491
74934120457
74935147447
74934121714
74935143671
74934121124
74934120133
74934122959
74934120022
74964115955
74955412154
74964126261
74955411614
74955412143
74955412506
74955414760
74955410125
74955411885
74955412337
74955992379
74955984278
74955977602
74955987224
74955997812
74955987402
74955983002
74955987398
74955981253
74955984301
74955981181
74955989976
74955995345
74955987006
74955989212
74955987099
74955996170
74955976858
74955987433
74955981274
74955985433
74955983258
74955983246
74955980270
74955984591
74955981304
74955980180
74955982960
74955987637
74964166286
74964166137
74964162981
74964162061
74964138900
74964151577
74964136757
74964139300
74964140458
74964153427
74964617542
74964166492
74964670100
74964678283
74964670027
74964674646
74964669313
74964677268
74964163091
74964679191
74964679154
74964679731
74964673112
74964665877
74964671204
74964672002
74964665880
74964678563
74964679018
74964669978
74964670507
74964678087
74964666699
74957248569
74957240183
74957245303
74957243508
74957244414
74957241766
74957245855
74957248913
74957248243
74957240010
74957247421
74957241480
74957245950
74957247617
74957242642
74957249820
74957246635
74957248123
74957244220
74957241562
74957248724
74957248719
74957242744
74957248402
74955874024
74957246306
74955874239
74955874237
74955870130
74955870357
74955871067
74955875011
74955878037
74955874151
74955870136
74955875117
74955878752
74955874271
74955874435
74955871442
74955870063
74955874426
74955870356
74955875451
74955871084
74955875092
74955872958
74955875367
74955873364
74955876035
74955870111
74955876044
74955878742
74955875270
74955875052
74955872737
74955873069
74955872442
74955870342
74955870250
74955872450
74955876034
74955874400
74955875352
74955877123
74955871008
74955872696
74955878738
74955876052
74955879799
74955877779
74955875269
74955871019
74955874455
74955877736
74955871148
74955874253
74955875350
74955874963
74955870604
74955985460
74955993681
74955987691
74955997238
74955994065
74955984041
74955987106
74955987702
74955992078
74955987478
74955981083
74955983225
74955985511
74955987940
74955983009
74955985426
74955993758
74955985971
74955987206
74955990105
74955987396
74955985992
74955982998
74955982309
74955415408
74955414722
74955419688
74955413504
74955413744
74955412929
74955415576
74955416622
74955417396
74955411171
74955416866
74955419543
74955412223
74955416910
74955418969
74955412701
74964138495
74964147128
74964166635
74964166900
74964166422
74964136971
74964166207
74964140757
74964139565
74964144013
74964150101
74964161616
74964141101
74964152146
74964166122
74964146547
74964153104
74964166984
74912270154
74912267421
74912276220
74955413511
74955410549
74955987249
74955985365
74964674476
74964665707
74986974266
74986959310
74986963960
74986958621
74967931555
74986972752
74986959329
74986962020
74986964026
74986973330
74986963006
74986974176
74986963904
74986974493
74986958594
74986964188
74986974012
74967936385
74967937079
74967932931
74967931586
74967937033
74967938212
74967932006
74967934699
74967930325
74967932876
74967930715
74967931260
74967935202
74967935240
74967937745
74967930102
74967935376
74967930520
74922771486
74967934308
74922779536
74967930469
74922770318
74922773425
74922771087
74922773189
74922771675
74922777550
74922770307
74922778008
74922779494
74922779443
74922778821
74922773873
74922779828
74922779518
74922777600
74922778152
74922778127
74922773327
74922771791
74922771491
74922770160
74922771861
74922770033
74922770409
74922779895
74922778992
74922778025
74922771851
74922771442
74922770157
74922771660
74922771907
74922778387
74922771230
74922771905
74922778337
74922771427
74922771850
74922778913
74922778732
74922773806
74922778229
74922779694
74922771117
74922779184
74922773928
74922778342
74922770349
74922777829
74922778636
74822722176
74922779910
74922773979
74922771721
74922771231
74922771574
74922771900
74922773896
74822723321
74822726474
74822724902
74822721213
74822725365
74822726439
74822720726
74822723166
74822723415
74822720155
74822720374
74822724342
74872773021
74872773332
74872778617
74872770118
74872774215
74872777119
74872770644
74872777440
74872770077
74872770088
74872770567
74872778717
74872770373
74872770129
74872775230
74872770167
74872777374
74872770594
74872770519
74872770569
74872778109
74872774982
74872770151
74872770126
74872774320
74962597779
74962593417
74962595349
74962594918
74962593968
74962592666
74962599964
74962598747
74962595617
74962592365
74962595901
74962592695
74962597170
74962596897
74962599683
74962595370
74962596425
74962597916
74962594501
74962591445
74962593740
74962596625
74962592506
74962599252
74962591414
74962599867
74962595350
74875463951
74962597688
74875464887
74875463857
74875465915
74875460266
74875461865
74875461105
74875466214
74875466218
74875463233
74875460492
74875465110
74875460533
74875467285
74875465266
74875460869
74875460802
74875464675
74875461056
74875461345
74875464742
74875460957
74875461961
74875460953
74852498859
74852502582
74852499636
74852498404
74852513742
74852512841
74852518929
74852498606
74852498647
74852503442
74852505650
74852501167
74852513212
74852515280
74852499342
74852511718
74852502858
74852501936
74852510287
74852498476
74852502479
74852500084
74853539907
74853540638
74853545345
74853549127
74853541348
74853542101
74853542471
74853545627
74853542411
74853548501
74853543511
74853546161
74853546442
74853539335
74853548830
74853539453
74873553616
74873553574
74873557761
74873559773
74873559631
74873554233
74873557502
74873559341
74873552409
74923724965
74873559654
74875468116
74964615496
74955412180
74872771036
74912214196
74955988528
74964141011
74932424338
74964149551
74955985719
74967930213
74842718151
74932426903
74934123025
74922773075
74957243850
74955985825
74922773366
74932411569
74912279595
74842719890
74986971329
74967933676
74962596006
74955978192
74853541853
74842736269
74923432442
74962591670
74964142393
74955987729
74955871121
74934120267
74842719778
74967936170
74955987014
74955417779
74872778744
74957242496
74842719572
74964139231
74955993271
74955871041
74955984276
74955987327
74842739041
74932414458
74957249125
74957240372
74964142435
74842719146
74957244458
74957240406
74922779595
74922444445
74934120823
74955977888
74955982198
74922778252
74912211541
74964136888
74912254035
74922452849
74955872600
74964665668
74923721112
74842715008
74842701214
74842748039
74964161884
74842726478
74934120506
74842715706
74842719728
74932424320
74934121957
74912288240
74955874067
74912254645
74875460600
74922443098
74923720211
74912278262
74873557777
74912252327
74842714949
74912288258
74922450045
74964141480
74955985191
74932411636
74934121432
74923434000
74912277635
74964167311
74957244798
74873559192
74872770520
74872774225
74957249910
74842744093
74853546785
74873554123
74922773871
74872773057
74922447756
74872773466
74964139211
74853548533
74852518149
74962590347
74964166167
74872776677
74852498041
74922773847
74822724142
74962593670
74912270642
74955987330
74955875014
74955412906
74986959041
74955415543
74842721604
74873554669
74964168126
74842702168
74957245086
74922443725
74853546141
74853544244
74962594394
74962597453
74822722192
74872777120
74962594492
74853539507
74853548260
74922778679
74964140450
74822453733
74822448629
74964116929
74842766605
74842767333
74842766824
74842766670
74842766655
74842766839
74842766682
74842767369
74842768205
74842768465
74842766687
74842550295
74967697451
74967697107
74967696909
74967692305
74967699534
74967699352
74967699837
74967699867
74822449228
74822449493
74822452019
74822453588
74822449373
74822453540
74822449932
74822445534
74822452680
74822451674
74822452501
74822444539
74822446572
74822453811
74822452203
74822452637
74822452752
74822453762
74822453578
74822452764
74822452608
74822453611
74822458398
74822457302
74822452301
74822446005
74822458028
74822449392
74964110225
74964123027
74964111077
74964121214
74964125554
74964120648
74964123309
74842768187
74842766820
74842766822
74842767176
74842768596
74842766661
74842767152
74842766826
74842766662
74842767065
74842767324
74842768204
74842767370
74842766816
74842767368
74842767337
74842768040
74842766698
74842767629
74842766602
74842766630
74842766835
74842767637
74842767634
74842766815
74842766807
74842766850
74842766855
74842768934
74842766842
74842767489
74842766833
74842767220
74842767289
74842766666
74842767626
74842767628
74842766660
74842766891
74842766800
74964120660
74967691306
74967699768
74822444483
74822452377
74842766641
74822448871
74964120536
74964114346
74822444588
74822452434
74842766614
74964110323
74822443879
74964125252
74964123588
74964125000
74822444060
74967699844
74967699919
74967697482
74967697044
74967697504
74967690386
74967697526
74967696162
74967692473
74967692084
74967691531
74967696932
74967693111
74967692113
74967699380
74967697000
74967691137
74967691994
74967697417
74967692748
74967693599
74967697089
74967699247
74967697095
74822451597
74822450308
74822450520
74822453821
74967694904
74822452634
74822453863
74822445881
74822450888
74822448847
74822452108
74822452091
74822452622
74822452711
74822453764
74822451131
74822446218
74822452781
74822450164
74822452607
74822453712
74822453649
74822451302
74822452427
74822446463
74822453690
74822453795
74822452213
74822453646
74822444389
74822452675
74822452491
74822452429
74822446623
74964125872
74964119037
74964113333
74964116320
74964131871
74964126149
74964121091
74964131055
74964112420
74964122492
74964116331
74964121874
74964110460
74964110852
74964120661
74964116941
74964123901
74964113516
74964114903
74964118707
74964116526
74822452253
74822444643
74967695796
74964127584
74964122809
74822453571
74822444076
74964124315
74967694163
74967699800
74822453939
74964120740
74964110111
74967689292
74997177941
74957244174
74922538986
74957245463
74957247094
74997178283
74822564093
74997176873
74922535061
74984842742
74955979299
74997175007
74957931700
74957240318
74997173606
74957936841
74964167937
74957249760
74957247912
74984844501
74962599724
74962597786
74962594174
74852503780
74962592209
74852510331
74852498112
74852504284
74852518018
74852512797
74852501068
74852502686
74935145775
74935149714
74853545318
74955412661
74962599800
74935142298
74955411019
74955416387
74955411759
74875463526
74962594842
74986965749
74986959464
74986963632
74875465742
74852519571
74962591034
74986976914
74875461790
74962599848
74962590420
74875463091
74875466363
74852519806
74852514306
74955416007
74955413234
74962592415
74962598852
74962598689
74962590865
74962595299
74962594860
74962590589
74852501605
74852499115
74852517394
74852519403
74852519375
74852502921
74852501175
74962590175
74962595366
74962591398
74852498876
74962593113
74955415110
74955413624
74955413362
74955411961
74955415180
74986959711
74986978516
74955410181
74955411386
74955418188
74986976092
74986978172
74986963431
74986958682
74962594854
74962593229
74962595656
74962597493
74875462694
74852500697
74852504268
74852510022
74852499393
74852505013
74853545332
74853539447
74853549269
74853545316
74853539048
74853541140
74986976837
74852498301
74852499293
74962594092
74957246603
74852506010
74822559095
74957245758
74957240870
74842722182
74842725114
74842724773
74842725393
74842737775
74842719846
74842734179
74842720549
74842725869
74842749988
74842744431
74957249112
74957247512
74957244253
74957243023
74957248601
74957247944
74957240643
74964140103
74964166688
74964168186
74964139696
74964152213
74964150999
74964149201
74964166115
74997179355
74997175747
74964139511
74984844768
74984848894
74984847806
74984845463
74984840838
74984842609
74932375534
74984848214
74984849717
74932371789
74932374485
74957938103
74957936766
74957930044
74957937602
74922536256
74922529931
74922548772
74922531708
74922535531
74922536092
74922532683
74822556681
74822550042
74822555671
74822556367
74822551241
74822561049
74822558166
74822554397
74852498857
74957245458
74922530766
74842722908
74842745651
74922532923
74875463001
74932370038
74842717096
74957245364
74957939713
74964165406
74922532206
74957933879
74842725924
74922548861
74922530422
74842730962
74842733567
74922537176
74875462061
74875463626
74964166605
74964139445
74842715144
74842749220
74842711596
74842726309
74842745174
74964146143
74964161138
74964167080
74984838731
74964147625
74964161885
74984848971
74984847154
74922540878
74922547573
74922547841
74922523900
74922533843
74922536570
74922548782
74922534282
74822551739
74822551820
74822555148
74822559326
74822561735
74822557260
74842740310
74922530106
74822557071
74852516874
74822563149
74964145501
74852505067
74842736552
74842722944
74922539469
74842708229
74922529332
74842718033
74842715727
74922542450
74842716349
74842713929
74842741466
74922533557
74964678111
74842724054
74964148008
74822559710
74842731886
74822558863
74922531343
74955419992
74922531213
74922541042
74842718214
74922544193
74922541291
74922540317
74922522426
74822551993
74922523558
74922521402
74822565663
74922541614
74822562536
74922530762
74922530363
74842729229
74842728013
74842730862
74922547005
74922520672
74922530561
74842719672
74842714081
74842715771
74842715783
74842748342
74852514145
74842719662
74842701007
74842716131
74842719183
74842718520
74842730872
74842705009
74842701907
74842731349
74842722447
74842716238
74842714124
74842718108
74842715072
74842723727
74842718418
74842714128
74842741292
74842701107
74842722466
74842701006
74842733666
74842737707
74922531847
74922539383
74922540279
74922545220
74842724096
74842711501
74842728621
74842723569
74842741129
74842744102
74842718246
74842718104
74842701020
74842708253
74842714947
74842702782
74842730682
74842719404
74842716163
74842719485
74842726820
74842715731
74842725928
74842713000
74842701010
74842719478
74842719129
74842741167
74842736883
74842719453
74842702350
74842715740
74842719330
74842719133
74842749237
74842724044
74842712580
74842742682
74842725638
74842731851
74842713586
74842725914
74842705330
74842713634
74842702051
74842739079
74842712570
74842713803
74842749688
74842705582
74842748276
74842745434
74842721722
74842724553
74842715696
74842714936
74842749053
74842701009
74842738717
74842749670
74842713817
74842725645
74842705441
74842719775
74842713381
74842701934
74842726451
74842742540
74842725907
74842719128
74842723026
74842749189
74842720233
74842716400
74842718286
74842719582
74842743009
74842741792
74842725714
74842702430
74842701912
74842715103
74842730273
74842742401
74842730538
74842748715
74842749187
74842745332
74842718213
74842736222
74842718146
74842745097
74842718227
74842701021
74842732657
74842741155
74842719884
74842731246
74842717076
74842713721
74842718291
74842738823
74842719331
74842719384
74842749649
74842739265
74842734390
74842734609
74842718358
74842719515
74842704515
74842716419
74922530509
74957245841
74964115458
74842719777
74822557177
74997176255
74922447407
74955981545
74997177842
74964139221
74955980377
74964139250
74842723767
74997175605
74842710898
74842718036
74842702494
74964168215
74964149278
74957248031
74957242462
74957248602
74964163522
74957248688
74964150612
74957249778
74955987617
74957245780
74955985038
74957241762
74964139656
74964142700
74962590564
74962594229
74852513863
74957240199
74955998967
74957245614
74962598361
74964166666
74955984429
74852498297
74964166927
74964137995
74955987697
74964146317
74997171125
74932471131
74997178132
74997174069
74932370442
74997179861
74822561673
74822553381
74822555243
74955987989
74964166774
74957245999
74964142913
74957249817
74957240327
74957242949
74964145084
74842718537
74957244383
74964167795
74964166184
74957249647
74955987835
74852503337
74964139291
74957248023
74964163643
74957249513
74842744512
74842715732
74842705510
74842748436
74842733860
74842713230
74842714086
74842727912
74842719883
74842728525
74842749284
74842715672
74842701970
74842700796
74842728124
74842733367
74842738101
74842746960
74842713308
74842738726
74842714968
74842719450
74842742064
74842725872
74842726567
74842713380
74842713640
74842714667
74842749715
74842749706
74842725909
74842706444
74842725798
74842701126
74842714065
74842748587
74842725902
74842738005
74842725756
74955976559
74842708268
74842712539
74842743795
74955987169
74842739304
74955987846
74955984666
74955987383
74842748285
74955998323
74955987505
74955985722
74955984446
74955980872
74955994489
74955987025
74955998509
74964153597
74955987980
74955987366
74955984145
74955981236
74964163885
74964145255
74964142648
74964153828
74964152382
74964140901
74964166451
74964146226
74964142151
74964166568
74964137007
74964147712
74964163538
74964137081
74964161739
74957240533
74964150003
74957243777
74957248240
74957241292
74957240303
74957245418
74957242848
74957242606
74957242931
74957241049
74957247719
74957248764
74957244969
74957247817
74957240149
74957244100
74957248995
74957242139
74957243001
74957247703
74957243087
74957244290
74957245053
74957245861
74957246645
74957241677
74957249984
74957243665
74957242979
74957243818
74957248369
74957248471
74957240567
74957248947
74957247545
74957249384
74957246010
74957247980
74957245437
74957248364
74957242091
74957246992
74957240626
74957243228
74957248904
74957243245
74957249487
74957240319
74957242497
74957245336
74957244788
74957243053
74957242833
74957245940
74957248207
74957246363
74957248490
74957240498
74957244320
74957245632
74957246777
74957245795
74957243727
74957243801
74957245484
74957240147
74957240277
74957241277
74957240343
74957246751
74957248673
74957246920
74964166468
74957247548
74957245046
74957249898
74957244161
74955988838
74955987597
74955985994
74964146087
74955984749
74955990402
74955981034
74955984157
74955989811
74955989458
74955987788
74955987479
74955985079
74955985354
74955995254
74955987784
74955987503
74955987154
74955997340
74955987291
74955986658
74955987939
74955991369
74955997117
74955984317
74955987734
74955983069
74955986890
74955987890
74955987184
74955987761
74955982382
74955988284
74955993574
74955997568
74955984598
74955987276
74964166355
74964149455
74964166690
74964140243
74964166685
74964139246
74964148030
74964152651
74964147675
74964142792
74964166291
74964149350
74964140424
74964166205
74964152601
74964137707
74964142982
74964142801
74964166293
74964161952
74964151311
74964145293
74962595033
74962599452
74962595705
74962599781
74962596037
74962590207
74964146397
74964143402
74962599266
74852503523
74962595506
74962598291
74962595806
74852518633
74852518823
74852500072
74852498428
74852498499
74852498283
74852499646
74852498502
74852506036
74852510201
74852505734
74852517575
74852518577
74852500664
74852518192
74852499659
74852502209
74852510303
74852500673
74997170586
74984846343
74997177490
74997173140
74997172230
74984843794
74997172140
74997174154
74997170875
74997178479
74997172358
74997172779
74997178864
74997170790
74997171814
74997175389
74997170276
74984840855
74997172655
74997179110
74997175218
74997171835
74997176803
74997177498
74997171396
74997179340
74997172781
74997176476
74997171608
74997170531
74997173082
74997179064
74997177163
74997173742
74997171704
74997176376
74997177663
74997175930
74997177495
74997179986
74997179051
74997179720
74997179486
74997178834
74997179784
74997170068
74997172985
74997175711
74997175325
74997176848
74997170103
74997170449
74997170310
74997173438
74997170367
74997179307
74997170815
74997173430
74997176931
74932471304
74997175471
74997170675
74997179376
74997175735
74997175624
74997173023
74997178748
74997171667
74997176087
74997174451
74997172923
74997176001
74997176239
74997171313
74997171783
74997172850
74997175988
74997176449
74997170110
74997175723
74997176156
74997175865
74997174579
74997173358
74997170490
74997170817
74997171101
74997177151
74997172807
74997170985
74997170037
74997177731
74997171964
74997171092
74997171330
74997172917
74997176566
74997175869
74997173551
74997179428
74997175779
74997174679
74997172518
74997176859
74997176689
74997176466
74997174236
74997173535
74984843758
74932375840
74984843592
74984844047
74984844602
74984842691
74984848754
74984848879
74984842172
74984842052
74984844415
74984843563
74984844740
74984847381
74984847601
74984840910
74984839079
74984842487
74984838773
74984846971
74984842260
74984839482
74984842544
74984846625
74984842000
74984845376
74984837364
74984846541
74984843729
74984839203
74984847759
74984843629
74984849970
74984847362
74984846300
74984842395
74984846931
74984844024
74932377235
74932373168
74932374562
74984844666
74984839551
74932377221
74932375068
74932373677
74932376007
74932370223
74932375959
74932373706
74932372790
74932375331
74932371713
74932375558
74932376103
74932375334
74932375385
74932372686
74932372415
74932374206
74932374866
74932376465
74932377228
74932374446
74932378857
74932372414
74932371640
74932374608
74932372871
74932471220
74932471080
74932473251
74932471643
74932473466
74932377807
74932471299
74932473173
74932471167
74932471894
74932471487
74932472157
74932473277
74932471222
74932471690
74932471617
74932471583
74932471437
74932473231
74932471029
74932471892
74932472353
74932472179
74932473253
74932472522
74932471648
74932471719
74932471995
74957930739
74957935655
74957936196
74957937366
74957930200
74957930969
74957931112
74957939490
74957939635
74957931261
74957931467
74957935277
74957937033
74957932051
74957939377
74957934765
74957939200
74957931105
74957933448
74957938401
74957930882
74957937777
74957931488
74957935084
74957933074
74957931590
74957938099
74957938406
74957936546
74957932054
74957934199
74957935488
74957938296
74957936319
74957933297
74957936477
74957937096
74922542468
74922522623
74922530605
74922544195
74922529895
74922543672
74922543585
74922535848
74922531507
74922549325
74922545441
74922529383
74922535783
74922545305
74922529513
74922531513
74922543394
74922546620
74922524160
74922522815
74922534054
74922536393
74922537004
74922546561
74922537704
74922531533
74922522751
74922538529
74922533337
74922537956
74922523555
74922544050
74922532491
74922532278
74922530388
74922533119
74922523571
74822566667
74822557789
74822550101
74822564494
74822557777
74822565026
74822565807
74822550505
74822553701
74822554938
74822561270
74822553347
74822559286
74822555191
74822555062
74822551439
74822560815
74822553054
74822555518
74822550453
74822552318
74822555670
74822556780
74822563248
74822553717
74822559109
74822553395
74822552630
74822563568
74822555159
74822555284
74822554477
74822563292
74822555207
74822557311
74822551717
74822564385
74822555654
74842719367
74957242403
74984837367
74842701602
74957939058
74984846830
74957245745
74955987117
74957242255
74997175130
74957932775
74852502517
74964144185
74964165668
74964167295
74955985727
74852499340
74955980169
74997172571
74822563308
74957243223
74842725772
74997178350
74964165146
74922531774
74964153335
74957246872
74932374093
74955987539
74962596501
74964679372
74932471653
74922522231
74922541075
74842729232
74922456959
74964123349
74957937086
74957248470
74922545753
74842749937
74957939111
74922541349
74822555841
74957243690
74852516183
74842728397
74932370927
74922532054
74822559351
74955998805
74984837890
74997179007
74842713583
74957935244
74955981670
74932471103
74922530985
74842722541
74852499548
74922522861
74922529961
74997173136
74932471463
74822558429
74997170410
74957247618
74964140231
74955999823
74964142981
74932370103
74957933054
74984848960
74955985049
74842737217
74842715100
74822554846
74932471548
74932471113
74842732388
74922543487
74957243820
74932470920
74822552311
74842716525
74957244666
74852512731
74964166361
74955991785
74922540820
74957249861
74984840775
74922522112
74964115008
74822550086
74984842538
74842733832
74932375765
74922544671
74822555006
74984847231
74957938743
74822551073
74997178048
74957936488
74955983540
74922545761
74957937280
74957249941
74964138800
74842725886
74964111026
74932374606
74852498093
74842747484
74842715129
74842713827
74842701003
74875464116
74957240547
74922778390
74923420178
74912291144
74964148769
74955985983
74912272018
74922445096
74912275199
74912287835
74912284179
74912289877
74957241414
74957242177
74955410784
74955416184
74964148721
74964166652
74912280495
74912280243
74964166881
74957241109
74962590698
74962591621
74875466480
74853541702
74873559232
74872770423
74873553121
74875460232
74957244386
74964678702
74955416009
74842713292
74873552673
74922779358
74967931909
74964160093
74986972271
74957244112
74957247244
74957240034
74967934440
74872773279
74842742618
74964119016
74932416493
74967965808
74922451488
74922456879
74922448787
74922450864
74922442444
74912965757
74964617444
74964675027
74964125753
74964125235
74922451693
74964116490
74964110672
74964674999
74964670208
74964670396
74964671610
74964674488
74935149124
74935144100
74932416418
74912960548
74912966380
74922454450
74922452161
74922456034
74923124112
74923121579
74912252828
74912257772
74912264619
74912210010
74923722717
74912265188
74912253829
74964124482
74964116576
74964126704
74955410168
74964113518
74955410422
74955410622
74964671794
74912254072
74912254212
74922451090
74967695858
74822452964
74822456640
74967696048
74822446756
74822449311
74822452409
74822452548
74822452030
74822452109
74822452114
74822453730
74822452677
74822452414
74822453614
74964110459
74964118710
74822452049
74822450760
74822451427
74964111333
74964120779
74964110750
74964111643
74964119000
74964120274
74964120302
74964118614
74964115884
74964116945
74964120136
74964122519
74964120088
74964120888
74912960472
74912960510
74912962061
74912966132
74912960225
74912960410
74912962942
74912963170
74912968252
74922447739
74922456923
74922447812
74922451797
74922451009
74922456927
74922444449
74922445103
74922453036
74922445013
74922443579
74922459490
74932417263
74932426427
74932421110
74922456815
74922444911
74922455964
74932410538
74932412576
74932421481
74932414202
74932419967
74932415710
74932410408
74932410043
74932429539
74932415184
74932414285
74932423826
74932410932
74932416150
74932418968
74932429297
74932429292
74934326073
74934325335
74934321310
74934323151
74934325830
74934324816
74955414810
74934322984
74955411877
74955415411
74955414469
74955411011
74955419623
74955415356
74955416505
74955413576
74955411357
74955411985
74955418163
74955416968
74955412075
74955413014
74964621270
74964621745
74955412407
74955411421
74964621385
74964621992
74967963592
74964622223
74964621475
74964619335
74964618663
74964616361
74964622473
74964617267
74964673067
74964671258
74964669899
74964668728
74964670468
74964670255
74964669204
74964667992
74967968360
74967961406
74967963759
74967965590
74967967110
74967965922
74967966319
74967967600
74967968997
74967965910
74967966010
74967965004
74967965243
74967969461
74964617061
74932415663
74964122788
74912964289
74955413800
74822448565
74912961122
74964674741
74967961080
74932418429
74934321774
74922451545
74964115039
74912209297
74912210322
74822446241
74932412127
74912960678
74964115312
74923123880
74964120737
74912255370
74922457083
74922454436
74912210938
74912265088
74912257977
74923723087
74923724666
74964124025
74964674186
74964676988
74964665934
74932411221
74932420952
74932417737
74967699648
74967693544
74967697059
74967699776
74967693924
74967697415
74967694060
74967697499
74964121801
74822450381
74822457306
74967697116
74967690880
74822444468
74822453709
74822457270
74822452200
74822449361
74822452693
74822444895
74964121680
74822445152
74822453582
74822452744
74964126685
74967692554
74967689124
74822452954
74822452226
74967694458
74822453587
74822445188
74822444188
74822452547
74822457032
74964110790
74964126711
74964124791
74964116674
74964123166
74964113569
74964121573
74964125076
74822445252
74964120002
74822448231
74955987245
74955987092
74955977686
74912279863
74912286253
74912290916
74912270326
74923439374
74923440630
74923432783
74923436014
74923433541
74923439395
74923429042
74842747550
74842707079
74842731700
74842701015
74955977989
74955992187
74955979275
74955987018
74955994358
74955987422
74955987618
74842726469
74955977639
74964161090
74964139253
74964161909
74964150744
74957242624
74957249770
74957244619
74957242374
74957246564
74957244665
74957249955
74957247297
74957244859
74955983402
74955993329
74955988913
74955412444
74955418681
74955412977
74955412660
74955410681
74955981194
74955987944
74964161525
74964150634
74986978595
74986959618
74986962514
74967935297
74967930700
74967933333
74922778130
74967938507
74967935600
74922770705
74922771500
74922771219
74922778957
74922771609
74922771212
74922771177
74922779901
74922779770
74922771084
74922778524
74922778246
74922770379
74922773458
74922779949
74922773282
74922779786
74922773073
74872777065
74822720009
74962594168
74872771041
74872770051
74872773387
74872770566
74872770263
74872770171
74872773353
74962592770
74962591465
74962590779
74962594809
74962592864
74962593166
74962594923
74962596850
74962599708
74875465793
74875464481
74875461354
74852498042
74852501331
74852500678
74852519723
74852500676
74853542512
74873554491
74873553769
74873559999
74873553673
74922456115
74922447578
74922442958
74922457043
74932427632
74932415830
74932425944
74932412720
74932415531
74964665487
74957248511
74964151008
74932420229
74872770055
74912272259
74964665997
74922453467
74842719769
74922447960
74955987367
74964121882
74875460871
74932416870
74912218894
74986973171
74957248878
74967691773
74923120625
74873554515
74955990702
74955976872
74955985753
74964142874
74957246078
74872777559
74955410020
74957240608
74912217166
74964145600
74912960977
74842708251
74962594393
74923724371
74842715762
74842734202
74957248177
74822452805
74875462800
74955412064
74842719941
74955987199
74964124083
74955976678
74934324140
74955982808
74842702010
74912253043
74957244645
74842745096
74873554232
74957240375
74912280594
74967937633
74964161014
74955987005
74912290425
74923420879
74923426926
74842719850
74923446312
74955987885
74955977198
74955985504
74955995755
74964141222
74964160308
74964139559
74957246934
74957241108
74955988393
74957241208
74957248221
74955987492
74955988421
74955418574
74955411022
74955418511
74955410961
74955412301
74955411001
74964142469
74986974315
74964166063
74986971807
74986963698
74922779920
74967932012
74922777825
74922777986
74967937533
74922771554
74967930733
74922770707
74922773965
74922771638
74922773252
74922771670
74922778034
74967931643
74922771889
74967931265
74872771789
74922770364
74872778442
74922779514
74822721960
74922777586
74922773862
74922770338
74962599442
74875461728
74875461562
74875467118
74852498477
74852501489
74852501531
74873553014
74873558313
74932415053
74932413118
74932410269
74932420453
74932426102
74932424933
74932419242
74932417464
74842705481
74922778878
74962599204
74932417858
74955984684
74842718447
74955988586
74955983617
74957249539
74955416497
74932417692
74955412056
74912290412
74842716300
74964152640
74955412800
74842706920
74873553760
74912960905
74842726221
74842732356
74842744301
74957245650
74923721132
74955988283
74955985711
74922771575
74957242145
74922778123
74923441853
74964147978
74842716240
74986962014
74955984051
74964144500
74964145026
74912290418
74955990269
74957248263
74955981611
74957244184
74955996190
74912276890
74955418207
74912290150
74955412822
74964152408
74964141454
74964153823
74912285839
74912290654
74912277117
74912274412
74923425742
74912276938
74912275920
74912281123
74912281202
74923444631
74923447406
74923448667
74923429014
74923438760
74923423925
74923448660
74923442512
74923420311
74923434197
74923439102
74923429062
74923435181
74923448444
74923444027
74842713228
74842702501
74842715110
74842701136
74842729867
74842716291
74842713294
74842718218
74842718675
74842714229
74842714701
74842714265
74842716405
74842716353
74842723997
74842719827
74842705013
74842705530
74842719206
74842713747
74842718276
74842720207
74842718194
74842701160
74842713367
74842735124
74842701541
74842734488
74842701022
74842747695
74842737894
74842702412
74842722415
74842739073
74842714215
74842727108
74842713804
74842702468
74842713837
74842746183
74842719395
74842723650
74842702180
74842733778
74842705020
74955992157
74955985441
74955987808
74955981498
74955988575
74955987187
74955990624
74955990133
74955982028
74955988902
74955992880
74955998520
74955984256
74955987660
74955979955
74955998614
74955987095
74955984079
74955994165
74955983972
74955989217
74955981056
74955976400
74955987954
74955999056
74955989108
74955977941
74955987290
74955984235
74955985438
74955995690
74955990911
74955995061
74964139668
74955976034
74964143914
74964147270
74964148773
74964167549
74964166378
74964148907
74964166282
74964166212
74964163940
74964148750
74964139312
74964146843
74964140674
74964166153
74964139664
74964146893
74964150772
74964143784
74964137205
74964166764
74964166600
74964151064
74964149823
74964166516
74957247612
74957248544
74957244946
74957243824
74957243184
74957241722
74957249185
74957247140
74957248320
74957240140
74957245360
74957246178
74957244596
74957247977
74957248625
74957246426
74957240088
74957246718
74957246400
74957240002
74957247126
74957243967
74957243851
74957243118
74957248336
74957243450
74957248998
74957246476
74957241016
74957244838
74957246108
74957246070
74957244217
74957244781
74957244413
74957241715
74957249881
74957248886
74957244292
74957245522
74957244680
74957242342
74957246786
74957249028
74955989175
74955987677
74955987916
74955998441
74955985756
74955991242
74955983335
74955985025
74955983796
74955994096
74955997338
74955987406
74955985435
74955985654
74955992521
74955996125
74955987173
74955997400
74955988900
74955989702
74955987711
74955410050
74955418924
74955411222
74955411926
74955414848
74955413133
74955412274
74955419177
74955419896
74955414365
74955415677
74955413128
74964166034
74964138789
74964166923
74964136991
74964140008
74964139930
74964166790
74964139950
74964166443
74964141582
74964166144
74964141226
74964166411
74964166453
74964166876
74964141284
74964166710
74964143663
74986963454
74986972762
74964151862
74967932542
74967931241
74986959203
74967932431
74967934582
74962590809
74922779161
74922771650
74922779607
74962594123
74962591535
74962595086
74962599044
74962598983
74962595828
74962591669
74962599272
74962592286
74962594399
74962591377
74962592755
74962599857
74962592100
74962591372
74962599743
74962590984
74962594307
74962597008
74962594024
74962596864
74962594462
74962594214
74962590418
74962598300
74962594065
74852498202
74962595238
74962590482
74962592006
74962594365
74875464067
74875464782
74875460317
74852518688
74852502752
74852519442
74852511819
74852500351
74852498156
74852498510
74852502349
74852517601
74852498374
74873554932
74873551705
74873557273
74873557032
74873551703
74932421484
74932419568
74932429603
74932419098
74932413634
74932423184
74932423026
74932417101
74932418059
74932410224
74932410129
74932424937
74932427443
74932423087
74964146428
74955417251
74955999152
74955980286
74932411527
74932410961
74932416386
74852515525
74852501298
74923431722
74955984443
74955982609
74964166478
74932425882
74955992673
74852500330
74842733634
74964153110
74842719466
74955988153
74842716101
74842715106
74964141130
74842702344
74964150583
74957245723
74955979696
74957248463
74957242866
74957249178
74955976070
74955416333
74964166557
74955987220
74955997118
74852513937
74955987966
74842740079
74957246665
74922444123
74842716454
74957245749
74875460744
74842730314
74962594550
74912286044
74842745453
74957241719
74923448057
74964146398
74957242034
74964127548
74842701134
74822454020
74957242935
74842719407
74967696570
74962597004
74955414155
74922458662
74922458700
74964110488
74964110602
74955410923
74842718210
74955418474
74964621060
74912288395
74842741149
74964123969
74955992968
74912280630
74842711598
74912962151
74957247804
74842714107
74852514062
74955977142
74964166718
74957247534
74964617751
74932415014
74957246556
74955998250
74964122527
74932422861
74962599866
74964124795
74842740176
74912287959
74964166475
74957243122
74873553604
74964666376
74842725437
74932420584
74964138588
74957246716
74912968010
74932417350
74842726793
74957249584
74842701967
74964166621
74955985724
74964147631
74964145104
74962590189
74957245592
74964143057
74822444682
74955987820
74964679005
74964150493
74955989439
74964615649
74842701974
74957241165
74957247628
74955417178
74964611151
74912968390
74842716462
74957244886
74955990381
74955984179
74873556058
74955985715
74923432193
74955996049
74957247811
74955978057
74842747936
74912964870
74912289021
74957249230
74932410913
74957242457
74964122816
74822560937
74932376463
74957244890
74842701233
74955981050
74964166368
74957249996
74955985377
74955989360
74955992030
74955985359
74955995669
74962596230
74997104007
74997177997
74984840013
74984846507
74932471376
74932471620
74932471514
74822556252
74955988170
74957248452
74997103222
74997176405
74852505009
74997178069
74932471192
74984846041
74822553514
74962592841
74922531386
74957249924
74957249826
74997171584
74957245163
74922533737
74922524098
74922456777
74932375794
74964113302
74957936513
74923426101
74997174428
74957931717
74922544679
74922545090
74957939487
74957246585
74955987659
74822564994
74957244068
74842707187
74957246802
74964161696
74842722392
74842719551
74955992917
74964151015
74957247954
74957243252
74957244702
74957246115
74955993424
74955991469
74964166079
74962590295
74852501930
74852517885
74997173268
74997171315
74997173702
74997178660
74997171493
74932470046
74932376461
74932471512
74932471130
74957931817
74957938431
74957936886
74922531546
74922532635
74922528886
74822559015
74822564653
74957243676
74922529941
74932471541
74997175789
74964150015
74957245195
74922530317
74964116059
74852498365
74957935337
74822559929
74922524220
74822556449
74923436317
74957937070
74922540376
74964166114
74922524076
74955989353
74922558103
74922522930
74957242438
74957244013
74964623008
74912968102
74912272255
74964623179
74955977850
74964115285
74964139429
74964668659
74964621552
74922444846
74932420931
74964111063
74955987143
74932424392
74955988572
74912272837
74922456677
74932419280
74967966761
74964623887
74964614627
74922450844
74922456547
74912965445
74964678507
74964165409
74967968534
74955991279
74964124245
74964153819
74967965040
74955413877
74964617287
74964140070
74912279485
74875463267
74964166569
74932420673
74922447111
74955982584
74955992547
74964119021
74932413806
74955412265
74922450751
74964615898
74955995355
74964166220
74932410088
74922451740
74922447579
74912285763
74964114505
74875462670
74912279091
74955413983
74922452573
74955998076
74922453307
74912277403
74932411644
74932410914
74912270150
74912275118
74912969999
74912962617
74922456017
74922456716
74932425756
74932419546
74932413148
74932414569
74932411495
74932420050
74932416695
74964665932
74955989164
74922445403
74964131056
74964115184
74964123418
74964113540
74955418355
74955983436
74955983356
74964610536
74964622216
74964623404
74964620091
74964620798
74964621963
74964619454
74964669771
74964665656
74964666002
74912276773
74912285168
74922441859
74912272886
74964115517
74955980986
74912289024
74964140335
74964149259
74964619394
74964125478
74912274622
74955988758
74964679900
74912963833
74932416861
74922442804
74912291517
74932421130
74935148568
74935146540
74912267144
74912282397
74912288528
74912267439
74912288243
74912288802
74912272065
74912267158
74912285613
74912272540
74912280040
74912278903
74912961455
74912961873
74912966389
74922456730
74922446844
74922457770
74922443245
74922451658
74922452548
74922450225
74922456711
74922456921
74922440044
74922459006
74932421320
74922452612
74932426380
74932412680
74932421458
74923120912
74923121855
74923120516
74923123326
74923121905
74923125105
74923123771
74923123767
74923120915
74923120154
74923121213
74923123204
74923125147
74923120035
74923122711
74923722194
74923724865
74923125155
74923123772
74923121354
74923123044
74923426167
74923447094
74923430467
74923444429
74923444236
74923441114
74912213626
74912210220
74912214160
74912211176
74912251585
74912255979
74912254201
74912255509
74912265217
74912265210
74912265200
74912255792
74912265209
74912258102
74912259945
74934120994
74912256326
74912252839
74934122016
74912250051
74912250053
74923724904
74923724804
74923723191
74923722995
74923722722
74923720569
74842721838
74842715139
74842716357
74842747368
74912215693
74912214130
74912210897
74912212809
74912212021
74912210993
74912211615
74912210397
74912215413
74912208224
74912211992
74912211091
74912207300
74934120746
74934121460
74934122905
74934122261
74934121815
74934123044
74934120390
74934121103
74934121151
74934122023
74934121096
74934120813
74934120007
74934120833
74934121841
74934123031
74934120050
74934121115
74934121619
74935143269
74935142230
74935141396
74955985887
74964127047
74964126849
74964125645
74964124625
74964120654
74964116717
74964120281
74964131051
74964113352
74964110925
74964113057
74964111311
74955410178
74955413288
74955419389
74955410803
74955416489
74955415593
74955410210
74955983440
74955987675
74955987869
74955415584
74955998221
74955988883
74955990106
74964147750
74964139627
74964168119
74964151884
74964610296
74964620620
74964611756
74964617362
74964611136
74964621856
74964617775
74964622090
74964620154
74964613543
74964676230
74964668650
74964665212
74964622460
74964675026
74964679949
74964669674
74964671398
74964679463
74964668599
74964668326
74957248797
74957240658
74957247559
74957246129
74957248444
74957249284
74957241183
74957243092
74957245021
74957241801
74957244927
74957249323
74957243725
74957241227
74957240662
74957240788
74957240366
74957248101
74955878756
74955875027
74955877304
74955874522
74955872947
74955870477
74955875184
74955874119
74955875313
74955874267
74955874414
74955879900
74955870343
74955872054
74955875179
74955874229
74955875304
74955874252
74955872535
74955875205
74955874393
74955879066
74955878017
74955878753
74955879611
74955874264
74955875175
74955877545
74955871282
74955877733
74955871000
74955991237
74955993584
74955999342
74955985708
74955986884
74955987207
74955985713
74955415640
74955410128
74955411526
74955415960
74955410522
74964163768
74964153687
74964160260
74922451649
74934122795
74955417977
74912289332
74935146365
74964616133
74923724266
74955985974
74955987976
74955870420
74957245863
74964143279
74932410019
74923723658
74934121399
74932425002
74955415711
74957240753
74923125022
74955996218
74955984582
74923125101
74957242509
74923422061
74932417662
74964151405
74842723916
74912279922
74955875119
74957245268
74842721712
74923721122
74964166534
74957240069
74912288232
74912251370
74912258603
74957244230
74923429312
74935141308
74955871731
74923121849
74842725895
74957249640
74955413296
74955877725
74912284409
74957246761
74842718261
74842729614
74922453303
74955997347
74922453138
74934122240
74957247590
74842739717
74964142818
74955987480
74822348336
74922339031
40702810700
